:020000020000FC
:040000003880006FD5
:0400010000000000FB
:0400020000000000FA
:0400030000000000F9
:0400040000000000F8
:0400050000000000F7
:0400060000000000F6
:0400070000000000F5
:04000800FC010113E3
:04000900001120239F
:04000A00005122235C
:04000B000061242349
:04000C000071262336
:04000D0000A1282303
:04000E0000B12A23F0
:04000F0000C12C23DD
:0400100000D12E23CA
:0400110002E12023C5
:0400120002F12223B2
:04001300030124239E
:04001400031126238B
:0400150003C12823D8
:0400160003D12A23C5
:0400170003E12C23B2
:0400180003F12E239F
:0400190034202573F7
:04001A00341025F386
:04001B0034302673E4
:04001C0019C000EF18
:04001D003415107313
:04001E00000120833A
:04001F0000412283F7
:040020000081230335
:0400210000C1238374
:04002200018126032F
:0400230001C126836E
:0400240002012703AB
:0400250002412783EA
:040026000281280328
:0400270002C1288367
:0400280003012E039F
:0400290003412E83DE
:04002A0003812F031C
:04002B0003C12F835B
:04002C0001012503A6
:04002D0001412583E5
:04002E0004010113B5
:04002F00302000730A
:0400300034302673CF
:04003100148000EF48
:0400320034151073FE
:04003300FADFF06F91
:04003400FD010113B6
:0400350002812623FB
:0400360003010413AB
:04003700FCA42E23D4
:04003800FE04262379
:04003900FEC4278357
:04003A000007851323
:04003B0002C12403D7
:04003C0003010113A8
:04003D0000008067D8
:04003E00FF010113AA
:04003F0000812623F3
:0400400001010413A3
:040041000010007338
:0400420000000013A7
:0400430000C12403D1
:0400440001010113A2
:0400450000008067D0
:04004600FD010113A4
:040047000211262359
:0400480002812423EA
:040049000301041398
:04004A00000000139F
:04004B00344027F323
:04004C00FEF420237B
:04004D00304027F325
:04004E00FEF4222377
:04004F00FE04270381
:04005000FE442783C0
:0400510000F777B38A
:040052000107D79338
:04005300FCF42A236C
:04005400FC042E2357
:0400550000100793FD
:04005600FCF42C2367
:04005700FD4427033A
:04005800FD84278379
:0400590000F777B382
:04005A0006078263B0
:04005B00000197B752
:04005C0023078713DC
:04005D00FDC4278334
:04005E00003797933D
:04005F0000F707B3EC
:040060000007A703EB
:04006100000197B74C
:040062002307869357
:04006300FDC427832E
:040064000037979337
:0400650000F687B367
:040066000047A78325
:0400670000078513F6
:04006800000700E7A6
:040069000000001380
:04006A00344027F304
:04006B00FEF4242358
:04006C00304027F306
:04006D00FEF4262354
:04006E00FE842703E2
:04006F00FEC4278321
:0400700000F777B36B
:040071000107D79319
:040072000200006F19
:04007300FD8427835E
:040074000017979347
:04007500FCF42C2348
:04007600FDC427831B
:040077000017879354
:04007800FCF42E2343
:04007900F79FF06F8E
:04007A00FCF42A2345
:04007B00FD44278396
:04007C00F60790E310
:04007D00000000136C
:04007E00000000136B
:04007F0002C1208317
:0400800002812403D2
:040081000301011363
:040082000000806793
:04008300FD01011367
:04008400021126231C
:0400850002812423AD
:04008600030104135B
:04008700FCA42E2384
:04008800FCB42C2375
:04008900FCC42A2366
:04008A00FDC4270387
:04008B00800007B733
:04008C0000F777B34F
:04008D00FEF4242336
:04008E00FDC4270383
:04008F00800007B72F
:04009000FFF787935C
:0400910000F777B34A
:04009200FEF426232F
:04009300FE8427833D
:04009400080788636E
:04009500FEC427037B
:04009600003007939C
:0400970004F7006307
:04009800FEC4270378
:040099000070079359
:04009A0006F71263F0
:04009B00000197B712
:04009C001C47A783D3
:04009D00080782636B
:04009E00000000134B
:04009F00000197B70E
:0400A0001C47A783CF
:0400A100FD442603F1
:0400A200FD84258331
:0400A300FDC4250370
:0400A400000780E7EA
:0400A5000000001344
:0400A6000600006FE1
:0400A700000197B706
:0400A8001C07A78307
:0400A90004078E6357
:0400AA00000000133F
:0400AB00000197B702
:0400AC001C07A78303
:0400AD00FD442603E5
:0400AE00FD84258325
:0400AF00FDC4250364
:0400B000000780E7DE
:0400B1000000001338
:0400B2000380006F58
:0400B300FEC427035D
:0400B40000F00793BE
:0400B50002E7FA6301
:0400B600E41FF0EF64
:0400B70002C0006F14
:0400B800FEC425035A
:0400B900DEDFF0EFA7
:0400BA0000050793A3
:0400BB000207906345
:0400BC00E09FF0EFE2
:0400BD000180006F4F
:0400BE00000000132B
:0400BF000100006FCD
:0400C0000000001329
:0400C1000080006F4C
:0400C2000000001327
:0400C300FD8427830E
:0400C4000007851399
:0400C50002C12083D1
:0400C600028124038C
:0400C700030101131D
:0400C800000080674D
:0400C900FE01011320
:0400CA0000112E23D0
:0400CB0000812C2361
:0400CC000201041316
:0400CD00000157B720
:0400CE006607851329
:0400CF0030C020EF2E
:0400D000000307B76B
:0400D1000407879306
:0400D2000007A783F9
:0400D300FEF42223F2
:0400D400FE4427833C
:0400D500FEF42423EE
:0400D600FE842583FC
:0400D700000157B716
:0400D80067478513DE
:0400D900164020EFBE
:0400DA00FE842783F6
:0400DB00FEF42623E6
:0400DC00000307B75F
:0400DD0005078793F9
:0400DE00FEC4270332
:0400DF0000E7A02373
:0400E0000000001309
:0400E100FBDFF06FE2
:0400E2000000029781
:0400E300C9828293B9
:0400E4003052907393
:0400E50008800293FA
:0400E6003002B073C1
:0400E7003040107322
:0400E800344010731D
:0400E90000018197FA
:0400EA00D0818193AD
:0400EB0000020117F7
:0400EC00C5410113F6
:0400ED000001931764
:0400EE00E0C3031355
:0400EF0000019397E2
:0400F0001E43839395
:0400F10000032023C5
:0400F20000430313B1
:0400F300FE736CE349
:0400F4000C8000EF8D
:0400F500000163178C
:0400F600C2C303136B
:0400F700000163970A
:0400F800C2438393E9
:0400F90000737863B5
:0400FA0000032023BC
:0400FB0000430313A8
:0400FC00FE736CE340
:0400FD000001629705
:0400FE00C0C2829367
:0400FF000001631782
:04010000C0430313E2
:0401010000016397FF
:04010200BFC3839361
:040103000062FC6337
:040104000002A483CE
:040105000093A023A0
:04010600004282939E
:04010700004383939B
:04010800FE62E8E3C8
:040109000001621778
:04010A00BDC202135D
:04010B000E0000EFF3
:04010C000000006F80
:04010D00FE010113DB
:04010E0000812E231B
:04010F0002010413D2
:04011000FEA4262300
:04011100FEB42423F1
:04011200FEC42223E2
:04011300FE8427033C
:04011400FEC427837B
:0401150002F70A6380
:040116000240006F34
:04011700FEC42703F8
:040118000047079302
:04011900FEF42623A7
:04011A00FE842783B5
:04011B000047869380
:04011C00FED42423C6
:04011D0000072703AD
:04011E0000E7A02333
:04011F00FE84270330
:04012000FE442783EF
:04012100FCF71CE3E8
:0401220000000013C6
:0401230001C12403EF
:0401240002010113C0
:0401250000008067EF
:04012600FF010113C1
:04012700001126237A
:04012800008124230B
:0401290001010413B9
:04012A00000187B792
:04012B008E078613A2
:04012C00000167B7B0
:04012D0000078593AF
:04012E00000187B78E
:04012F008E0785139F
:04013000F75FF0EF96
:04013100324006133F
:04013200020005932F
:0401330002000513AE
:04013400F65FF0EF93
:04013500000167B7A7
:040136000007861325
:04013700000157B7B5
:04013800660785933E
:04013900000157B7B3
:04013A0066078513BC
:04013B00F49FF0EF4E
:04013C005CD000EFA4
:04013D007F9000EFC0
:04013E0000000013AA
:04013F0000C1208358
:040140000081240313
:0401410001010113A4
:0401420000008067D2
:04014300FE010113A5
:0401440000112E2355
:0401450000812C23E6
:04014600020104139B
:04014700000005139C
:04014800074000EF7D
:04014900000000139F
:04014A000A4000EF78
:04014B00000157B7A1
:04014C0068C78613E7
:04014D00000157B79F
:04014E0068C7859366
:04014F00000157B79D
:0401500068C78513E4
:04015100270010EF84
:040152006E5000EFFC
:04015300000017B7DA
:0401540048C7851300
:04015500159010EF02
:04015600000197B756
:040157001C87A70357
:04015800000197B754
:040159001CC7A68396
:04015A00000197B752
:04015B001D07A78352
:04015C0000078613FF
:04015D000006859380
:04015E00000705137E
:04015F00DA9FF0EF44
:04016000FEA42623B0
:040161000010051372
:04016200768020EF94
:04016300FEC42503AE
:04016400131010EF75
:04016500FE01011383
:0401660000112E2333
:0401670000812C23C4
:040168000201041379
:04016900FEA42623A7
:04016A0056C010EF7C
:04016B000080079376
:04016C003007A07345
:04016D00000000137B
:04016E00000000137A
:04016F0001C1208327
:0401700001812403E2
:040171000201011373
:0401720000008067A2
:04017300FE01011375
:0401740000112E2325
:0401750000812C23B6
:04017600020104136B
:04017700000006136B
:0401780000000593EB
:04017900000167B763
:04017A000287851360
:04017B001E0000EF73
:04017C00000167B760
:04017D0000078513DF
:04017E0050D000EF6E
:04017F003E80079324
:04018000FEF4262340
:04018100000197B72B
:040182001D87A783AB
:0401830000079A6374
:04018400000197B728
:04018500FEC427038A
:040186001CE7AC23A3
:040187000080006F85
:040188000000001360
:04018900000027B794
:04018A00D847879338
:04018B00FEF4242337
:04018C00000197B720
:04018D00FE842703C2
:04018E001CE7A223A5
:04018F000000001359
:040190007F0010EFED
:040191000000001357
:0401920001C1208304
:0401930001812403BF
:040194000201011350
:04019500000080677F
:04019600FD01011353
:040197000211262308
:040198000281242399
:040199000301041347
:04019A00FCA42E2370
:04019B00FCB42C2361
:04019C00FCC42A2352
:04019D00FDC42783F3
:04019E000007A7832C
:04019F00FEF4262321
:0401A000FEC42783EF
:0401A1000287871337
:0401A200FDC42783EE
:0401A3000087A783A7
:0401A4000007869337
:0401A500FD442603EC
:0401A600FD8425832C
:0401A7000007051335
:0401A80064C000EF40
:0401A90000050793B3
:0401AA0000078513B2
:0401AB0002C12083EA
:0401AC0002812403A5
:0401AD000301011336
:0401AE000000806766
:0401AF00FD0101133A
:0401B00002112623EF
:0401B1000281242380
:0401B200030104132E
:0401B300FCA42E2357
:0401B400FCB42C2348
:0401B500FCC42A2339
:0401B600FDC42783DA
:0401B7000007A78313
:0401B800FEF4262308
:0401B900FEC42783D6
:0401BA00028787131E
:0401BB00FDC42783D5
:0401BC000087A7838E
:0401BD00000786931E
:0401BE00FD442603D3
:0401BF00FD84258313
:0401C000000705131C
:0401C100015000EFFA
:0401C200000507939A
:0401C3000007851399
:0401C40002C12083D1
:0401C500028124038C
:0401C600030101131D
:0401C700000080674D
:0401C800FD01011321
:0401C90002112623D6
:0401CA000281242367
:0401CB000301041315
:0401CC00FCA42E233E
:0401CD00FDC42783C3
:0401CE000007A783FC
:0401CF00FEF42623F1
:0401D000FEC42783BF
:0401D1000287871307
:0401D200FDC42783BE
:0401D3000087A78377
:0401D4000007859308
:0401D5000007051307
:0401D600428000EF74
:0401D7000005079385
:0401D8000007851384
:0401D90002C12083BC
:0401DA000281240377
:0401DB000301011308
:0401DC000000806738
:0401DD00FD0101130C
:0401DE0002112623C1
:0401DF000281242352
:0401E0000301041300
:0401E100FCA42E2329
:0401E200FCB42C231A
:0401E300FCC42A230B
:0401E400FDC42783AC
:0401E5000007A783E5
:0401E600FEF42623DA
:0401E700FEC42783A8
:0401E8000287879370
:0401E900FD442603A8
:0401EA00FD842583E8
:0401EB000007851371
:0401EC0043C000EF1D
:0401ED00000507936F
:0401EE00000785136E
:0401EF0002C12083A6
:0401F0000281240361
:0401F10003010113F2
:0401F2000000806722
:0401F300FD010113F6
:0401F40002112623AB
:0401F500028124233C
:0401F60003010413EA
:0401F700FCA42E2313
:0401F800FCB42C2304
:0401F900FCC42A23F5
:0401FA00FDC4278396
:0401FB0000100713D6
:0401FC0002E7A02353
:0401FD00FDC4278393
:0401FE000207A783CA
:0401FF00FEF42623C1
:04020000FDC427838F
:040201000007A783C8
:040202000047879397
:040203000007871356
:04020400FEC427838A
:0402050000F72023BB
:04020600FD8425034B
:04020700FD4425830A
:0402080000000713D8
:04020900FDC4268387
:04020A00000017B722
:04020B0088C7861307
:04020C004D9000EF22
:04020D00FDC4278382
:04020E000207A2231E
:04020F00FDC4278380
:0402100000878713C9
:04021100000197B79A
:040212001D87A5831C
:04021300FDC426837D
:04021400000017B718
:04021500AC47861359
:0402160000070513C5
:040217000F9000EF55
:040218000005079343
:040219000007DA639D
:04021A00FDC4278375
:04021B008000073721
:04021C00FFF70713CE
:04021D0000E7A22331
:04021E0000000013C9
:04021F0002C1208375
:040220000281240330
:0402210003010113C1
:0402220000008067F1
:04022300FA010113C8
:0402240004812E2300
:0402250006010413B7
:04022600FAA42623ED
:04022700FAC427836B
:04022800FCF422239D
:04022900FC442783E7
:04022A000007A7839F
:04022B00FCF4242398
:04022C00FA042C2381
:04022D00FC842783A3
:04022E00004787936B
:04022F000007A7839A
:04023000FCF4262391
:04023100FCC427835F
:04023200FCF428238D
:04023300FD0427831C
:040234003007F79305
:040235001C078E63B1
:04023600FD04278319
:040237001007F79322
:040238000E078663C4
:04023900000107B702
:04023A00FAF42E2381
:04023B00FC442783D5
:04023C000287A7830B
:04023D00001787938C
:04023E007FF7F793BC
:04023F00FCF42A237E
:04024000FC442783D0
:0402410002C7A783C6
:04024200FD4427034D
:0402430006F7026355
:04024400FC8427838C
:040245000007A78384
:04024600FCF42C2375
:04024700FD84278388
:04024800FAF42E2373
:04024900FBC42703C8
:04024A00000087B772
:04024B0000F777B38E
:04024C0004078463BC
:04024D00FC442783C3
:04024E000287A783F9
:04024F00FBC42703C2
:040250000FF777131A
:04025100FC442683C0
:0402520000F687B378
:0402530002E78C230F
:04025400FC442783BC
:040255000287A783F2
:040256000017879373
:040257007FF7F71323
:04025800FC442783B8
:0402590002E7A423F1
:04025A00000000138D
:04025B00F81FF06F29
:04025C00000000138B
:04025D000080006FAE
:04025E000000001389
:04025F00FBC42703B2
:04026000000107B7DB
:0402610004F76463D7
:04026200FC442783AE
:040263000207A78364
:04026400FFE7F713A6
:04026500FC442783AB
:0402660002E7A023E8
:04026700FC442783A9
:040268000207A7835F
:04026900FCF42E2350
:04026A00FC84278366
:04026B00004787932E
:04026C0000078713ED
:04026D00FDC4278322
:04026E0000F7202352
:04026F00FC84278361
:040270000047879329
:040271000007A78358
:04027200FEF4202353
:04027300FD042783DC
:040274002007F793D5
:04027500EE0780E32D
:04027600FD042783D9
:040277000107D79311
:04027800FCF420234F
:0402790005C0006F4D
:04027A00FC44278396
:04027B000347A7830B
:04027C00FC44270314
:04027D0000F707B3CC
:04027E00000017372E
:04027F0000F707B3CA
:040280008387C78326
:04028100FEF4222342
:04028200FC8427834E
:04028300FE4427030B
:0402840000E7A023CC
:04028500FC4427838B
:040286000347A78300
:040287000017879342
:040288007FF7F713F2
:04028900FC44278387
:04028A0002E7AA23BA
:04028B0000100793C5
:04028C00FAF42C2331
:04028D00FC042783C3
:04028E00FFF787935C
:04028F00FCF4202338
:04029000FC042783C0
:0402910000078C6373
:04029200FC4427837E
:040293000347A70373
:04029400FC4427837C
:040295000307A78331
:04029600F8F718E37A
:04029700FC042783B9
:04029800E4078AE30A
:04029900FC44278377
:04029A000207A7832D
:04029B00FFD7F7137F
:04029C00FC44278374
:04029D0002E7A023B1
:04029E00FC44278372
:04029F000207A78328
:0402A000FEF4242321
:0402A100FC4427836F
:0402A2000007A78327
:0402A30000478793F6
:0402A40000078713B5
:0402A500FE84278329
:0402A60000F720231A
:0402A700FC84278329
:0402A80000478793F1
:0402A9000007A78320
:0402AA00FEF4262315
:0402AB00E09FF06F71
:0402AC00000000133B
:0402AD00000000133A
:0402AE0005C124035F
:0402AF000601011330
:0402B0000000806763
:0402B100FD01011337
:0402B200028126237C
:0402B300030104132C
:0402B400FCA42E2355
:0402B500FDC42783DA
:0402B600FEF420230F
:0402B700FE04278397
:0402B8000007A78311
:0402B90000478793E0
:0402BA000007A7830F
:0402BB00FEF4222308
:0402BC00FE44278352
:0402BD00FEF4242304
:0402BE00FE84278310
:0402BF004007F7936A
:0402C00002078C6342
:0402C100FE0427838D
:0402C2000207A78305
:0402C3004007E79376
:0402C400FEF42623FB
:0402C500FE04278389
:0402C6000007A78303
:0402C70000478793D2
:0402C8000007871391
:0402C900FEC42783C5
:0402CA0000F72023F6
:0402CB00FE04278383
:0402CC000207A22360
:0402CD000340006F7B
:0402CE00FE04278380
:0402CF000247A70338
:0402D000800007B7EC
:0402D100FFC7879349
:0402D20002E7E063FC
:0402D300FE0427837B
:0402D4000247A783B3
:0402D5000017871374
:0402D600FE04278378
:0402D70002E7A22375
:0402D800FE04278376
:0402D9000247A783AE
:0402DA00000197B7D1
:0402DB001D87A78351
:0402DC00000785137F
:0402DD0002C1240333
:0402DE000301011304
:0402DF000000806734
:0402E000FE01011307
:0402E10000812E2347
:0402E20002010413FE
:0402E300FEA426232C
:0402E400FEB424231D
:0402E50001C0006FE5
:0402E600FE84270368
:0402E700000047B715
:0402E80000F777B3F1
:0402E9000007866321
:0402EA00FF50079327
:0402EB000300006F9D
:0402EC00FEC42783A2
:0402ED000347A70319
:0402EE00FEC42783A0
:0402EF000307A783D7
:0402F00000F70C63A4
:0402F100FEC427839D
:0402F2000247A70315
:0402F300FEC427839B
:0402F4000047A78395
:0402F500FCF762E3CD
:0402F600000007936A
:0402F7000007851364
:0402F80001C1240319
:0402F90002010113EA
:0402FA000000806719
:0402FB00FD010113ED
:0402FC000281262332
:0402FD0003010413E2
:0402FE00FCA42E230B
:0402FF00FCB42C23FC
:04030000FCC42A23EC
:04030100FE700793F0
:04030200FEF42423BE
:04030300FD8427034B
:04030400000077B7C7
:04030500A017879323
:0403060000F70C638D
:04030700FD84270347
:04030800000077B7C3
:04030900A02787930F
:04030A0006F702638D
:04030B000AC0006FB5
:04030C00FDC4278382
:04030D000047A703FB
:04030E00800007B7AD
:04030F00FFF78793DA
:0403100008F7066381
:04031100FD442783FD
:040312000007A783B6
:04031300FEF42623AB
:04031400FEC42703F9
:04031500001007933A
:0403160000E7DE63BB
:04031700FEC42703F6
:04031800800007B7A3
:04031900FFF78793D0
:04031A0000F706637F
:04031B00FEC4278372
:04031C0000C0006FAE
:04031D00800007B79E
:04031E00FFE78793DB
:04031F00FDC42703EF
:0403200000F722239D
:04032100FE0424238F
:040322000440006F24
:04032300FDC427836B
:040324000047A703E4
:04032500800007B796
:04032600FFF78793C3
:0403270002F70C636A
:04032800FDC4278366
:040329000247A703DD
:04032A00FDC4278364
:04032B000047A7835D
:04032C0000F737B3EC
:04032D000FF7F7933C
:04032E00000787132A
:04032F00FD442783DF
:0403300000E7A0231F
:04033100FE0424237F
:0403320000C0006F98
:0403330000000013B3
:040334000080006FD6
:0403350000000013B1
:04033600FE84278397
:040337000007851323
:0403380002C12403D7
:0403390003010113A8
:04033A0000008067D8
:04033B00FC010113AD
:04033C0002112E2359
:04033D0002812C23EA
:04033E00040104139F
:04033F00FCA42623D1
:04034000FCB42423C2
:04034100FCC42223B3
:04034200FCD42023A4
:04034300FC8427838C
:04034400FCF428237A
:040345001280006FB3
:04034600FCC4278349
:040347000287A783FF
:04034800FCF42C2372
:04034900FCC4278346
:04034A0002C7A783BC
:04034B00FCF42E236D
:04034C00FD84270302
:04034D00FDC4278341
:04034E0000F76C63E5
:04034F00FD842703FF
:04035000FDC427833E
:0403510040F707B3B7
:04035200FCF42A236A
:040353000180006FB6
:04035400000017B7D7
:040355008007871383
:04035600FDC4278338
:0403570040F707B3B1
:04035800FCF42A2364
:04035900FD442783B5
:04035A0006078E63A1
:04035B00FC442783B4
:04035C00FD44270332
:04035D0000E7F6635C
:04035E00FC442783B1
:04035F00FCF42A235D
:04036000FCC427832F
:040361000387871374
:04036200FDC427832C
:0403630000F707B3E5
:04036400FD4426032B
:040365000007859375
:04036600FD0425036A
:04036700084020EF3B
:04036800FD04270366
:04036900FD442783A5
:04036A0000F707B3DE
:04036B00FCF4282353
:04036C00FC44270323
:04036D00FD442783A1
:04036E0040F707B39A
:04036F00FCF4222355
:04037000FDC427039E
:04037100FD4427839D
:0403720000F707B3D6
:040373007FF7F71306
:04037400FCC427831B
:0403750002E7A623D2
:04037600FC44278399
:04037700F2F04EE36F
:040378000080006F92
:04037900000000136D
:04037A00FD04270354
:04037B00FC84278354
:04037C0004F71C6303
:04037D00FC04270352
:04037E00000047B77D
:04037F0000F777B359
:040380000407986373
:040381000000001365
:04038200FCC427830D
:040383000287A783C3
:04038400FD842703CA
:0403850000F71C63FE
:04038600FCC4278309
:040387000247A7037F
:04038800FCC4278307
:040389000047A783FF
:04038A00FEF760E337
:04038B00FCC4278304
:04038C000287A783BA
:04038D00FD842703C1
:04038E0002F700630F
:04038F00FC44278380
:04039000ECF04CE35E
:040391000180006F78
:040392000000001354
:040393000100006FF6
:040394000000001352
:040395000080006F75
:040396000000001350
:04039700FD04270337
:04039800FC84278337
:0403990006F70463FC
:04039A000080079345
:04039B003007B7F37D
:04039C00FEF4262322
:04039D00FEC42783F0
:04039E00FEF4202326
:04039F00FCC42783F0
:0403A0000207A78326
:0403A1000017E71347
:0403A200FCC42783ED
:0403A30002E7A023AA
:0403A400FCC42783EB
:0403A5000207A78321
:0403A600FEF422231C
:0403A700FCC42783E8
:0403A8000007A78320
:0403A90000478793EF
:0403AA0000078713AE
:0403AB00FE44278362
:0403AC0000F7202313
:0403AD00FE042783A0
:0403AE00FEF4242312
:0403AF00FE8427831E
:0403B0000087F79338
:0403B1003007A073FE
:0403B2000000001334
:0403B300FD0427031B
:0403B400FC8427831B
:0403B50000F70A63E0
:0403B600FD04270318
:0403B700FC84278318
:0403B80040F707B350
:0403B9000200006FCF
:0403BA00FC04270315
:0403BB00000047B740
:0403BC0000F777B31C
:0403BD00000786634C
:0403BE00FF50079352
:0403BF000080006F4B
:0403C000FFB00793F0
:0403C1000007851399
:0403C20003C12083D0
:0403C300038124038B
:0403C400040101131C
:0403C500000080674D
:0403C600FC01011322
:0403C70002112E23CE
:0403C80002812C235F
:0403C9000401041314
:0403CA00FCA4262346
:0403CB00FCB4242337
:0403CC00FCC4222328
:0403CD00FCD4202319
:0403CE00FC042823E0
:0403CF00FC84278300
:0403D000FCF42C23EA
:0403D1000EC0006FEB
:0403D200FCC42783BD
:0403D3000307A783F2
:0403D400FCF42E23E4
:0403D500FCC42783BA
:0403D6000347A783AF
:0403D700FCF42823E7
:0403D800FDC4270336
:0403D900FD04278375
:0403DA0000F77E6347
:0403DB00FD042703F3
:0403DC00FDC42783B2
:0403DD0040F707B32B
:0403DE00FFF787930B
:0403DF00FCF42A23DD
:0403E0000340006F67
:0403E100FD0427836D
:0403E20000078E631F
:0403E300000017B748
:0403E40080078713F4
:0403E500FDC42783A9
:0403E60040F707B322
:0403E700FCF42A23D5
:0403E8000140006F61
:0403E9007FF0071387
:0403EA00FDC42783A4
:0403EB0040F707B31D
:0403EC00FCF42A23D0
:0403ED00FD44278321
:0403EE000807826317
:0403EF00FC44278320
:0403F000FD4427039E
:0403F10000E7F663C8
:0403F200FC4427831D
:0403F300FCF42A23C9
:0403F400FCC427031B
:0403F500000017B736
:0403F60083878793DF
:0403F70000F70733D1
:0403F800FDC4278396
:0403F90000F707B34F
:0403FA00FD44260395
:0403FB00FC842583D6
:0403FC00000785135E
:0403FD0062D010EFCB
:0403FE00FC84270351
:0403FF00FD4427830F
:0404000000F707B347
:04040100FCF42423C0
:04040200FC4427038C
:04040300FD4427830A
:0404040040F707B303
:04040500FCF42223BE
:04040600FDC4270307
:04040700FD44278306
:0404080000F707B33F
:040409007FF7F7136F
:04040A00FCC4278384
:04040B0002E7A82339
:04040C00FC44278302
:04040D00F0F04AE3DE
:04040E000080006FFB
:04040F0000000013D6
:0404100000800793CE
:040411003007B7F306
:04041200FEF42623AB
:04041300FEC4278379
:04041400FEF42023AF
:04041500FCC4278379
:040416000207A783AF
:040417000027E713C0
:04041800FCC4278376
:0404190002E7A02333
:04041A00FCC4278374
:04041B000207A783AA
:04041C00FEF42223A5
:04041D00FCC4278371
:04041E000007A783A9
:04041F000047879378
:040420000007871337
:04042100FE442783EB
:0404220000F720239C
:04042300FE04278329
:04042400FEF424239B
:04042500FE842783A7
:040426000087F793C1
:040427003007A07387
:0404280000000013BD
:04042900FC442783E5
:04042A0004F0546323
:04042B00FC042703A3
:04042C00000047B7CE
:04042D0000F777B3AA
:04042E0004079263CA
:04042F0000000013B6
:04043000FCC427835E
:040431000347A78353
:04043200FD0427039B
:0404330000F71C634F
:04043400FCC427835A
:040435000247A703D0
:04043600FCC4278358
:040437000047A78350
:04043800FEF760E388
:04043900FCC4278355
:04043A000247A7834B
:04043B0000079C63B7
:04043C00FC442783D2
:04043D00F2F04EE3A8
:04043E000100006F4A
:04043F0000000013A6
:040440000080006FC9
:0404410000000013A4
:04044200FC8427030C
:04044300FD8427838A
:0404440000F70A6350
:04044500FC84270309
:04044600FD84278387
:0404470040F707B3C0
:040448000200006F3F
:04044900FC04270385
:04044A00000047B7B0
:04044B0000F777B38C
:04044C0000078663BC
:04044D00FF500793C2
:04044E000080006FBB
:04044F00FFB0079360
:040450000007851309
:0404510003C1208340
:0404520003812403FB
:04045300040101138C
:0404540000008067BD
:04045500FC01011392
:0404560002812E23CE
:040457000401041385
:04045800FCA42623B7
:04045900FCB42423A8
:04045A00FCC4222399
:04045B00FCD420238A
:04045C000000071382
:04045D000000079301
:04045E00FEE4242371
:04045F00FEF426235E
:04046000000197B749
:040461001D87A783C9
:04046200120780639A
:04046300FCC427832B
:040464001007886392
:04046500FCC4278329
:04046600FC44270328
:0404670000E7A823DF
:04046800FCC4278326
:04046900FC04270365
:04046A0000E7AA23DA
:04046B000080079373
:04046C003007B7F3AB
:04046D00FEF4222354
:04046E00FE4427839E
:04046F00FCF42A234C
:04047000000197B739
:040471001E07A703B8
:040472001E47A783F7
:04047300FEE424235C
:04047400FEF4262349
:04047500FC84278359
:0404760000078813E0
:0404770000000893E6
:04047800FE842603D5
:04047900FEC4268314
:04047A0000C807337C
:04047B0000070593DE
:04047C000105B5B30E
:04047D0000D887B369
:04047E0000F586B34C
:04047F000006879359
:040480000007061358
:040481000007869357
:04048200001005134E
:0404830000000593DD
:0404840000A6073394
:040485000007081351
:0404860000C838333F
:0404870000B687B381
:0404880000F806B3BF
:04048900000687934F
:04048A00FCC4268305
:04048B0000E6A423C0
:04048C0000F6A623AD
:04048D00FCC4278301
:04048E0081818713CE
:04048F00FCE42E2338
:04049000FEF4202333
:04049100FE042783BB
:04049200FDC427037B
:0404930000E7A223B9
:04049400FDC42783F9
:040495000007A703B2
:04049600FE042783B6
:0404970000E7A023B7
:04049800FDC42783F5
:040499000007A7832E
:04049A00FE04270332
:04049B0000E7A223B1
:04049C00FDC42783F1
:04049D00FE0427032F
:04049E0000E7A023B0
:04049F000000001346
:0404A000FD4427836D
:0404A100FCF42C2318
:0404A200FD8427832B
:0404A3000087F79344
:0404A4003007A0730A
:0404A5000000001340
:0404A60000000793B8
:0404A7000100006FE1
:0404A800FEA0079318
:0404A9000080006F60
:0404AA00F7A007931D
:0404AB0000078513AE
:0404AC0003C1240361
:0404AD000401011332
:0404AE000000806763
:0404AF00FF01011335
:0404B000008126237E
:0404B100010104132E
:0404B2000000001333
:0404B30000C124035D
:0404B400010101132E
:0404B500000080675C
:0404B600FE0101132F
:0404B70000812E236F
:0404B8000201041326
:0404B900FEA4262354
:0404BA00FEB4242345
:0404BB00FEC4222336
:0404BC00FE44278350
:0404BD00000785139C
:0404BE0001C1240351
:0404BF000201011322
:0404C0000000806751
:0404C100FE01011324
:0404C20000112E23D4
:0404C30000812C2365
:0404C400020104131A
:0404C500FEA4262348
:0404C600000187B7F3
:0404C7008B47859347
:0404C800FEC4250346
:0404C900060000EF3A
:0404CA00000507938F
:0404CB00000785138E
:0404CC0001C12083C7
:0404CD000181240382
:0404CE000201011313
:0404CF000000806742
:0404D000FF01011314
:0404D10000112623CD
:0404D200008124235E
:0404D300010104130C
:0404D4008141A78338
:0404D50000078A632F
:0404D6008141A78336
:0404D700000780E7B3
:0404D8000005079381
:0404D90000C0006FF0
:0404DA00000197B7CF
:0404DB001F4787939D
:0404DC00000785137D
:0404DD0000C12083B7
:0404DE000081240372
:0404DF000101011303
:0404E0000000806731
:0404E100FD01011305
:0404E20002112623BA
:0404E300028124234B
:0404E40003010413F9
:0404E500FCA42E2322
:0404E600FCB42C2313
:0404E700FDC42783A6
:0404E800000788631E
:0404E900FDC42783A4
:0404EA000087A7835D
:0404EB0000079E6305
:0404EC00F91FF0EF15
:0404ED0000050713EC
:0404EE00016007930F
:0404EF0000F72023CF
:0404F000FEA00793D0
:0404F1000540006F53
:0404F200FDC427839B
:0404F300FD8427035A
:0404F400FEE42423DB
:0404F500FEF42623C8
:0404F600FEC4278396
:0404F700FE84270355
:0404F80000E7A22354
:0404F900FE842783D3
:0404FA000007A7034D
:0404FB00FEC4278391
:0404FC0000E7A02352
:0404FD00FE842783CF
:0404FE000007A783C9
:0404FF00FEC427030D
:0405000000E7A2234B
:04050100FE842783CA
:04050200FEC4270309
:0405030000E7A0234A
:0405040000000013E0
:040505000000079358
:040506000007851352
:0405070002C120838A
:040508000281240345
:0405090003010113D6
:04050A000000806706
:04050B00FE010113D9
:04050C0000112E2389
:04050D0000812C231A
:04050E0002010413CF
:04050F00000157B7D9
:04051000490787937D
:04051100FEF42623AB
:0405120001C0006FB5
:04051300FEC4278378
:040514000007A783B2
:04051500000780E774
:04051600FEC4278375
:04051700004787937F
:04051800FEF42623A4
:04051900FEC42703F2
:04051A00000157B7CE
:04051B0049878793F2
:04051C00FCF76EE397
:04051D0000000013C7
:04051E0000000013C6
:04051F0001C1208373
:04052000018124032E
:0405210002010113BF
:0405220000008067EE
:04052300FE010113C1
:0405240000112E2371
:0405250000812C2302
:0405260002010413B7
:04052700000157B7C1
:040528004947879325
:04052900FEF4262393
:04052A0001C0006F9D
:04052B00FEC4278360
:04052C000007A7839A
:04052D00000780E75C
:04052E00FEC427835D
:04052F00FFC78793E8
:04053000FEF426238C
:04053100FEC42703DA
:04053200000157B7B6
:0405330049878793DA
:04053400FCF77EE36F
:0405350000000013AF
:0405360000000013AE
:0405370001C120835B
:040538000181240316
:0405390002010113A7
:04053A0000008067D6
:04053B00FF010113A8
:04053C0000812623F1
:04053D0001010413A1
:04053E0000000013A6
:04053F0000C12403D0
:0405400001010113A1
:0405410000008067CF
:04054200FD010113A3
:040543000211262358
:0405440002812423E9
:040545000301041397
:04054600FEA42623C6
:04054700FEB42423B7
:04054800FEC42223A8
:04054900FED4202399
:04054A00FCE42E237C
:04054B00FDC42703C1
:04054C00FE04268300
:04054D00FE4426033F
:04054E00FE8425837F
:04054F00FEC42503BE
:0405500001C000EFF7
:040551000005079307
:040552000007851306
:0405530002C120833E
:0405540002812403F9
:04055500030101138A
:0405560000008067BA
:04055700FA01011391
:0405580004812E23C9
:040559000601041380
:04055A00FAA42E23AE
:04055B00FAB42C239F
:04055C00FAC42A2390
:04055D00FAD4282381
:04055E00FAE4262372
:04055F00FEA0079360
:04056000FCF4222362
:04056100FB8427836D
:04056200FCF424235E
:04056300FC842703EA
:0405640000F0079309
:0405650012E7C8636E
:040566000080079377
:040567003007B7F3AF
:04056800FCF4282354
:04056900FD042783E3
:04056A00FCF4262354
:04056B00000197B73D
:04056C0023078713C7
:04056D00FC84278360
:04056E000037979328
:04056F0000F707B3D7
:04057000FB4427031E
:0405710000E7A023DC
:04057200000197B736
:0405730023078713C0
:04057400FC84278359
:040575000037979321
:0405760000F707B3D0
:04057700FB04270357
:0405780000E7A223D3
:04057900FB44278395
:04057A00060782638B
:04057B00FC84278352
:04057C00FBC4270392
:04057D00FCE42A234D
:04057E00FCF42C233A
:04057F00FD842703CD
:0405800000F00793ED
:0405810000E7E86344
:04058200FD8427834A
:040583000107879352
:040584000080006F84
:04058500FFF00793E9
:04058600FCF42E2330
:04058700FDC4278305
:040588000007D6632F
:04058900FDC4278303
:04058A000800006FF6
:04058B00FDC4278301
:04058C00FCF42C232C
:04058D00FD8427833F
:04058E00001007133F
:04058F0000F717B3A7
:040590003047A073DD
:0405910000000793CC
:040592000600006FF0
:04059300FC8427833A
:04059400FBC427037A
:04059500FEE420233D
:04059600FEF422232A
:04059700FE442703F4
:0405980000F00793D5
:0405990000E7E8632C
:04059A00FE44278371
:04059B00010787933A
:04059C000080006F6C
:04059D00FFF00793D1
:04059E00FEF4242320
:04059F00FE8427832C
:0405A0000007D66317
:0405A100FE8427832A
:0405A2000200006FE4
:0405A300FE84278328
:0405A400FEF422231C
:0405A500FE44278366
:0405A6000010071327
:0405A70000F717B38F
:0405A8003047B073B5
:0405A90000000793B4
:0405AA00FCF4222318
:0405AB00FCC42783E2
:0405AC00FEF4262310
:0405AD00FEC42783DE
:0405AE000087F79338
:0405AF003007A073FE
:0405B0000000001334
:0405B100FC4427835C
:0405B20000078513A6
:0405B30005C1240357
:0405B4000601011328
:0405B500000080675B
:0405B600FD0101132F
:0405B70002112623E4
:0405B8000281242375
:0405B9000301041323
:0405BA00FCA42E234C
:0405BB00FCB42C233D
:0405BC00FCC42A232E
:0405BD00FCD428231F
:0405BE00FD0426030F
:0405BF00FD4425834F
:0405C000FD8425038E
:0405C1005F8010EF58
:0405C200FEA426234A
:0405C300FEC42783C8
:0405C4000807C863F9
:0405C500000177B703
:0405C6000887869389
:0405C700FEC4270344
:0405C800000707938E
:0405C90000179793ED
:0405CA0000E787B30C
:0405CB0000279793DB
:0405CC0000F687B3FB
:0405CD000007A70379
:0405CE00FDC42783BE
:0405CF0000E7A0237E
:0405D000000177B7F8
:0405D100088786937E
:0405D200FEC4270339
:0405D3000007079383
:0405D40000179793E2
:0405D50000E787B301
:0405D60000279793D0
:0405D70000F687B3F0
:0405D8000047A7032E
:0405D900FDC42783B3
:0405DA0000E7A22371
:0405DB00000177B7ED
:0405DC000887869373
:0405DD00FEC427032E
:0405DE000007079378
:0405DF0000179793D7
:0405E00000E787B3F6
:0405E10000279793C5
:0405E20000F687B3E5
:0405E3000087A703E3
:0405E400FDC42783A8
:0405E50000E7A42364
:0405E600FEC4250327
:0405E700114000EFD0
:0405E80000000013FC
:0405E90002C12083A8
:0405EA000281240363
:0405EB0003010113F4
:0405EC000000806724
:0405ED00FE010113F7
:0405EE0000112E23A7
:0405EF0000812C2338
:0405F00002010413ED
:0405F100FEA426231B
:0405F200FEB424230C
:0405F300FEC42223FD
:0405F4001FF006935B
:0405F50000100613D9
:0405F600FEC4258397
:0405F700000177B7D1
:0405F8000947851317
:0405F900EF5FF0EFD1
:0405FA001FF0069355
:0405FB0000000613E3
:0405FC00FE842583D1
:0405FD00000177B7CB
:0405FE0008878513D2
:0405FF00EDDFF0EF4D
:040600001FF006934E
:0406010000100613CC
:04060200FE4425830A
:04060300000177B7C4
:040604000A07851349
:04060500EC5FF0EFC7
:040606008201A78343
:040607000047A7837E
:040608000107A783BC
:0406090002079063F1
:04060A008201A7833F
:04060B000047A7837A
:04060C000000069351
:04060D0000200613B0
:04060E000000059350
:04060F000007851348
:04061000615000EF46
:040611008201A78338
:040612000087A78333
:040613000107A783B1
:0406140002079063E6
:040615008201A78334
:040616000087A7832F
:040617000000069346
:0406180000200613A5
:040619000000059345
:04061A00000785133D
:04061B005E9000EFFE
:04061C008201A7832D
:04061D0000C7A783E8
:04061E000107A783A6
:04061F0002079063DB
:040620008201A78329
:0406210000C7A783E4
:04062200000006933B
:04062300002006139A
:04062400000005933A
:040625000007851332
:040626005BD000EFB6
:0406270000000013BC
:0406280001C1208369
:040629000181240324
:04062A0002010113B5
:04062B0000008067E4
:04062C00FE010113B7
:04062D0000812E23F7
:04062E0002010413AE
:04062F00FEA42623DC
:04063000FEC42703DA
:04063100002007930B
:0406320004E7D663A0
:04063300000177B794
:04063400088786931A
:04063500FEC42703D5
:04063600000707931F
:04063700001797937E
:0406380000E787B39D
:04063900002797936C
:04063A0000F687B38C
:04063B000007A423ED
:04063C00000177B78B
:04063D000887869311
:04063E00FEC42703CC
:04063F000007079316
:040640000017979375
:0406410000E787B394
:040642000027979363
:0406430000F687B383
:040644000007A023E8
:04064500000000139E
:0406460001C12403C7
:040647000201011398
:0406480000008067C7
:04064900FD0101139B
:04064A0002812623E0
:04064B000301041390
:04064C00FCA42E23B9
:04064D00008007938F
:04064E003007B7F3C7
:04064F00FEF426236C
:04065000FEC427833A
:04065100FEF4202370
:04065200FDC4278339
:04065300FEF424236A
:04065400FE84278376
:040655000007A78370
:04065600FE842703F4
:04065700004727032E
:0406580000E7A223F2
:04065900FE84278371
:04065A000047A7832B
:04065B00FE842703EF
:04065C000007270369
:04065D0000E7A023EF
:04065E00FE8427836C
:04065F00FE842703EB
:0406600000E7A223EA
:04066100FE84278369
:04066200FE842703E8
:0406630000E7A023E9
:04066400000000137F
:04066500FE042783E5
:04066600FEF4222359
:04066700FE442783A3
:040668000087F7937D
:040669003007A07343
:04066A000000001379
:04066B000000001378
:04066C0002C12403A0
:04066D000301011371
:04066E0000008067A1
:04066F00FE01011374
:0406700000112E2324
:0406710000812C23B5
:0406720001212A2315
:040673000131282306
:040674000201041368
:040675008181879365
:040676000007A7834F
:04067700FEF4222348
:04067800000197B72F
:040679001E07A703AE
:04067A001E47A783ED
:04067B000010051353
:04067C0000000593E2
:04067D0000A7063399
:04067E000006081357
:04067F0000E8383324
:0406800000B786B386
:0406810000D807B3E3
:040682000007869354
:040683000006071353
:040684000006879352
:04068500000196B723
:040686001EE6A023A9
:040687001EF6A22396
:040688000C80006F73
:04068900FE44278381
:04068A000007A7833B
:04068B00FEF4242332
:04068C00FE4427837E
:04068D000087A60339
:04068E0000C7A68378
:04068F00000197B718
:040690001E07A70397
:040691001E47A783D6
:0406920000068513C6
:040693000007859344
:0406940008A5E8636A
:0406950000068513C3
:040696000007859341
:0406970000B518632F
:0406980000060693BF
:0406990000070793BC
:04069A0006D7EC6330
:04069B00FE4427836F
:04069C000107A78328
:04069D00FE442703ED
:04069E0001472703E6
:04069F000007051338
:0406A000000780E7E8
:0406A100FEA426236A
:0406A200FEC42783E8
:0406A3000007986351
:0406A400FE442503E8
:0406A500E91FF0EF6A
:0406A6000480006F5D
:0406A700FE44278363
:0406A8000087A7031D
:0406A90000C7A7835C
:0406AA00FEC42683E1
:0406AB0000068913A9
:0406AC0000000993AE
:0406AD0001270633E8
:0406AE0000060593AA
:0406AF0000E5B5B3FA
:0406B000013786B3D5
:0406B10000D587B336
:0406B2000007869324
:0406B3000006071323
:0406B4000006879322
:0406B500FE44268356
:0406B60000E6A42393
:0406B70000F6A62380
:0406B800FE84278312
:0406B900FEF4222306
:0406BA00FE442703D0
:0406BB00818187931F
:0406BC00F2F71AE354
:0406BD000000001326
:0406BE000000001325
:0406BF0001C12083D2
:0406C000018124038D
:0406C10001412903C7
:0406C2000101298386
:0406C300020101131C
:0406C400000080674B
:0406C500FF0101131D
:0406C6000081262366
:0406C7000101041316
:0406C800FFF00793A5
:0406C9003047B07393
:0406CA000030079362
:0406CB003057B07381
:0406CC000000001317
:0406CD0000C1240341
:0406CE000101011312
:0406CF000000806740
:0406D000FF01011312
:0406D10000112623CB
:0406D200008124235C
:0406D300010104130A
:0406D4000AC000EF69
:0406D5000005071302
:0406D6000005879301
:0406D700000196B7D1
:0406D8001EE6A42353
:0406D9001EF6A62340
:0406DA000000079382
:0406DB00000785137C
:0406DC0000C12083B6
:0406DD000081240371
:0406DE000101011302
:0406DF000000806730
:0406E000FF01011302
:0406E10000112623BB
:0406E200008124234C
:0406E30001010413FA
:0406E40006C000EF5D
:0406E50000050613F3
:0406E60000058693F2
:0406E700000197B7C0
:0406E8001E87A503C1
:0406E9001EC7A58300
:0406EA0040A60733EC
:0406EB0000070813E9
:0406EC000106383398
:0406ED0040B687B3D9
:0406EE00410786B387
:0406EF0000068793E7
:0406F00000070513E7
:0406F10000078593E6
:0406F20000C12083A0
:0406F300008124035B
:0406F40001010113EC
:0406F500000080671A
:0406F600FF010113EC
:0406F7000081262335
:0406F80001010413E5
:0406F90002FAF7B753
:0406FA0008078793D3
:0406FB00000785135C
:0406FC0000C1240312
:0406FD0001010113E3
:0406FE000000806711
:0406FF00FE010113E4
:0407000000812E2323
:0407010002010413DA
:0407020000030337B6
:040703000043031399
:0407040000032303C8
:04070500FE64242347
:0407060000030337B2
:0407070000032303C5
:04070800FE64262342
:0407090000030337AF
:04070A000043031392
:04070B0000032303C1
:04070C00FE842E0336
:04070D00FC6E1AE381
:04070E00FE8423033F
:04070F0000030813C8
:04071000000008934A
:040711000008179332
:0407120000000713C9
:04071300FEC42803F5
:0407140000080613C0
:040715000000069347
:0407160000C7653380
:0407170000D7E5B36F
:0407180000050713BE
:0407190000058793BD
:04071A0000070513BC
:04071B0000078593BB
:04071C0001C12403F0
:04071D0002010113C1
:04071E0000008067F0
:04071F00FD010113C4
:040720000281262309
:0407210003010413B9
:04072200FCA42C23E4
:04072300FCB42E23D1
:04072400F14026F387
:04072500FED42623B5
:04072600FEC42603E4
:04072700000066B7B1
:04072800001686939E
:0407290000D606B33D
:04072A00003696936C
:04072B00FED42423B1
:04072C00FE8426839E
:04072D000046869369
:04072E00FFF00613BF
:04072F0000C6A0233D
:04073000FD8426031B
:04073100FE84268399
:0407320000C6A0233A
:04073300FDC4268358
:040734000006D713D1
:040735000000079326
:04073600FE84268394
:04073700004686935F
:04073800000707931C
:0407390000F6A02303
:04073A0000000013A8
:04073B0002C12403D0
:04073C0003010113A1
:04073D0000008067D1
:04073E00FE010113A4
:04073F0000812E23E4
:04074000020104139B
:04074100F1402373ED
:04074200FE64262308
:04074300FEC42E03BF
:040744000000633717
:040745000013031387
:04074600006E03330B
:040747000033131355
:04074800FE64202308
:04074900FE04230384
:04074A000003230382
:04074B00FE64222303
:04074C00FE04230381
:04074D00004303134F
:04074E00000323037E
:04074F00FE642423FD
:04075000FE842303FD
:040751000003081386
:040752000000089308
:0407530000081793F0
:040754000000071387
:04075500FE44280333
:04075600000806137E
:040757000000069305
:0407580000C765333E
:0407590000D7E5B32D
:04075A00000507137C
:04075B00000587937B
:04075C00000705137A
:04075D000007859379
:04075E0001C12403AE
:04075F00020101137F
:0407600000008067AE
:04076100FC01011383
:0407620002112E232F
:0407630002812C23C0
:040764000401041375
:04076500FCA42623A7
:04076600FCB4242398
:04076700FCC4222389
:04076800E5DFF0EFEA
:04076900FEA42423A3
:04076A00FEB4262390
:04076B00FE842703DE
:04076C00FEC427831D
:04076D000000C5378C
:04076E003505051335
:04076F0000000593EE
:0407700000A70633A5
:040771000006081363
:0407720000E8383330
:0407730000B786B392
:0407740000D807B3EF
:040775000007869360
:04077600000607135F
:04077700000687935E
:04077800000705135E
:04077900000785935D
:04077A00E95FF0EF54
:04077B000080079360
:04077C003007B7F398
:04077D00FEF4222341
:04077E00FE4427838B
:04077F00FCF42E2335
:04078000BBDFF0EFFC
:04078100FDC4278309
:04078200FEF420233E
:04078300FE042783C6
:040784000087F79360
:040785003007A07326
:04078600000000135C
:04078700000000135B
:0407880003C1208306
:0407890003812403C1
:04078A000401011352
:04078B000000806783
:04078C00FE01011356
:04078D0000112E2306
:04078E0000812C2397
:04078F00020104134C
:04079000DBDFF0EFCC
:04079100FEA424237B
:04079200FEB4262368
:04079300FE842703B6
:04079400FEC42783F5
:040795000000C53764
:04079600350505130D
:0407970000000593C6
:0407980000A706337D
:04079900000608133B
:04079A0000E8383308
:04079B0000B786B36A
:04079C0000D807B3C7
:04079D000007869338
:04079E000006071337
:04079F000006879336
:0407A0000007051336
:0407A1000007859335
:0407A200DF5FF0EF36
:0407A30008000793B0
:0407A4003047A073C7
:0407A500000000133D
:0407A600000000133C
:0407A70001C12083E9
:0407A80001812403A4
:0407A9000201011335
:0407AA000000806764
:0407AB0000050593AD
:0407AC0000000693B0
:0407AD00000006132F
:0407AE00000005132F
:0407AF001940106F6E
:0407B000FF01011331
:0407B10000000593AC
:0407B200008124237B
:0407B30000112623E8
:0407B4000005041325
:0407B500268010EF9B
:0407B6000001779730
:0407B7003187A7835C
:0407B800000784634F
:0407B900000780E7CE
:0407BA00000405131F
:0407BB006C8120EF3E
:0407BC0000015617CB
:0407BD003186061368
:0407BE00000055974B
:0407BF00AEC58593AB
:0407C00000015517C8
:0407C1003185051366
:0407C2004CC0006FB8
:0407C3000045258345
:0407C400FF0101131D
:0407C5000081242368
:0407C60000112623D5
:0407C700000177971F
:0407C8003947879393
:0407C9000005041310
:0407CA0000F584634F
:0407CB002B9040EF40
:0407CC0000842583FD
:0407CD000001779719
:0407CE003E47879388
:0407CF0000F5866348
:0407D0000004051309
:0407D1002A1040EFBB
:0407D20000C42583B7
:0407D3000001779713
:0407D400434787937D
:0407D50000F58C633C
:0407D6000004051303
:0407D7000081240376
:0407D80000C12083B9
:0407D9000101011306
:0407DA0027D0406F75
:0407DB0000C12083B6
:0407DC000081240371
:0407DD000101011302
:0407DE000000806730
:0407DF000645A783A1
:0407E0000017F79374
:0407E1000007986312
:0407E20000C5D783F4
:0407E3002007F79361
:0407E4000007866321
:0407E50000000513F8
:0407E6000000806728
:0407E7000585A503DC
:0407E800FF010113F9
:0407E90000112623B2
:0407EA0052D000EFFA
:0407EB0000C12083A6
:0407EC0000000513F1
:0407ED0001010113F2
:0407EE000000806720
:0407EF000645A78391
:0407F0000017F79364
:0407F1000007986302
:0407F20000C5D783E4
:0407F3002007F79351
:0407F4000007866311
:0407F50000000513E8
:0407F6000000806718
:0407F7000585A503CC
:0407F800FF010113E9
:0407F90000112623A2
:0407FA00505000EF6C
:0407FB0000C1208396
:0407FC0000000513E1
:0407FD0001010113E2
:0407FE000000806710
:0407FF00FE010113E3
:040800000000079756
:04080100EF078793E3
:0408020000112E2390
:0408030000812C2321
:0408040000912A2312
:040805000001741763
:0408060029C40413EA
:040807000121282380
:040808000131262371
:040809000141242362
:04080A000080061351
:04080B000000059351
:04080C000001771759
:04080D001CF7202391
:04080E000001751759
:04080F002D4505135B
:04081000004007930A
:0408110000F42623A6
:04081200000420239B
:040813000004222398
:040814000004242395
:040815000604222390
:04081600000428238F
:0408170000042A238C
:0408180000042C2389
:040819004E1000EF8E
:04081A0000001A17A9
:04081B00884A0A13EA
:04081C000000199728
:04081D008E09899324
:04081E0000001917A6
:04081F00960909131A
:040820000000149729
:040821009D0484931B
:040822000001751745
:04082300280505138C
:040824000344202346
:040825000334222353
:040826000324242360
:0408270002942623EE
:0408280000842E23F7
:04082900421000EF8A
:04082A00000107B70B
:04082B000087879328
:04082C00008006132F
:04082D00000005932F
:04082E000001751739
:04082F002BC50513BD
:0408300006F42A237D
:040831000604242372
:04083200060426236F
:04083300060428236C
:040834000C04262367
:0408350006042C2366
:0408360006042E2363
:04083700080420236E
:04083800465000EF37
:0408390000017797AC
:04083A002347879336
:04083B00000175172C
:04083C002845051333
:04083D0008F4222376
:04083E000944242322
:04083F00093426232F
:04084000092428233C
:0408410008942A23CA
:040842003BD000EFB8
:04084300000207B7F1
:04084400012787936E
:040845000080061316
:040846000000059316
:040847000001751720
:040848002C05051363
:040849000CF42E235A
:04084A000C0428234F
:04084B000C042A234C
:04084C000C042C2349
:04084D0012042A2344
:04084E000E04202351
:04084F000E0422234E
:040850000E0424234B
:04085100401000EF64
:040852000001779793
:0408530023878793DD
:040854000F44282302
:040855000F342A230F
:040856000F242C231C
:040857000E942E23AA
:040858000EF4262351
:0408590001812403F2
:04085A0001C1208335
:04085B0001412483B0
:04085C00010129036A
:04085D0000C129832A
:04085E0000812A03E8
:04085F000001751708
:0408600025C5051392
:04086100020101137C
:0408620033D0006F20
:04086300FE0101137E
:040864000131262315
:0408650000050993EE
:040866000001751701
:0408670007C50513A9
:0408680000112E232A
:0408690000812C23BB
:04086A0000912A23AC
:04086B00012128231C
:04086C00325000EF17
:04086D000001779778
:04086E0003C7A78392
:04086F001007826389
:040870000001591713
:0408710004890913DA
:04087200FFF00493FC
:04087300004927838E
:0408740000892403D0
:04087500FFF787936F
:040876000007D8633C
:040877000940006FC5
:0408780006840413DB
:0408790008978663F3
:04087A0000C417039C
:04087B00FFF7879369
:04087C00FE0718E378
:04087D00FFFF07B7BB
:04087E000017879345
:04087F0000F4262338
:0408800005840513D3
:040881000604222324
:040882002BD000EF88
:0408830000017517E4
:0408840000850513D3
:040885002D9000EFC3
:0408860000800613D5
:040887000004202326
:040888000004242321
:040889000004222322
:04088A00000428231B
:04088B0000042A2318
:04088C0000042C2315
:04088D0000000593CF
:04088E0005C4051385
:04088F00309000EFB6
:040890000204282313
:0408910002042A2310
:040892000404222315
:040893000404242312
:0408940001C12083FB
:040895000004051343
:0408960001812403B5
:040897000141248374
:04089800010129032E
:0408990000C12983EE
:04089A000201011343
:04089B000000806772
:04089C000009240328
:04089D0000040663EA
:04089E000004091336
:04089F00F51FF06FE2
:0408A0001AC00593E2
:0408A10000098513B2
:0408A200480010EF0B
:0408A3000005041335
:0408A40002050C63DA
:0408A50000C5051372
:0408A6000040079374
:0408A7000004202306
:0408A80000F4222313
:0408A90000A4242360
:0408AA001A00061317
:0408AB0000000593B1
:0408AC00295000EFE0
:0408AD00008920237B
:0408AE000004091326
:0408AF00F11FF06FD6
:0408B000D3DFF0EFB3
:0408B100EFDFF06F16
:0408B20000092023F6
:0408B30000017517B4
:0408B400F4850513AF
:0408B500219000EF9F
:0408B60000C00793E4
:0408B70000F9A02381
:0408B800F71FF06FC7
:0408B900FF01011327
:0408BA000081242372
:0408BB00000504131D
:0408BC0000017517AB
:0408BD00F2450513E8
:0408BE0000112623DC
:0408BF001D9000EF99
:0408C0000344278343
:0408C10000079E632B
:0408C2000000079794
:0408C300C047879310
:0408C40002F42A23ED
:0408C5000001779720
:0408C600EDC7A78350
:0408C70000078E6335
:0408C8000081240384
:0408C90000C12083C7
:0408CA00000175179D
:0408CB00EEC505135E
:0408CC000101011312
:0408CD001B90006F0D
:0408CE00CC5FF0EF1C
:0408CF00008124037D
:0408D00000C12083C0
:0408D1000001751796
:0408D200ED05051318
:0408D300010101130B
:0408D40019D0006FC8
:0408D5000001751792
:0408D600EC05051315
:0408D7001790006F07
:0408D800000175178F
:0408D900EB450513D3
:0408DA001850006F43
:0408DB00FF01011305
:0408DC00000175178B
:0408DD00EA450513D0
:0408DE0000112623BC
:0408DF00159000EF81
:0408E00000C12083B0
:0408E10000015617A5
:0408E200E8460613CB
:0408E3000000059775
:0408E400BF05859334
:0408E50000000513F7
:0408E60001010113F8
:0408E7000380006F1B
:0408E800FF010113F8
:0408E900000156179D
:0408EA00E6460613C5
:0408EB00000005976D
:0408EC00C10585932A
:0408ED0000000513EF
:0408EE0000112623AC
:0408EF00018000EF95
:0408F00000C12083A0
:0408F1000001751776
:0408F200E505051300
:0408F30001010113EB
:0408F40011D0006FB0
:0408F500FD010113ED
:0408F6000321202397
:0408F70001312E237A
:0408F80001412C236B
:0408F90001512A235C
:0408FA00016128234D
:0408FB00017126233E
:0408FC00021126239C
:0408FD00028124232D
:0408FE00029122231E
:0408FF0000050B13D2
:0409000000058B93D0
:0409010000060A934F
:0409020000000A13D4
:040903000010099344
:04090400FFF00913E4
:04090500004AA4837D
:04090600008AA403BC
:04090700FFF48493E2
:040908000204C863BA
:0409090000C457834C
:04090A0000F9FE638F
:04090B0000E417836A
:04090C00000405934B
:04090D00000B0513C3
:04090E0001278663D4
:04090F00000B80E772
:0409100000AA6A339C
:04091100FFF48493D8
:040912000684041340
:04091300FD249CE340
:04091400000AAA83A8
:04091500FC0A90E365
:0409160002C1208377
:040917000281240332
:0409180002412483F1
:0409190002012903AB
:04091A0001C129836B
:04091B0001412A83E9
:04091C0001012B03A7
:04091D0000C12B8367
:04091E00000A0513B3
:04091F0001812A0325
:0409200003010113BB
:0409210000008067EB
:04092200FC010113C0
:0409230002C12423C6
:0409240002D12623B3
:0409250002E12823A0
:0409260002F12A238D
:0409270003012C2379
:0409280003112E2366
:04092900000586132C
:04092A00008525839C
:04092B0002810693AC
:04092C0000112E2365
:04092D0000D12623AC
:04092E00245010EF52
:04092F0001C120835F
:0409300004010113AA
:0409310000008067DB
:04093200FC010113B0
:0409330002C12423B6
:0409340002D12623A3
:040935008201A30395
:0409360002B12223C5
:0409370002E128238E
:0409380002F12A237B
:0409390003012C2367
:04093A0003112E2354
:04093B00008325838D
:04093C0002410693DB
:04093D000005061398
:04093E00000305139A
:04093F0000112E2352
:0409400000D1262399
:040941001F9010EF04
:0409420001C120834C
:040943000401011397
:0409440000008067C8
:04094500FD0101139C
:0409460002912223D5
:040947000005049310
:04094800000585130E
:0409490002812423E0
:04094A00021126234D
:04094B00000584130C
:04094C00295000EF3F
:04094D000015071377
:04094E0000013697D7
:04094F0017868693EE
:0409500000E1262379
:040951000344A78331
:040952000101071385
:0409530000D12C2380
:0409540000E1222379
:0409550000100693F5
:040956000020071363
:0409570000812823D0
:0409580000A12A23AD
:0409590000D12E2378
:04095A0000E1242371
:04095B000084A4036D
:04095C000C0782639F
:04095D0006442783A2
:04095E0000C41703B7
:04095F000017F693F4
:040960000006966394
:040961002007769362
:0409620008068C6394
:0409630001271693BF
:040964000206C06364
:04096500FFFFE6B7F3
:04096600FFF686937F
:04096700000026372F
:0409680000C767332A
:0409690000D7F7B309
:04096A0000E416236C
:04096B0006F4222349
:04096C0001279713B5
:04096D0008074663CE
:04096E00004106132B
:04096F0000040593E8
:0409700000048513E7
:04097100199040EFAA
:04097200064427838D
:0409730006051A63F8
:0409740000A0049348
:040975000017F793DD
:04097600000798637B
:0409770000C45783DE
:040978002007F793CA
:0409790000078E6382
:04097A0002C1208313
:04097B0002812403CE
:04097C0000048513DB
:04097D00024124838C
:04097E00030101135D
:04097F00000080678D
:0409800005842503C2
:040981006E8000EF95
:0409820002C120830B
:0409830002812403C6
:0409840000048513D3
:040985000241248384
:040986000301011355
:040987000000806785
:0409880005842503BA
:040989006B0000EF10
:04098A0000C417038B
:04098B000644278374
:04098C00F5DFF06F34
:04098D0000048513CA
:04098E00CADFF0EFDD
:04098F00F39FF06F73
:04099000FFF00493DD
:04099100F91FF06FEB
:0409920000050593C4
:040993008201A50335
:04099400EC5FF06FB5
:04099500FD0101134C
:040996000281242393
:040997000291222384
:0409980003212023F4
:0409990001312E23D7
:04099A0001412C23C8
:04099B0002112623FC
:04099C008201AA0327
:04099D00000504133A
:04099E0000058913B4
:04099F0000060993B2
:0409A0000006849336
:0409A100000A0663DF
:0409A200034A27835A
:0409A30020078A633C
:0409A4000020079395
:0409A50000F988636A
:0409A60000100793A3
:0409A7002137E863A9
:0409A8002004C663FE
:0409A9000644278356
:0409AA000017F793A8
:0409AB001007886346
:0409AC0000040593AB
:0409AD00000A051324
:0409AE006F4040EF67
:0409AF000304258395
:0409B00000058C634F
:0409B10004040793A0
:0409B20000F5866363
:0409B300000A05131E
:0409B400519000EF6F
:0409B50002042823ED
:0409B60000C41783DF
:0409B70000042C23E9
:0409B80000042223F2
:0409B9000807F71321
:0409BA0014071263A9
:0409BB00FFFFF7370C
:0409BC0035C7071321
:0409BD0000E7F7B3A5
:0409BE0000F4162308
:0409BF0000200713FA
:0409C00014E98A6349
:0409C10000C10693D8
:0409C2000081061397
:0409C3000004059394
:0409C400000A05130D
:0409C5006F5040EF40
:0409C60000C457838F
:0409C70000A7E7B3EB
:0409C80000F41623FE
:0409C9000A04886331
:0409CA000A090863AB
:0409CB00034A278331
:0409CC000C0786632B
:0409CD00008127037B
:0409CE0000C41783C7
:0409CF0000970A6320
:0409D00000001737D5
:0409D1008007071381
:0409D20000E7E7B3A0
:0409D30000F41623F3
:0409D40000100713F5
:0409D50000E996633C
:0409D6000017E7938C
:0409D70000F41623EF
:0409D80001242023B3
:0409D90001242823AA
:0409DA0000942A2338
:0409DB000087F71387
:0409DC0008070C6399
:0409DD000017F713F5
:0409DE001207006399
:0409DF0006442703A0
:0409E000409004B38C
:0409E10000042423C7
:0409E20000942C232E
:0409E300001777136F
:0409E4000807046399
:0409E5000000049377
:0409E60002C12083A7
:0409E7000281240362
:0409E80002012903DC
:0409E90001C129839C
:0409EA0001812A035A
:0409EB00000485136C
:0409EC00024124831D
:0409ED0003010113EE
:0409EE00000080671E
:0409EF0000C4578366
:0409F0002007F79352
:0409F100EE0796E394
:0409F2000584250350
:0409F300508000EF41
:0409F400EE1FF06F93
:0409F50000812483D6
:0409F6000004851361
:0409F700715000EF4C
:0409F80000050913DA
:0409F9000C0508637E
:0409FA0000C457835B
:0409FB000807E7936F
:0409FC0000F41623CA
:0409FD00034A2783FF
:0409FE00F2079EE37B
:0409FF00000A0513D2
:040A0000AE5FF0EF06
:040A0100F31FF06F80
:040A020000042423A5
:040A0300064427037B
:040A0400001777134D
:040A0500F80710E3FB
:040A06002007F7933B
:040A0700F6079CE36F
:040A08000584250339
:040A09004C8000EF2E
:040A0A00F6DFF06FB4
:040A0B00010425833A
:040A0C00000A0513C4
:040A0D003B5000EF6B
:040A0E0000C4178386
:040A0F00FFFFF737B7
:040A100035C70713CC
:040A110000E7F7B350
:040A120000F41623B3
:040A130000200713A5
:040A1400EAE99AE38E
:040A15000000049346
:040A16000644270368
:040A1700043406930A
:040A18000027E613BA
:040A190000D42023C2
:040A1A0000D42823B9
:040A1B00001006932E
:040A1C0000C41623D9
:040A1D00000424238A
:040A1E0000D42A23B3
:040A1F000017771332
:040A2000F0071CE3DC
:040A21002007F79320
:040A2200F00798E35E
:040A2300058425031E
:040A240045C000EFDA
:040A2500F05FF06F1F
:040A260000942423F1
:040A2700F71FF06F56
:040A2800000A0513A8
:040A2900A41FF0EF27
:040A2A00DE9FF06FEC
:040A2B00FFF0049341
:040A2C00EE9FF06FDA
:040A2D0001512A2326
:040A2E0000812A8396
:040A2F00029A806344
:040A3000000A851320
:040A310062D000EFA0
:040A3200000509139F
:040A3300000A84939E
:040A34000005066350
:040A350001412A83CE
:040A3600F11FF06F4D
:040A370000C417835D
:040A380001412A83CB
:040A3900FFF0049333
:040A3A00F71FF06F43
:040A3B00FF010113A3
:040A3C0000812423EE
:040A3D000005841319
:040A3E0000E59583B7
:040A3F000011262359
:040A40002F8000EF14
:040A41000205406307
:040A420005042783FD
:040A430000C120834B
:040A440000A787B3CD
:040A450004F428236A
:040A46000081240304
:040A47000101011395
:040A480000008067C3
:040A490000C457830B
:040A4A00FFFFF7377C
:040A4B00FFF7071397
:040A4C0000E7F7B315
:040A4D0000C1208341
:040A4E0000F4162377
:040A4F0000812403FB
:040A5000010101138C
:040A510000008067BA
:040A52000000051388
:040A530000008067B8
:040A540000C59783BF
:040A5500FE0101138A
:040A560000812C23CC
:040A570000912A23BD
:040A5800012128232D
:040A5900013126231E
:040A5A0000112E2336
:040A5B001007F71376
:040A5C0000058413FA
:040A5D0000050493F9
:040A5E000006091372
:040A5F000006899371
:040A60000407106314
:040A6100FFFFF73765
:040A6200FFF7071380
:040A630000E7F7B3FE
:040A640000E4158312
:040A650000F4162360
:040A660001812403E3
:040A670001C1208326
:040A68000009869368
:040A69000009061367
:040A6A0000C129831B
:040A6B000101290359
:040A6C0000048513EA
:040A6D00014124839C
:040A6E00020101136D
:040A6F002A00006FEA
:040A700000E5958385
:040A710000200693C8
:040A72000000061367
:040A73001C8000EFF4
:040A740000C4178320
:040A7500FB1FF06F04
:040A7600FF01011368
:040A770000812423B3
:040A780000058413DE
:040A790000E595837C
:040A7A00001126231E
:040A7B001A8000EFEE
:040A7C00FFF00793ED
:040A7D0002F5086313
:040A7E0000C45783D6
:040A7F000000173725
:040A800000C120830E
:040A810000E7E7B3F0
:040A8200010797933E
:040A83004107D793BD
:040A840004A428237B
:040A850000F4162340
:040A860000812403C4
:040A87000101011355
:040A88000000806783
:040A890000C45783CB
:040A8A00FFFFF7373C
:040A8B00FFF7071357
:040A8C0000E7F7B3D5
:040A8D000107979333
:040A8E004107D793B2
:040A8F0000C12083FF
:040A900000F4162335
:040A910000812403B9
:040A9200010101134A
:040A93000000806778
:040A940000E5958361
:040A95000040006FAE
:040A9600FF01011348
:040A97000081242393
:040A9800000504133E
:040A990000058513BC
:040A9A000001679759
:040A9B007807A6230F
:040A9C0000112623FC
:040A9D00261110EF1F
:040A9E00FFF00793CB
:040A9F0000F50A63F1
:040AA00000C12083EE
:040AA10000812403A9
:040AA200010101133A
:040AA3000000806768
:040AA400000167974F
:040AA5007647A78366
:040AA600FE0784E3E0
:040AA70000C12083E7
:040AA80000F4202313
:040AA90000812403A1
:040AAA000101011332
:040AAB000000806760
:040AAC008201A78399
:040AAD000CA78E63A1
:040AAE000445258353
:040AAF00FE01011330
:040AB00000912A2364
:040AB10000112E23DF
:040AB20000812C2370
:040AB30000050493A3
:040AB400040588634A
:040AB50001212823D0
:040AB60001312623C1
:040AB700000009131F
:040AB8000800099396
:040AB900012587B3D9
:040ABA000007A4038A
:040ABB0000040E63C2
:040ABC00000405939A
:040ABD00000424030A
:040ABE000004851398
:040ABF000ED000EF66
:040AC000FE0418E335
:040AC1000444A583C1
:040AC20000490913CB
:040AC300FD391CE3FA
:040AC4000004851392
:040AC5000D5000EFE1
:040AC60001012903FE
:040AC70000C12983BE
:040AC8000384A5837B
:040AC900000586633B
:040ACA00000485138C
:040ACB000BD000EF5D
:040ACC000404A40377
:040ACD0000040C63B2
:040ACE000004059388
:040ACF0000042403F8
:040AD0000004851386
:040AD1000A5000EFD8
:040AD200FE0418E323
:040AD30004C4A5832F
:040AD4000005866330
:040AD5000004851381
:040AD600091000EF14
:040AD7000344A783AA
:040AD80000078E6322
:040AD9000181240370
:040ADA0001C12083B3
:040ADB00000485137B
:040ADC00014124832D
:040ADD0002010113FE
:040ADE000007806726
:040ADF0001C12083AE
:040AE0000181240369
:040AE1000141248328
:040AE20002010113F9
:040AE3000000806728
:040AE4000000806727
:040AE500FF010113F9
:040AE600000587136D
:040AE7000081242343
:040AE800000605936C
:040AE90000050413ED
:040AEA000006861369
:040AEB0000070513E8
:040AEC000001679707
:040AED006407A223D5
:040AEE0000112623AA
:040AEF00619110EF12
:040AF000FFF0079379
:040AF10000F50A639F
:040AF20000C120839C
:040AF3000081240357
:040AF40001010113E8
:040AF5000000806716
:040AF60000016797FD
:040AF70061C7A783A9
:040AF800FE0784E38E
:040AF90000C1208395
:040AFA0000F42023C1
:040AFB00008124034F
:040AFC0001010113E0
:040AFD00000080670E
:040AFE00FF010113E0
:040AFF000005871354
:040B00000081242329
:040B01000006059352
:040B020000050413D3
:040B0300000686134F
:040B040000070513CE
:040B050000016797ED
:040B06005E07A023C3
:040B07000011262390
:040B080016C120EF03
:040B0900FFF007935F
:040B0A0000F50A6385
:040B0B0000C1208382
:040B0C00008124033D
:040B0D0001010113CE
:040B0E0000008067FC
:040B0F0000016797E3
:040B10005B87A783D5
:040B1100FE0784E374
:040B120000C120837B
:040B130000F42023A7
:040B14000081240335
:040B150001010113C6
:040B160000008067F4
:040B1700FF010113C6
:040B1800000587133A
:040B19000081242310
:040B1A000006059339
:040B1B0000050413BA
:040B1C000006861336
:040B1D0000070513B5
:040B1E0000016797D4
:040B1F005607AE23A4
:040B20000011262377
:040B2100308120EF10
:040B2200FFF0079346
:040B230000F50A636C
:040B240000C1208369
:040B25000081240324
:040B260001010113B5
:040B270000008067E3
:040B280000016797CA
:040B29005547A78302
:040B2A00FE0784E35B
:040B2B0000C1208362
:040B2C0000F420238E
:040B2D00008124031C
:040B2E0001010113AD
:040B2F0000008067DB
:040B300000008067DA
:040B310000008067D9
:040B320000008067D8
:040B330000008067D7
:040B340000008067D6
:040B350000008067D5
:040B36000010051393
:040B370000008067D3
:040B38000010051391
:040B390000008067D1
:040B3A0000008067D0
:040B3B0000008067CF
:040B3C000005059318
:040B3D008201A50389
:040B3E00D61FF06F5F
:040B3F00FC010113A1
:040B400002C12423A7
:040B410002D1262394
:040B420002F12A236F
:040B4300000606930F
:040B44000281079390
:040B4500000586130E
:040B4600000505930E
:040B47008201A5037F
:040B480000112E2347
:040B490002E128237A
:040B4A0003012C2354
:040B4B0003112E2341
:040B4C0000F126236B
:040B4D00535040EFD2
:040B4E0001C120833E
:040B4F000401011389
:040B500000008067BA
:040B510000F003139A
:040B52000005071380
:040B530002C37E63F8
:040B540000F777939C
:040B55000A07906398
:040B56000805926399
:040B5700FF0676938C
:040B580000F676131A
:040B590000E686B379
:040B5A0000B720239D
:040B5B0000B722239A
:040B5C0000B7242397
:040B5D0000B7262394
:040B5E000107071371
:040B5F00FED766E374
:040B60000006146314
:040B610000008067A9
:040B620040C306B3D3
:040B6300002696933F
:040B640000000297F4
:040B6500005686B3FD
:040B660000C68067DE
:040B670000B70723A9
:040B680000B706A329
:040B690000B70623A8
:040B6A0000B705A328
:040B6B0000B70523A7
:040B6C0000B704A327
:040B6D0000B70423A6
:040B6E0000B703A326
:040B6F0000B70323A5
:040B700000B702A325
:040B710000B70223A4
:040B720000B701A324
:040B730000B70123A3
:040B740000B700A323
:040B750000B70023A2
:040B76000000806794
:040B77000FF5F593EE
:040B780000859693CB
:040B790000D5E5B30B
:040B7A000105969348
:040B7B0000D5E5B309
:040B7C00F6DFF06F41
:040B7D000027969324
:040B7E0000000297DA
:040B7F00005686B3E3
:040B8000000082935C
:040B8100FA0680E709
:040B8200000280935A
:040B8300FF0787934E
:040B840040F70733FC
:040B850000F606333D
:040B8600F6C378E357
:040B8700F3DFF06F39
:040B880000A5C7B34A
:040B89000037F793A7
:040B8A0000C508B3E7
:040B8B000607946362
:040B8C00003007939B
:040B8D0006C7F06344
:040B8E000035779324
:040B8F000005071343
:040B900006079A6357
:040B9100FFC8F61390
:040B920040E606B380
:040B930002000793C2
:040B940008D7CE634D
:040B9500000586933E
:040B960000070793BA
:040B970002C77863B6
:040B98000006A803A8
:040B990000478793F7
:040B9A0000468693F8
:040B9B00FF07AE237F
:040B9C00FEC7E8E3C5
:040B9D00FFF60793C5
:040B9E0040E787B3F2
:040B9F00FFC7F79302
:040BA00000478793F0
:040BA10000F707331F
:040BA20000F585B322
:040BA300011768636B
:040BA4000000806766
:040BA500000507132D
:040BA6000515786356
:040BA7000005C783FB
:040BA8000017071318
:040BA900001585931B
:040BAA00FEF70FA3A0
:040BAB00FEE898E3E5
:040BAC00000080675E
:040BAD000005C683F6
:040BAE000017071312
:040BAF000037779301
:040BB000FED70FA3BA
:040BB1000015859313
:040BB200F6078EE3D1
:040BB3000005C683F0
:040BB400001707130C
:040BB50000377793FB
:040BB600FED70FA3B4
:040BB700001585930D
:040BB800FC079AE3B9
:040BB900F61FF06FC4
:040BBA000000806750
:040BBB00FF01011322
:040BBC00008126236B
:040BBD00020004131B
:040BBE000005A38308
:040BBF000045A283C8
:040BC0000085AF837A
:040BC10000C5AF03B9
:040BC2000105AE83F8
:040BC3000145AE0337
:040BC4000185A30301
:040BC50001C5A803BB
:040BC6000205A683FB
:040BC70002470713C7
:040BC80040E607B349
:040BC900FC772E2364
:040BCA00FE5720238F
:040BCB00FFF72223EB
:040BCC00FFE72423F8
:040BCD00FFD7262305
:040BCE00FFC7282312
:040BCF00FE672A2370
:040BD000FF072C23CC
:040BD100FED72E23FA
:040BD20002458593C0
:040BD300FAF446E307
:040BD40000058693FF
:040BD500000707937B
:040BD60002C7786377
:040BD7000006A80369
:040BD80000478793B8
:040BD90000468693B9
:040BDA00FF07AE2340
:040BDB00FEC7E8E386
:040BDC00FFF6079386
:040BDD0040E787B3B3
:040BDE00FFC7F793C3
:040BDF0000478793B1
:040BE00000F70733E0
:040BE10000F585B3E3
:040BE200011768632C
:040BE30000C1240326
:040BE40001010113F7
:040BE5000000806725
:040BE6000005C783BC
:040BE70000170713D9
:040BE80000158593DC
:040BE900FEF70FA361
:040BEA00FEE882E3BC
:040BEB000005C783B7
:040BEC0000170713D4
:040BED0000158593D7
:040BEE00FEF70FA35C
:040BEF00FCE89EE39D
:040BF000FCDFF06FC7
:040BF10000357793C1
:040BF20000050713E0
:040BF30004079C63F4
:040BF4007F7F86B7C2
:040BF500F7F68693F6
:040BF600FFF0059374
:040BF70000072603CA
:040BF8000047071398
:040BF90000D677B3F8
:040BFA0000D787B3E6
:040BFB0000C7E7B395
:040BFC0000D7E7B384
:040BFD00FEB784E3D8
:040BFE00FFC7468364
:040BFF0040A707B351
:040C000004068463FF
:040C0100FFD7468350
:040C020002068C63F7
:040C0300FFE74503BF
:040C040000A03533E4
:040C050000F50533BE
:040C0600FFE50513EE
:040C07000000806702
:040C0800FA0688E37D
:040C09000007478316
:040C0A0000170713B5
:040C0B0000377693A5
:040C0C00FE0798E364
:040C0D0040A70733C2
:040C0E00FFF70513D4
:040C0F0000008067FA
:040C1000FFD7851372
:040C110000008067F8
:040C1200FFC7851380
:040C130000008067F6
:040C1400FE010113C9
:040C1500012128236E
:040C1600824189137B
:040C170000812C2309
:040C180000050413BC
:040C190000092503A6
:040C1A0000912A23F8
:040C1B00013126235A
:040C1C00014124234B
:040C1D0000112E2371
:040C1E0000058493B6
:040C1F0000060A13AE
:040C200000068993AE
:040C2100C51FF0EF0C
:040C2200000167174F
:040C23001907071393
:040C2400000727831B
:040C250008078663D3
:040C26000047A703D9
:040C270001F0059340
:040C28000009250397
:040C290008E5C663B1
:040C2A0000271593F7
:040C2B0002041E633E
:040C2C000017071393
:040C2D0000E7A22317
:040C2E0000B787B3D1
:040C2F000097A42363
:040C3000C2DFF0EF40
:040C310000000513A7
:040C320001C1208359
:040C33000181240314
:040C340001412483D3
:040C3500010129038D
:040C360000C129834D
:040C370000812A030B
:040C380002010113A1
:040C390000008067D0
:040C3A0000B7883344
:040C3B00094824231D
:040C3C001887A683EC
:040C3D00001006138A
:040C3E0000E6163383
:040C3F0000C6E6B352
:040C400018D7A423FA
:040C4100113824231F
:040C420000200693F5
:040C4300FAD412E3EA
:040C440018C7A683A4
:040C450000C6E6B34C
:040C460018D7A623F2
:040C4700F95FF06FF2
:040C480000016797A9
:040C49002C878793DA
:040C4A0000F720236C
:040C4B00F6DFF06F71
:040C4C00BBDFF0EF2B
:040C4D00FFF005139C
:040C4E00F91FF06F2B
:040C4F00FD0101138F
:040C500001712623E5
:040C510082418B93BE
:040C520001612823F1
:040C530000050B137A
:040C5400000BA503E9
:040C550001412C230A
:040C560000016A1718
:040C57000C0A0A1366
:040C58000321202331
:040C590001812423CE
:040C5A00021126233A
:040C5B0000058C13F1
:040C5C00B65FF0EFA0
:040C5D00000A29035D
:040C5E0008090C6312
:040C5F0001312E230E
:040C600001512A23F1
:040C610002812423C5
:040C620002912223B6
:040C630001912223B6
:040C6400FFF0099301
:040C650000100A93DE
:040C6600004924839A
:040C6700FFF48413FF
:040C680004044E63CF
:040C6900002494933C
:040C6A00009904B336
:040C6B00080C1463FA
:040C6C000049278391
:040C6D000044A68316
:040C6E00FFF7879372
:040C6F000C8780630B
:040C70000004A223B7
:040C7100020686638E
:040C72001889278333
:040C7300008A973329
:040C740000492C8384
:040C750000F777B35A
:040C760006079A6370
:040C7700000680E70C
:040C78000049270305
:040C7900000A2783C3
:040C7A00099714635F
:040C7B000927926350
:040C7C00FFF404136A
:040C7D00FFC4849399
:040C7E00FB341AE346
:040C7F0002812403C7
:040C80000241248386
:040C810001C1298301
:040C820001412A837F
:040C830000412C837D
:040C8400000BA503B9
:040C850002C1208305
:040C8600020129033B
:040C870001812A03BA
:040C880001012B0338
:040C890000C12B83F8
:040C8A0000812C03B6
:040C8B00030101134D
:040C8C00ABDFF06F7B
:040C8D001044A783E5
:040C8E00F7878CE375
:040C8F00FFF4041357
:040C9000FFC4849386
:040C9100FF3418E331
:040C9200FB5FF06FA5
:040C930018C92783D2
:040C94000844A583E8
:040C950000F77733BA
:040C960002071663D8
:040C9700000B051336
:040C9800000680E7EB
:040C990000492703E4
:040C9A00000A2783A2
:040C9B00F99700E3E2
:040C9C00F80786E3EC
:040C9D0000078913B0
:040C9E00F21FF06FE2
:040C9F000089222383
:040CA000F45FF06F9E
:040CA10000058513B2
:040CA200000680E7E1
:040CA300F55FF06F9A
:040CA40000000793B2
:040CA5000007886359
:040CA60000005517DE
:040CA70088C50513E4
:040CA800C0DFE06F5A
:040CA9000000806760
:040CAA00FE01011333
:040CAB0000812C2375
:040CAC0000912A2366
:040CAD0001212823D6
:040CAE0001312623C7
:040CAF0001412423B8
:040CB000000589931F
:040CB10000112E23DD
:040CB200000509131D
:040CB30000014A17DB
:040CB40006CA0A134F
:040CB500411000EFFB
:040CB600008A270386
:040CB700000017B76B
:040CB800FEF7879329
:040CB9000047248349
:040CBA0000001737E8
:040CBB00FFC4F493EB
:040CBC0000F4843389
:040CBD004134043387
:040CBE0000C4541307
:040CBF00FFF4041327
:040CC00000C4141345
:040CC10000E44E639A
:040CC2000000059396
:040CC300000905130C
:040CC4007BC040EFC2
:040CC500008A2783F7
:040CC600009787B359
:040CC70002F50863C7
:040CC8000009051307
:040CC9003CD000EF2C
:040CCA0001C12083C1
:040CCB00018124037C
:040CCC00014124833B
:040CCD0001012903F5
:040CCE0000C12983B5
:040CCF0000812A0373
:040CD0000000051308
:040CD1000201011308
:040CD2000000806737
:040CD300408005B3A5
:040CD40000090513FB
:040CD500778040EFF5
:040CD600FFF0079391
:040CD70004F50A63B3
:040CD8000001671799
:040CD9002187071355
:040CDA000007278365
:040CDB00008A2683E2
:040CDC00408484B319
:040CDD000014E49388
:040CDE00408787B311
:040CDF0000090513F0
:040CE0000096A223B5
:040CE10000F72023D5
:040CE200369000EF59
:040CE30001C12083A8
:040CE4000181240363
:040CE5000141248322
:040CE60001012903DC
:040CE70000C129839C
:040CE80000812A035A
:040CE90000100513DF
:040CEA0002010113EF
:040CEB00000080671E
:040CEC00000005936C
:040CED0000090513E2
:040CEE00714040EF22
:040CEF00008A27034D
:040CF00000F0069377
:040CF10040E507B320
:040CF200F4F6DCE355
:040CF3008281A683D1
:040CF40040D50533AF
:040CF5000017E7936A
:040CF60000016697FC
:040CF7001AA6A02376
:040CF80000F72223BC
:040CF900F3DFF06FC6
:040CFA0018058263F4
:040CFB00FF010113E1
:040CFC00008124232C
:040CFD00009122231D
:040CFE000005841356
:040CFF000005049355
:040D00000011262395
:040D01002E1000EFC1
:040D0200FFC4258382
:040D0300FF8407134F
:040D0400000145178E
:040D0500F28505135B
:040D0600FFE5F7937B
:040D070000F70633B8
:040D080000462683F8
:040D09000085280336
:040D0A00FFC6F69397
:040D0B001AC802639D
:040D0C0000D62223C8
:040D0D000015F59345
:040D0E0000D60833D0
:040D0F000A059063DE
:040D1000FF84230336
:040D110000482583EE
:040D120000014897FD
:040D1300EF8888934A
:040D140040670733FA
:040D15000087280328
:040D1600006787B338
:040D17000015F5933B
:040D18001518026345
:040D190000C72303E9
:040D1A000068262324
:040D1B000103242389
:040D1C001A058863C9
:040D1D000017E69342
:040D1E0000D72223B5
:040D1F0000F6202397
:040D20001FF0069327
:040D210006F6EC6383
:040D2200FF87F693BE
:040D2300008686932D
:040D240000452583DE
:040D250000D506B33C
:040D26000006A6031A
:040D27000057D81386
:040D2800001007931D
:040D2900010797B374
:040D2A0000B7E7B374
:040D2B00FF86859327
:040D2C0000B72623C3
:040D2D0000C72423B4
:040D2E0000F5222387
:040D2F0000E6A02317
:040D300000E6262390
:040D31000081240316
:040D320000C1208359
:040D33000004851320
:040D340000412483D3
:040D350001010113A4
:040D36002190006F99
:040D370000482583C8
:040D38000015F5931A
:040D390008058663C0
:040D3A000017E69325
:040D3B00FED42E2391
:040D3C0000F620237A
:040D3D001FF006930A
:040D3E00F8F6F8E3E8
:040D3F000097D693B0
:040D40000040061356
:040D410012D6626301
:040D42000067D693DD
:040D430003968593FB
:040D44000386861389
:040D4500003595934D
:040D460000B505B33C
:040D47000005A6837A
:040D4800FF8585930B
:040D490000D59863D6
:040D4A001580006FA1
:040D4B000086A683F5
:040D4C0000D58863E3
:040D4D000046A603B3
:040D4E00FFC6761353
:040D4F00FEC7E8E310
:040D500000C6A583B1
:040D510000B726239E
:040D520000D724237F
:040D530000812403F4
:040D540000C1208337
:040D550000E5A423EE
:040D560000048513FD
:040D570000412483B0
:040D580000E6A623E8
:040D59000101011380
:040D5A001890006F7E
:040D5B0000008067AD
:040D5C0000D787B382
:040D5D0000014897B2
:040D5E00DCC88893D2
:040D5F000086268361
:040D60000D168E637B
:040D610000C628039D
:040D62000017E593FE
:040D630000F706335C
:040D64000106A623BB
:040D650000D824236B
:040D660000B722238D
:040D670000F620234F
:040D6800EE1FF06F1B
:040D690012059E636E
:040D6A000086258357
:040D6B0000C6260395
:040D6C0000F686B354
:040D6D000016E793F2
:040D6E0000C5A623F3
:040D6F0000B6242383
:040D700000F7222343
:040D710000D707336D
:040D720000D7202363
:040D7300EF9FF06F8F
:040D74000015F593DE
:040D750000D786B36A
:040D7600020590637F
:040D7700FF8425834D
:040D780040B7073346
:040D790000C7278305
:040D7A0000872603C5
:040D7B0000B686B385
:040D7C0000F6262334
:040D7D0000C7A423E4
:040D7E000016E793E1
:040D7F0000F7222334
:040D800000E5242343
:040D810082C1A78301
:040D8200EAF6EEE3BC
:040D8300000165976F
:040D8400C185A583FD
:040D850000048513CE
:040D8600C91FF0EFA2
:040D8700EA9FF06F80
:040D880000D787B356
:040D8900F59FF06F73
:040D8A00014006130B
:040D8B0002D67063B9
:040D8C000540061305
:040D8D0006D66463BF
:040D8E0000C7D69331
:040D8F0006F685934C
:040D900006E68613DA
:040D91000035959301
:040D9200ED1FF06FF2
:040D930005C6859379
:040D940005B6861307
:040D950000359593FD
:040D9600EC1FF06FEF
:040D970000E52A2326
:040D980000E5282327
:040D99000017E693C6
:040D9A0001172623F4
:040D9B0001172423F5
:040D9C0000D7222337
:040D9D0000F7073321
:040D9E0000F7202317
:040D9F00E49FF06F6E
:040DA00000452803DF
:040DA100402656137F
:040DA20000100793A3
:040DA30000C797B33B
:040DA4000107E7B3A9
:040DA50000F5222310
:040DA600EADFF06F21
:040DA70015400613DA
:040DA80000D66C63A2
:040DA90000F7D693E6
:040DAA0007868593A0
:040DAB00077686132E
:040DAC0000359593E6
:040DAD00E65FF06F9E
:040DAE005540061393
:040DAF0000D66C639B
:040DB0000127D693AE
:040DB10007D6859349
:040DB20007C68613D7
:040DB30000359593DF
:040DB400E49FF06F59
:040DB5003F800593E3
:040DB60007E0061339
:040DB700E3DFF06F17
:040DB8000017E693A7
:040DB90000D722231A
:040DBA0000F62023FC
:040DBB00DD9FF06F59
:040DBC000005059396
:040DBD008201A50307
:040DBE000100006FC1
:040DBF000005059393
:040DC0008201A50304
:040DC100CE5FF06FA2
:040DC200FD0101131B
:040DC30003212023C5
:040DC40002112623CF
:040DC5000281242360
:040DC6000291222351
:040DC70001312E23A5
:040DC80000B5879358
:040DC90001600713AB
:040DCA000005091304
:040DCB0008F7626360
:040DCC000100079388
:040DCD0020B7E66302
:040DCE007AC000EFF8
:040DCF000180079305
:040DD0000020059367
:040DD1000100049386
:040DD200000149973C
:040DD300BF09899338
:040DD40000F987B3E8
:040DD5000047A4032C
:040DD600FF878713F9
:040DD70036E4026399
:040DD8000044278329
:040DD90000C42683A9
:040DDA000084260368
:040DDB00FFC7F793C4
:040DDC0000F407B365
:040DDD000047A70321
:040DDE0000D62623F2
:040DDF0000C6A42383
:040DE000001767137E
:040DE10000090513ED
:040DE20000E7A22361
:040DE300764000EF67
:040DE400008405136F
:040DE50002C12083A4
:040DE600028124035F
:040DE700024124831E
:040DE80002012903D8
:040DE90001C1298398
:040DEA0003010113ED
:040DEB00000080671D
:040DEC00FF87F493F6
:040DED001807C663BA
:040DEE0018B4E463EE
:040DEF00728000EF1F
:040DF0001F700793D6
:040DF1004097F863CC
:040DF2000094D793FF
:040DF30018078263F8
:040DF40000400713A1
:040DF50034F76E63FE
:040DF6000064D7932B
:040DF7000397859346
:040DF80003878813D2
:040DF9000035961318
:040DFA000001499714
:040DFB00B50989931A
:040DFC0000C9863371
:040DFD000046240385
:040DFE00FF86061353
:040DFF0002860863FD
:040E000000F00513E6
:040E01000140006F3D
:040E020000C426837F
:040E03002A07566301
:040E040000D60E63A3
:040E0500000684134C
:040E060000442783FA
:040E0700FFC7F79397
:040E08004097873355
:040E0900FEE552E3CD
:040E0A000008059344
:040E0B000109A40332
:040E0C000001489702
:040E0D00B10888930D
:040E0E0027140C6336
:040E0F0000442783F1
:040E100000F0069355
:040E1100FFC7F7938D
:040E1200409787334B
:040E130038E6CA6390
:040E14000119AA23F3
:040E15000119A823F4
:040E160034075E63DC
:040E17001FF00713AE
:040E18000049A503E5
:040E190026F76663EF
:040E1A00FF87F71344
:040E1B000087071332
:040E1C0000E987332F
:040E1D000007268321
:040E1E000057D61390
:040E1F000010079325
:040E200000C797B3BD
:040E210000F5653340
:040E2200FF870793AC
:040E230000F426238E
:040E240000D42423AF
:040E250000A9A2235B
:040E260000872023FE
:040E27000086A62378
:040E28004025D793F7
:040E2900001006139C
:040E2A0000F6163385
:040E2B000AC56A6327
:040E2C0000A677B3F2
:040E2D0002079463C1
:040E2E000016161381
:040E2F00FFC5F59373
:040E300000A677B3EE
:040E31000045859360
:040E320000079A63B8
:040E3300001616137C
:040E340000A677B3EA
:040E3500004585935C
:040E3600FE078AE346
:040E370000F00813AC
:040E380000359313DB
:040E39000069833396
:040E3A000003051399
:040E3B0000C5278344
:040E3C0000058E130C
:040E3D0026F5006333
:040E3E000047A703BF
:040E3F000007841311
:040E400000C7A783BD
:040E4100FFC777135D
:040E4200409706B31C
:040E430026D840630A
:040E4400FE06C2E301
:040E450000E407338B
:040E460000472683B8
:040E470000842603FA
:040E48000009051385
:040E49000016E69316
:040E4A0000D7222388
:040E4B0000F6262364
:040E4C0000C7A42314
:040E4D005BC000EF97
:040E4E000084051304
:040E4F00E59FF06FBC
:040E500000C0079344
:040E510000F9202361
:040E52000000051384
:040E5300E49FF06FB9
:040E54002000061361
:040E550004000593FD
:040E560003F008138A
:040E5700E8DFF06F71
:040E58000089A40366
:040E590001612823E8
:040E5A0000442783A6
:040E5B00FFC7FB13BF
:040E5C00009B68632C
:040E5D00409B07337C
:040E5E0000F0079306
:040E5F000EE7C8636F
:040E600001912223B7
:040E610082818C936B
:040E6200000CA703D6
:040E630001412C23FA
:040E640001512A23EB
:040E650001712623CE
:040E660000016A9786
:040E670088CAAA8308
:040E6800FFF00793FD
:040E690001640A33E3
:040E6A0001548AB3F2
:040E6B003EF70263E9
:040E6C00000017B7B4
:040E6D0000F7879370
:040E6E0000FA8AB349
:040E6F00FFFFF7B7D3
:040E700000FAFAB3D7
:040E7100000A85935B
:040E7200000905135B
:040E7300100040EF3C
:040E7400FFF00793F1
:040E750000050B93D6
:040E760046F50663D4
:040E770001812423AE
:040E78002545686341
:040E790000016C17F1
:040E7A00B94C0C1350
:040E7B00000C2583BF
:040E7C0000BA85B380
:040E7D0000BC202372
:040E7E0000058713D1
:040E7F002CAA106326
:040E8000014517937E
:040E81002A079C633D
:040E82000089AB83B5
:040E8300015B07B355
:040E84000017E793D9
:040E850000FBA223A9
:040E860000016717E9
:040E87008087071346
:040E880000072683B6
:040E890000B6F46358
:040E8A0000B720236A
:040E8B0000015717F4
:040E8C007F070713C2
:040E8D0000072683B1
:040E8E0000B6F46353
:040E8F0000B7202365
:040E900000812C03AE
:040E9100000B8413BB
:040E9200FFC7F7930C
:040E930040978733CA
:040E94003897EC633C
:040E950000F00793CF
:040E960038E7D863FE
:040E970001812A03A8
:040E980001412A8367
:040E990000C12B83E6
:040E9A0000412C8364
:040E9B000014E793C5
:040E9C0000F4222319
:040E9D00009404B306
:040E9E000099A423F0
:040E9F0000176713BE
:040EA000000905132D
:040EA10000E4A223A4
:040EA200468000EF97
:040EA30002C12083E5
:040EA40000840513AE
:040EA500028124039F
:040EA60001012B0318
:040EA700024124835D
:040EA8000201290317
:040EA90001C12983D7
:040EAA00030101132C
:040EAB00000080675C
:040EAC000049A50351
:040EAD00DEDFF06F25
:040EAE000084260393
:040EAF00CB5FF06FB6
:040EB00000C7A403D0
:040EB1000025859300
:040EB200D68782E37A
:040EB300C95FF06FB4
:040EB4000097D713B9
:040EB5000040069360
:040EB60014E6F263E9
:040EB700014006935D
:040EB80032E6E663D5
:040EB90005C7061350
:040EBA0005B70693DF
:040EBB0000361613D4
:040EBC0000C98633B0
:040EBD000006270301
:040EBE00FF86061392
:040EBF0000E61863CE
:040EC0002980006F16
:040EC100008727037C
:040EC20000E60863DB
:040EC300004726833B
:040EC400FFC6F693DC
:040EC500FED7E8E389
:040EC60000C7260338
:040EC70000C426231A
:040EC80000E42423FB
:040EC9000086242358
:040ECA000087262354
:040ECB00D75FF06F8E
:040ECC0001400713C7
:040ECD0010F778633F
:040ECE0005400713C1
:040ECF002EF7666331
:040ED00000C4D793F0
:040ED10006F7859308
:040ED20006E7881394
:040ED300003596133D
:040ED400C99FF06F53
:040ED500001E0E13DA
:040ED600003E7793D0
:040ED700008505137A
:040ED800100780631C
:040ED90000C52783A6
:040EDA00D8DFF06FFE
:040EDB000084260366
:040EDC000014E59386
:040EDD0000B4222318
:040EDE0000F62623D1
:040EDF0000C7A42381
:040EE000009404B3C3
:040EE1000099AA23A7
:040EE2000099A823A8
:040EE3000016E7937B
:040EE4000114A6232C
:040EE5000114A4232D
:040EE60000F4A2234F
:040EE70000E40733E9
:040EE80000090513E5
:040EE90000D72023EB
:040EEA00348000EF61
:040EEB000084051367
:040EEC00BE5FF06F86
:040EED0000F407B353
:040EEE000047A7030F
:040EEF0000090513DE
:040EF000001767136D
:040EF10000E7A22351
:040EF200328000EF5B
:040EF300008405135F
:040EF400BC5FF06F80
:040EF5000034D5935D
:040EF600008487935A
:040EF700B6DFF06F03
:040EF8000014E69369
:040EF90000D42223DC
:040EFA00009404B3A9
:040EFB000099AA238D
:040EFC000099A8238E
:040EFD0000176693E1
:040EFE000114A62312
:040EFF000114A42313
:040F000000D4A22354
:040F010000F407B33E
:040F020000090513CA
:040F030000E7A02340
:040F04002E0000EFCC
:040F0500008405134C
:040F0600B7DFF06FF2
:040F07000067D71395
:040F08000397061332
:040F090003870693C1
:040F0A000036161384
:040F0B00EC5FF06F38
:040F0C0007340C6337
:040F0D000089A403B0
:040F0E0000812C032F
:040F0F0000442783F0
:040F1000E09FF06FFF
:040F110005C78593F8
:040F120005B7881384
:040F130000359613FC
:040F1400B99FF06F22
:040F150000832783AB
:040F1600FFF58593CB
:040F17002867906354
:040F18000035F79316
:040F1900FF8303133C
:040F1A00FE0796E355
:040F1B000049A703DF
:040F1C00FFF6479302
:040F1D0000E7F7B33F
:040F1E0000F9A22311
:040F1F00001616138F
:040F2000CEC7E0E375
:040F2100CC060EE309
:040F220000F677332B
:040F230000071A6346
:040F2400001616138A
:040F250000F6773328
:040F2600004E0E1358
:040F2700FE070AE3D4
:040F2800000E05931F
:040F2900C3DFF06FC3
:040F2A0000016C173F
:040F2B008D0C0C130A
:040F2C00000C27038B
:040F2D0000EA87331C
:040F2E0000EC202390
:040F2F00000CA68389
:040F3000FFF0079334
:040F310018F68663C5
:040F3200414B87B3F5
:040F330000E787B399
:040F340000FC20237A
:040F3500007BFC93AE
:040F36000C0C8C63B0
:040F3700419B8BB39C
:040F3800000017B7E7
:040F39000087879313
:040F3A00008B8B930A
:040F3B00419785B3A2
:040F3C00015B8AB318
:040F3D00415585B3E2
:040F3E000145959341
:040F3F000145DA137B
:040F4000000A05930B
:040F4100000905138B
:040F42005C5030EFE0
:040F4300FFF0079321
:040F440018F5006339
:040F450041750533BA
:040F460001450AB3A4
:040F4700000C270370
:040F48000179A42364
:040F4900001AE79310
:040F4A0000EA05B301
:040F4B0000BC2023A3
:040F4C0000FBA223E1
:040F4D00CF3402E3B8
:040F4E0000F0069316
:040F4F000B66F063DA
:040F5000004427032F
:040F5100FF4B0793B8
:040F5200FF87F7938B
:040F530000177713F9
:040F540000F7673308
:040F550000E422236F
:040F5600005006132E
:040F570000F4073368
:040F580000C7222389
:040F590000C7242386
:040F5A0000F6E66354
:040F5B00004BA7831D
:040F5C00CA9FF06FC9
:040F5D000084059374
:040F5E00000905136E
:040F5F00E6CFF0EFFA
:040F60000089AB83D6
:040F6100000C2583D8
:040F6200004BA78316
:040F6300C8DFF06F84
:040F6400010A8A9361
:040F6500C31FF06F47
:040F66004026D693B8
:040F670000100793DC
:040F680000D797B364
:040F690000F56533F7
:040F6A0000A9A22315
:040F6B00D71FF06F2D
:040F6C00015B85B3ED
:040F6D0040B005B3D8
:040F6E000145959311
:040F6F000145DA134B
:040F7000000A0593DB
:040F7100000905135B
:040F7200505030EFBC
:040F7300FFF00793F1
:040F7400F4F512E39B
:040F750000000A135B
:040F7600F45FF06FC5
:040F770000812C03C6
:040F780000100793CB
:040F790000FBA223B4
:040F7A000009051352
:040F7B00104000EF33
:040F7C000000051359
:040F7D0001812A03C1
:040F7E0001412A8380
:040F7F0001012B033E
:040F800000C12B83FE
:040F810000412C837C
:040F820098DFF06F95
:040F8300054006938C
:040F840004E6E46338
:040F850000C7D713B7
:040F860006F7061351
:040F870006E70693E0
:040F88000036161306
:040F8900CCDFF06F5A
:040F8A0015400713F4
:040F8B0004F76463A0
:040F8C0000F4D79303
:040F8D0007878593BA
:040F8E000777881346
:040F8F000035961380
:040F90009A9FF06FC5
:040F91000089A4032C
:040F9200004427836D
:040F9300BFDFF06F5D
:040F9400017CA02319
:040F9500E81FF06FF2
:040F96001540069369
:040F970004E6E46325
:040F980000F7D71374
:040F990007870613AD
:040F9A00077706933C
:040F9B0000361613F3
:040F9C00C81FF06F0B
:040F9D0055400713A1
:040F9E0004F764638D
:040F9F000124D793BF
:040FA00007D7859357
:040FA10007C78813E3
:040FA200003596136D
:040FA30095DFF06F77
:040FA400FF8C8C939F
:040FA500019A8AB370
:040FA600417A8AB34F
:040FA70000000A1329
:040FA800E7DFF06F20
:040FA9005540069316
:040FAA0002E6E46314
:040FAB000127D71330
:040FAC0007D706134A
:040FAD0007C70693D9
:040FAE0000361613E0
:040FAF00C35FF06FBD
:040FB0003F80061365
:040FB10007F00593AD
:040FB20007E0081339
:040FB30091DFF06F6B
:040FB4003F80061361
:040FB50007E00693B8
:040FB600C19FF06F78
:040FB7000049A783C3
:040FB800D9DFF06F1E
:040FB90000015517C7
:040FBA0032450513A4
:040FBB00DE9FE06F66
:040FBC0000015517C4
:040FBD003185051362
:040FBE00DF5FE06FA2
:040FBF00E301011336
:040FC0001C112623B7
:040FC1001C81242348
:040FC2001C91222339
:040FC3001D212023A9
:040FC400000584138D
:040FC5000006091306
:040FC60000D126230D
:040FC700000504938A
:040FC80002A120233F
:040FC900275030EF8E
:040FCA0000052703F4
:040FCB000007051303
:040FCC0002E12423F7
:040FCD00890FF0EFA9
:040FCE0002A1222337
:040FCF000C012823C6
:040FD0000C012A23C3
:040FD1000C012C23C0
:040FD2000C012E23BD
:040FD300000488632B
:040FD4000344A70328
:040FD500000714639A
:040FD60077C0106F61
:040FD70006442703A2
:040FD80000C41683B8
:040FD9000017761374
:040FDA000006186392
:040FDB002006F613E3
:040FDC000006146394
:040FDD0031C0106FA0
:040FDE00012696133F
:040FDF000206406363
:040FE000FFFFE637F2
:040FE100FFF60613FE
:040FE200000025B72F
:040FE30000B6E6B3BB
:040FE40000C7773398
:040FE50000D41623FB
:040FE60006E42223D8
:040FE7000127169335
:040FE8000006D463C8
:040FE9007D40206FB8
:040FEA0000C41683A6
:040FEB000086F71372
:040FEC00300708635F
:040FED0001042703D1
:040FEE003007046361
:040FEF0001A6F7134D
:040FF00000A0061344
:040FF10032C70063A0
:040FF2001B312E235E
:040FF3001B412C234F
:040FF4001B71262324
:040FF5001BA12023F9
:040FF6001B512A233E
:040FF7001B6128232F
:040FF8001B81242312
:040FF9001B91222303
:040FFA0019B12E23D8
:040FFB0000090D13C9
:040FFC00000D47039A
:040FFD000EC1099385
:040FFE000D3122236C
:040FFF000C01262398
:041000000C01242398
:0410010000012A239D
:04100200020126239E
:0410030002012C2397
:0410040002012A2398
:0410050002012E2393
:04100600040120239E
:04100700000122239F
:0410080002012B8333
:04100900010004934B
:04100A0000098A133C
:04100B002207046351
:04100C00000D0A9336
:04100D0002500693F4
:04100E0034D702636E
:04100F00001AC703F9
:04101000001A8A93A5
:04101100FE071AE3D9
:0410120041AA893333
:0410130021AA846327
:041014000CC1268362
:041015000C81270320
:0410160001AA2023E8
:04101700012686B375
:0410180000170713A3
:04101900012A222363
:04101A000CD12623AC
:04101B000CE124239D
:04101C0000700693C7
:04101D00008A0A1328
:04101E0030E6CA638B
:04101F0000412783E2
:04102000000AC703F8
:04102100012787B369
:0410220000F1222394
:041023001C0704633F
:04102400001AC88363
:041025000A0103A316
:04102600001A8A938F
:04102700FFF00B13B8
:0410280000000C9325
:0410290000000D9323
:04102A0005A0091301
:04102B00001A8A938A
:04102C00FE088793A0
:04102D0004F96A63F5
:04102E00000117178F
:04102F0074870713A8
:04103000002797936B
:0410310000E787B39A
:041032000007A78389
:0410330000E787B398
:0410340000078067CA
:0410350000000C9318
:04103600FD08879397
:04103700009006938C
:04103800000AC8835F
:04103900002C9713DD
:04103A0001970CB35B
:04103B00001C9C9366
:04103C0001978CB3D9
:04103D00FD08879390
:04103E00001A8A9377
:04103F00FEF6F2E3E4
:04104000FE0887938C
:04104100FAF97AE35B
:0410420014088663A5
:04104300131106235C
:041044000A0103A3F7
:0410450000100C1378
:04104600001009137A
:0410470012C10D13B2
:04104800000124235C
:0410490000000B1385
:04104A0000012E2350
:04104B0000012C2351
:04104C000001282354
:04104D00002DF293ED
:04104E0000028463B5
:04104F00002C0C1352
:04105000084DFF93B5
:041051000CC12603A5
:04105200000F966392
:04105300418C873312
:0410540046E046E349
:041055000A714703D2
:0410560002070A6320
:041057000C812703DE
:041058000A71059381
:0410590000BA202396
:04105A000016061363
:04105B0000100593E9
:04105C00001707135F
:04105D0000BA222390
:04105E000CC1262378
:04105F000CE1242359
:041060000070059384
:04106100008A0A13E4
:0410620034E5C0634E
:0410630002028A6398
:041064000C812703D1
:0410650000200593CF
:041066000026061347
:041067000017071354
:041068000A8107935F
:0410690000BA222384
:04106A0000FA202345
:04106B000CC126236B
:04106C000CE124234C
:04106D000070059377
:04106E00008A0A13D7
:04106F0050E5C6E39F
:04107000080007135A
:041071001EEF80E30B
:04107200412B0B33D0
:041073002D6046E3C3
:04107400100DF71351
:041075007C0712637F
:041076000C8127833F
:041077000126063315
:0410780001AA202386
:041079000017879342
:04107A00012A222302
:04107B000CC126235B
:04107C000CF124232C
:04107D0000700713E5
:04107E0040F74C6388
:04107F00008A0A13C6
:04108000004DFE130E
:04108100000E0663F4
:04108200418C8933E1
:041083004F2046E3D1
:04108400000C8313C6
:04108500018CD463A3
:04108600000C031344
:04108700004127837A
:04108800006787B3C3
:0410890000F122232D
:04108A0034061CE329
:04108B000081278336
:04108C000C0124230C
:04108D00000788636D
:04108E000081258335
:04108F00000B8513BA
:041090009A8FF0EF54
:0410910000098A13B5
:04109200000A8D13B0
:04109300000D470302
:04109400DE0710E380
:041095000CC12783E0
:041096000007846368
:0410970015D0106FF1
:041098000C01242300
:0410990006442703DF
:04109A0000C41783F4
:04109B0000177713B0
:04109C003C070063AA
:04109D000407F793BA
:04109E001BC12983C6
:04109F001B812A0384
:0410A0001B412A8343
:0410A1001B012B0301
:0410A2001AC12B83C1
:0410A3001A812C037F
:0410A4001A412C833E
:0410A5001A012D03FC
:0410A60019C12D83BC
:0410A7000007846357
:0410A8001EC0206FD7
:0410A9001CC12083C3
:0410AA001C8124037E
:0410AB0000412503D8
:0410AC001C4124833C
:0410AD001C012903F6
:0410AE001D0101130C
:0410AF000000806756
:0410B0000201250311
:0410B100000405939F
:0410B200418030EF5A
:0410B30000050463CD
:0410B4001B00206F8E
:0410B50000C41683DA
:0410B60000A006137D
:0410B70001A6F71384
:0410B800CEC714E3A8
:0410B90000E4170335
:0410BA00CE0740E33A
:0410BB0006442703BD
:0410BC00001777138F
:0410BD0000071863AD
:0410BE002006F6937F
:0410BF000006946330
:0410C0001090106F0D
:0410C10000C12683C1
:0410C20002012503FF
:0410C3000009061307
:0410C400000405938C
:0410C50058C020EF00
:0410C6001CC12083A6
:0410C7001C81240361
:0410C80000A122233E
:0410C90000412503BA
:0410CA001C4124831E
:0410CB001C012903D8
:0410CC001D010113EE
:0410CD000000806738
:0410CE00000B85137B
:0410CF0065C030EFD9
:0410D000004527832D
:0410D100000785137C
:0410D20004F12023E2
:0410D300C79FE0EFE4
:0410D4000005079379
:0410D500000B851374
:0410D60000078C1370
:0410D70002F12E23D1
:0410D800638030EF12
:0410D9000085270364
:0410DA0002E12A23E2
:0410DB00000C04639E
:0410DC000040106F51
:0410DD00000AC883BA
:0410DE00D35FF06F7D
:0410DF0041AA893366
:0410E000CDAA98E31A
:0410E100000AC70337
:0410E200D05FF06F7C
:0410E3000C410613A3
:0410E400000405936C
:0410E500000B851364
:0410E600600020EF97
:0410E700EC0514E31D
:0410E80000098A135E
:0410E900CD9FF06F38
:0410EA00008DF7136B
:0410EB000007046393
:0410EC000140106F40
:0410ED0000C1278394
:0410EE0009010513DC
:0410EF0001112423A4
:0410F00000778C13E6
:0410F100FF8C7C13E1
:0410F200000C258346
:0410F300004C260384
:0410F400008C0793D2
:0410F50000F12623BD
:0410F6005110F0EFB6
:0410F7000901258343
:0410F8000941260381
:0410F90009812683C0
:0410FA0009C12703FE
:0410FB0000812883C5
:0410FC000D010513CA
:0410FD000111242396
:0410FE000CE12E23B0
:0410FF000CB12823E5
:041100000CC12A23D1
:041101000CD12C23BE
:041102004E9030EFEC
:041103000AA12623F4
:0411040000200713AD
:0411050000812883BA
:0411060000E5146389
:041107002FC0106F76
:0411080000100713B9
:0411090000E5146386
:04110A004D00106F15
:04110B0006100713B0
:04110C0000E8946300
:04110D000F00106F50
:04110E0004100713AF
:04110F0005800793BD
:0411100000E89463FC
:041111000E40106F0D
:04111200FFF00713D0
:0411130000EB146376
:041114002880206FA0
:04111500FDF8F713D7
:0411160004700693C8
:04111700000124238C
:0411180000D7166383
:04111900000B146350
:04111A0000100B13A3
:04111B000DC12C03D3
:04111C00100DE79338
:04111D0004F1222394
:04111E00020128237F
:04111F000D012F830C
:041120000D412F034B
:041121000D812E838B
:04112200000C5A6300
:04112300800007370A
:0411240002D007935B
:0411250001874C33BF
:0411260002F1282387
:04112700FBF8871337
:0411280002500693D8
:0411290000E6F46385
:04112A004CC0106F36
:04112B000001169712
:04112C004C06869354
:04112D00002717136D
:04112E0000D70733AC
:04112F00000727038B
:0411300000D70733AA
:04113100000700674C
:041132000C41061353
:04113300000405931C
:04113400000B851314
:041135000511242359
:0411360005F122237A
:041137000251282316
:041138004B8020EFD9
:041139000A0518E3A8
:04113A000CC12603BB
:04113B000481288380
:04113C0004412F83B8
:04113D000301228305
:04113E0000098A1307
:04113F00C91FF06F65
:041140000C812903F2
:0411410001412783BE
:04114200001007137F
:0411430001AA2023BA
:041144000016061378
:041145000019091371
:04114600008A0B13FD
:041147003EF756E336
:041148000010071379
:0411490000EA222373
:04114A000CC126238B
:04114B000D2124232B
:04114C000070071315
:04114D0001275463BF
:04114E000780106F97
:04114F0002412783AF
:0411500002812703EE
:041151000019091365
:0411520000F606336A
:0411530000EB20236A
:0411540000FB222357
:041155000CC1262380
:041156000D21242320
:04115700007007130A
:04115800008B0B13EA
:0411590001275463B3
:04115A0006C0106F4C
:04115B000D01270358
:04115C0001412783A3
:04115D0008010593ED
:04115E0008E1282359
:04115F000D41270314
:041160000901051369
:0411610000C128237E
:0411620008E12A2353
:041163000D812703D0
:04116400080120233B
:041165000801222338
:0411660008E12C234D
:041167000DC127038C
:041168000801242333
:041169000801262330
:04116A0008E12E2347
:04116B00FFF78A13ED
:04116C007BC0C0EF95
:04116D000101260353
:04116E00380508E355
:04116F00001D0793C5
:041170000019091346
:0411710001460633FA
:0411720000FB20233B
:04117300014B2223E7
:041174000CC1262361
:041175000D21242301
:04117600007007936B
:04117700008B0B13CB
:041178003527C2E372
:041179000381268345
:04117A000B4107130B
:04117B0000190793BD
:04117C0000C68633F0
:04117D0000EB202340
:04117E0000DB22234D
:04117F000CC1262356
:041180000CF1242327
:0411810000700713E0
:04118200008B0A13C1
:04118300BEF75AE376
:041184000C41061301
:0411850000040593CA
:04118600000B8513C2
:0411870037C020EF5E
:0411880076051A636B
:041189000CC126036C
:04118A0000098A13BB
:04118B00BD5FF06FE5
:04118C002007F7132E
:04118D00C40710E3A0
:04118E0005842503AC
:04118F00EB0FE0EF93
:0411900000C41783FD
:04119100C31FF06F19
:04119200000AC88304
:04119300020DED93C9
:04119400A5DFF06F74
:04119500010DED93C8
:04119600020DF793BC
:041197003A0780E3B0
:0411980000C12783E8
:0411990000778C133C
:04119A00FF8C7C1337
:04119B00004C27835A
:04119C00000C290317
:04119D00008C0713A8
:04119E0000E1262323
:04119F0000078813AA
:0411A0003A07C8E35F
:0411A100000D8613A4
:0411A2000C0B486387
:0411A300010967B324
:0411A400F7FDF6134A
:0411A5000C0792633E
:0411A6000C0B1663B5
:0411A7000000091328
:0411A80000060D939D
:0411A90019010D1308
:0411AA000D00006FC5
:0411AB0000C1270355
:0411AC000A0103A38E
:0411AD0000100C130F
:0411AE00000727838C
:0411AF0000470713DB
:0411B00000E1262311
:0411B10012F106230E
:0411B200001009130D
:0411B30012C10D1345
:0411B400A51FF06F14
:0411B50000C12783CB
:0411B6000A0103A384
:0411B7000007AD037D
:0411B8000047881351
:0411B9005C0D02E3E4
:0411BA00000B54636F
:0411BB0015C0106FDC
:0411BC00000B06130B
:0411BD000000059396
:0411BE00000D051308
:0411BF0001012823DF
:0411C00001112623D0
:0411C10011C030EF3A
:0411C20000A1242341
:0411C30000C12883BC
:0411C40001012803FA
:0411C50000051463AA
:0411C60053D0106F83
:0411C70000812783F9
:0411C8000A7147035E
:0411C90001012623D7
:0411CA0041A789337D
:0411CB00FFF946934F
:0411CC0041F6D6937F
:0411CD0000012423D6
:0411CE0000012E23CB
:0411CF0000012C23CC
:0411D00000012823CF
:0411D10000D97C3392
:0411D20000000B13FB
:0411D3009E0704E38C
:0411D400001C0C13DC
:0411D5009E1FF06FFA
:0411D6006A081AE3A6
:0411D70000900793EA
:0411D8006B27E6E3B8
:0411D90003090713EC
:0411DA0018E107A36E
:0411DB0000060D936A
:0411DC0000100913E3
:0411DD0018F10D13E5
:0411DE000A71470348
:0411DF0000090C13E4
:0411E00001695463EA
:0411E100000B0C13E0
:0411E20000012423C1
:0411E30000012E23B6
:0411E40000012C23B7
:0411E50000012823BA
:0411E600FA071CE305
:0411E700999FF06F6D
:0411E800010DED9375
:0411E900020DF79369
:0411EA002A0784E369
:0411EB0000C1278395
:0411EC0000778C13E9
:0411ED00FF8C7C13E4
:0411EE00000C2903C5
:0411EF00004C280385
:0411F000008C0793D5
:0411F10000F12623C0
:0411F200BFFDF61334
:0411F300000007935E
:0411F400000006935E
:0411F5000AD103A375
:0411F600300B426315
:0411F700010966B3D1
:0411F800F7F67D93F6
:0411F9002E069A63C1
:0411FA00360B10633D
:0411FB005A079CE310
:0411FC00001679134D
:0411FD0019010D13B4
:0411FE00F80900E309
:0411FF00030007934F
:0412000018F107A337
:0412010018F10D13C0
:04120200F71FF06F73
:0412030000C127837C
:041204000007AC83B0
:041205000047879384
:04120600280CD6E3F7
:0412070041900CB353
:0412080000F12623A8
:04120900000AC8838C
:04120A00004DED9313
:04120B00881FF06FD9
:04120C0002B0079392
:04120D00000AC88388
:04120E000AF103A33B
:04120F00871FF06FD6
:04121000020DF79341
:0412110034078AE331
:0412120000C127836D
:0412130000412683ED
:041214000007A783A5
:0412150041F6D713B4
:0412160000D7A0233A
:0412170000E7A22327
:0412180000C1278367
:04121900000A8D1327
:04121A00004787936F
:04121B0000F1262395
:04121C009DDFF06FF3
:04121D0000C12703E2
:04121E00000087B78E
:04121F008307879327
:041220000AF1142398
:0412210000470793E8
:0412220000F126238E
:041223000001179718
:04122400E387879342
:0412250002F1262389
:041226000007290391
:0412270000000813A8
:04122800002DE6139C
:041229000020079307
:04122A00078008939E
:04122B00F25FF06F0F
:04122C00000AC88369
:04122D0006C007935D
:04122E003CF888E31D
:04122F00010DED932D
:04123000FECFF06F8E
:04123100000AC88364
:041232000680079398
:041233003AF886E31C
:04123400040DED9325
:04123500FD8FF06FCA
:04123600010DE613AD
:0412370002067793A1
:041238000E0784E336
:0412390000C1278346
:04123A0000778C139A
:04123B00FF8C7C1395
:04123C00008C079388
:04123D0000F1262373
:04123E00000C290374
:04123F00004C280334
:041240000010079300
:04124100ECDFF06F7F
:04124200000AC88353
:04124300008DED939A
:04124400F9CFF06F7F
:04124500000AC88350
:04124600001DED9307
:04124700F90FF06F3C
:041248000A7147835D
:04124900000AC8834C
:04124A00F8079263AC
:04124B000200079303
:04124C000AF103A3FD
:04124D00F78FF06FB8
:04124E00000AC88347
:04124F00080DED9306
:04125000F6CFF06F76
:04125100000AC88344
:0412520002A007935C
:04125300001A869364
:0412540000F89463A7
:041255006AD0106FDC
:04125600FD08879375
:0412570000900713E9
:0412580000000B1374
:0412590000900613E8
:04125A0002F76463D0
:04125B000006C8833E
:04125C00002B171339
:04125D0001670B33E7
:04125E00001B1B1343
:04125F0000FB0B3352
:04126000FD0887936B
:04126100001686935A
:04126200FEF672E33F
:04126300240B4EE327
:0412640000068A9363
:04126500F1CFF06F66
:041266000650071314
:04126700B71752E380
:041268000D0127034A
:0412690008010593E0
:04126A00090105135E
:04126B0008E128234B
:04126C000D41270306
:04126D0002C128236F
:04126E000801202330
:04126F0008E12A2345
:041270000D812703C2
:04127100080122232B
:041272000801242328
:0412730008E12C233F
:041274000DC127037E
:041275000801262323
:0412760008E12E233A
:041277003900C0EF8B
:041278000301260345
:041279005C05146399
:04127A000C81278339
:04127B000001171740
:04127C00D0870713FD
:04127D0000EA202340
:04127E00001606133D
:04127F000010071341
:041280000017879339
:0412810000EA22233A
:041282000CC1262352
:041283000CF1242323
:0412840000700713DC
:04128500008A0A13BE
:041286004CF744E3FA
:041287000AC12783EE
:0412880001412703F6
:0412890004E7DEE3B5
:04128A000281278333
:04128B0002412703F2
:04128C00008A0A13B7
:04128D00FEFA2C2316
:04128E000C81278325
:04128F0000E606333C
:04129000FEEA2E2321
:041291000017879328
:041292000CC1262342
:041293000CF1242313
:0412940000700713CC
:0412950020F742E319
:041296000141278368
:04129700FFF78913C1
:04129800FB20506384
:041299000100071336
:04129A000C81278319
:04129B0000011E9799
:04129C00FA8E8E93A5
:04129D0049275AE3A0
:04129E0001512823AF
:04129F0001000B132C
:0412A00000700D13BA
:0412A100000E8A931E
:0412A20000C0006F19
:0412A300FF09091323
:0412A400472B58E399
:0412A5000106061325
:0412A6000017879313
:0412A700015A2023A5
:0412A800016A222392
:0412A9000CC126232B
:0412AA000CF12423FC
:0412AB00008A0A1398
:0412AC00FCFD5EE304
:0412AD000C410613D7
:0412AE0000040593A0
:0412AF00000B851398
:0412B0006D9010EF3E
:0412B1002C0518638D
:0412B2000CC1260342
:0412B3000C81278300
:0412B40000098A1390
:0412B500FB9FF06F3C
:0412B600000D86138E
:0412B700001006938A
:0412B800C6D78CE326
:0412B9000020069378
:0412BA0006D78C6364
:0412BB0019010D13F5
:0412BC0001D81793AB
:0412BD0000797693AB
:0412BE000039591387
:0412BF000306869309
:0412C0000127E933E6
:0412C1000038581386
:0412C200FEDD0FA39B
:0412C300010967B303
:0412C400000D051301
:0412C500FFFD0D1309
:0412C600FC079CE3A2
:0412C7000016771383
:0412C80006070A63A8
:0412C9000300071304
:0412CA0006E686634B
:0412CB00FFE5051323
:0412CC00190107936A
:0412CD00FEED0FA380
:0412CE0040A7893379
:0412CF0000060D9375
:0412D00000050D13F5
:0412D100C35FF06F98
:0412D200001006936F
:0412D30000D7946349
:0412D4001890106FEF
:0412D500002006935C
:0412D600000D86136E
:0412D700F8D798E3C9
:0412D80002C12683A6
:0412D90019010D13D7
:0412DA0000F977930D
:0412DB0000F687B3DF
:0412DC000007C7033D
:0412DD000049591358
:0412DE0001C8179399
:0412DF000127E933C7
:0412E0000048581357
:0412E100FEED0FA36C
:0412E200010967B3E4
:0412E300FFFD0D13EB
:0412E400FC079CE384
:0412E5001901079351
:0412E60041A7893360
:0412E70000060D935D
:0412E800BD9FF06F47
:0412E900418C87337A
:0412EA00E2E050638B
:0412EB0001000513E6
:0412EC000C812583C9
:0412ED0000011E9747
:0412EE00E60E8E93E7
:0412EF0008E5586353
:0412F000052122238F
:0412F100000A079355
:0412F20001000F13D5
:0412F30000700F93E5
:0412F4000311282397
:0412F50000070913D2
:0412F600000E8A1349
:0412F70000C0006FC4
:0412F800FF090913CE
:0412F900052F5A6300
:0412FA0001060613D0
:0412FB0000158593C2
:0412FC000147A023E3
:0412FD0001E7A22340
:0412FE000CC12623D6
:0412FF000CB12423E7
:041300000087879348
:04130100FCBFDEE36C
:041302000C41061381
:04130300000405934A
:04130400000B851342
:04130500585010EF3D
:0413060016051E6347
:0413070001000F13BF
:04130800FF090913BD
:041309000CC12603EA
:04130A000C812583AA
:04130B0000098793BB
:04130C0000700F93CB
:04130D00FB2F4AE385
:04130E0000090713B8
:04130F00030128832B
:041310000441290368
:04131100000A0E932D
:0413120000078A1333
:0413130000E60633B7
:0413140000158593A8
:0413150000EA2223A5
:0413160001DA2023B5
:041317000CC12623BC
:041318000CB12423CD
:041319000070071346
:04131A00008A0A1328
:04131B00D4B75E6382
:04131C000C41061367
:04131D000004059330
:04131E00000B851328
:04131F00031128236B
:04132000519010EFE9
:041321001005186338
:041322000CC12603D1
:041323000301288317
:0413240000098A131F
:04132500D34FF06F43
:041326000C8125838E
:0413270000011E970C
:04132800D78E8E933B
:041329000964D86318
:04132A00000A07931B
:04132B000070071334
:04132C0000090A1397
:04132D00031128235D
:04132E00000B091394
:04132F00000E8B130E
:0413300000C0006F8A
:04133100FF09091394
:041332000524DC634F
:041333000106061396
:041334000015859388
:041335000001169706
:04133600D4068693C0
:0413370000D7A02318
:041338000097A22355
:041339000CC126239A
:04133A000CB12423AB
:04133B00008787930D
:04133C00FCB75AE3BD
:04133D000C41061346
:04133E00000405930F
:04133F00000B851307
:04134000499010EFD1
:041341000805186320
:04134200FF09091383
:041343000CC12603B0
:041344000C81258370
:041345000009879381
:041346000070071319
:04134700FB24C8E3D8
:0413480003012883F2
:04134900000B0E93F4
:04134A0000090B1378
:04134B00000A091378
:04134C0000078A13F9
:04134D0001660633FC
:04134E00001585936E
:04134F0001DA20237C
:04135000016A2223E9
:041351000CC1262382
:041352000CB1242393
:04135300007007130C
:04135400008A0A13EE
:04135500C6B75E6356
:041356000C4106132D
:0413570000040593F6
:04135800000B8513EE
:041359000311282331
:04135A00431010EF3D
:04135B000205146310
:04135C000CC1260397
:04135D0003012883DD
:04135E0000098A13E5
:04135F00C54FF06F17
:041360000C41061323
:0413610000040593EC
:04136200000B8513E4
:0413630040D010EF77
:04136400C8050E6347
:04136500008122835E
:04136600CC028663CC
:041367000201250357
:041368000002859367
:04136900E44FE0EF7E
:04136A00064427030B
:04136B0000C4178320
:04136C0000177713DC
:04136D00CC07106336
:04136E00879FF06FF6
:04136F000100051361
:041370000C81258344
:0413710000011F1741
:04137200C40F0F1382
:041373000AE55063D4
:041374000521262306
:04137500000A0793D0
:0413760001000E93D1
:04137700007003936C
:0413780002512823D3
:0413790005F1222335
:04137A000511242312
:04137B00000709134B
:04137C00000F0A1341
:04137D0000C0006F3D
:04137E00FF09091347
:04137F00052EDA63FA
:041380000106061349
:04138100001585933B
:041382000147A0235C
:0413830001D7A223C9
:041384000CC126234F
:041385000CB1242360
:0413860000878793C2
:04138700FCB3DEE3F2
:041388000C410613FB
:0413890000040593C4
:04138A00000B8513BC
:04138B0036D010EF59
:04138C00F60512E36D
:04138D0001000E93BA
:04138E00FF09091337
:04138F000CC1260364
:041390000C81258324
:041391000009879335
:041392000070039351
:04139300FB2ECAE380
:041394000009071332
:0413950003012283AB
:0413960004412F835C
:041397000481288322
:0413980004C1290360
:04139900000A0F1324
:04139A0000078A13AB
:04139B0000E606332F
:04139C000015859320
:04139D0000EA22231D
:04139E0001EA20231D
:04139F000CC1262334
:0413A0000CB1242345
:0413A10000700713BE
:0413A200008A0A13A0
:0413A300ACB754632C
:0413A4000C410613DF
:0413A50000040593A8
:0413A600000B8513A0
:0413A70005112423E5
:0413A80005F1222306
:0413A90002512823A2
:0413AA002F1010EF01
:0413AB00EE0514E354
:0413AC000CC1260347
:0413AD00048128830C
:0413AE0004412F8344
:0413AF000301228391
:0413B00000098A1393
:0413B100A90FF06F21
:0413B2000C410613D1
:0413B300000405939A
:0413B400000B851392
:0413B50005112223D9
:0413B60003F12823F4
:0413B7002BD010EF38
:0413B800EA051AE345
:0413B9000CC126033A
:0413BA00044128833F
:0413BB0003012F8378
:0413BC0000098A1387
:0413BD00ACCFF06F52
:0413BE0000011F17F4
:0413BF00B0CF0F1389
:0413C000010007130E
:0413C1000C812783F1
:0413C20001000B1308
:0413C30000700D1396
:0413C400000F0D9376
:0413C5000127486351
:0413C6000580006F2F
:0413C700FF090913FE
:0413C800052B566338
:0413C9000106061300
:0413CA0000178793EE
:0413CB0001BA202320
:0413CC00016A22236D
:0413CD000CC1262306
:0413CE000CF12423D7
:0413CF00008A0A1373
:0413D000FCFD5EE3DF
:0413D1000C410613B2
:0413D200000405937B
:0413D300000B851373
:0413D400249010EF62
:0413D500E40510E338
:0413D600FF090913EF
:0413D7000CC126031C
:0413D8000C812783DA
:0413D90000098A136A
:0413DA00FB2B4EE3B8
:0413DB00000D8F135F
:0413DC0001260633AD
:0413DD0000178793DB
:0413DE0001EA2023DD
:0413DF00012A22239A
:0413E0000CC12623F3
:0413E1000CF12423C4
:0413E200007007137D
:0413E300A8F75263B2
:0413E4000C4106139F
:0413E5000004059368
:0413E600000B851360
:0413E7001FD010EF14
:0413E800DE051AE321
:0413E9000CC126030A
:0413EA00A68FF06F6B
:0413EB000AC125838B
:0413EC0030B050636A
:0413ED000101278350
:0413EE00014127038F
:0413EF0000078B1355
:0413F00000F754634B
:0413F10000070B13D3
:0413F20003605863D9
:0413F3000C8127033F
:0413F4000166063355
:0413F50001AA202306
:0413F60000170713C2
:0413F700016A222342
:0413F8000CC12623DB
:0413F9000CE12423BC
:0413FA0000700593E7
:0413FB00008A0A1347
:0413FC0000E5D463D1
:0413FD003FC0106F6E
:0413FE00FFFB471397
:0413FF00010127833E
:0414000041F7571346
:0414010000EB7B334E
:0414020041678B3380
:041403007D60426363
:041404000101278338
:04140500400DF7138C
:0414060000FD0EB324
:041407000007046373
:041408001100106F50
:041409000AC125836C
:04140A0001412783F2
:04140B0048F5CE636F
:04140C00001DF713B5
:04140D0048071A630F
:04140E00014127036E
:04140F0000ED07B332
:0414100040B705B329
:0414110041D78B3301
:041412000165D46339
:0414130000058B1332
:0414140003605863B6
:041415000C8127031C
:041416000166063332
:0414170001DA2023B3
:04141800001707139F
:04141900016A22231F
:04141A000CC12623B8
:04141B000CE1242399
:04141C0000700793C2
:04141D00008A0A1324
:04141E0000E7D463AC
:04141F0042C0106F48
:04142000FFFB471374
:0414210041F7571325
:0414220000EB77B3B1
:0414230040F58933D4
:041424009720586352
:0414250001000713A8
:041426000C8127838B
:0414270000011E970B
:04142800978E8E937A
:04142900672752637C
:04142A000151282321
:04142B0001000B139E
:04142C0000700D132C
:04142D00000E8A9390
:04142E0000C0006F8B
:04142F00FF09091395
:04143000652B506375
:041431000106061397
:041432000017879385
:04143300015A202317
:04143400016A222304
:041435000CC126239D
:041436000CF124236E
:04143700008A0A130A
:04143800FCFD5EE376
:041439000C41061349
:04143A000004059312
:04143B00000B85130A
:04143C000A9010EF13
:04143D00CA0510E3E9
:04143E000CC12603B4
:04143F000C81278372
:0414400000098A1302
:04144100FB9FF06FAE
:04144200001DF59301
:04144300C0059A63E3
:0414440000EA222375
:041445000CC126238D
:041446000D2124232D
:041447000070079397
:04144800CD27D26377
:041449000C41061339
:04144A000004059302
:04144B00000B8513FA
:04144C00069010EF07
:04144D00C60510E3DD
:04144E000CC12603A4
:04144F000C812903E0
:0414500000098B13F1
:04145100CA0FF06F5F
:04145200014127032A
:0414530000100793EB
:04145400C8E7DA63A8
:0414550001100793E8
:0414560000011E97DC
:041457008BCE8E9317
:0414580066E7D06310
:0414590001512823F2
:04145A0001000793F3
:04145B0000700D13FD
:04145C00000E8A9361
:04145D0000C0006F5C
:04145E00FF0A0A1364
:04145F006347DE639E
:041460000106061368
:041461000019091352
:04146200015B2023E7
:0414630000FB222345
:041464000CC126236E
:041465000D2124230E
:04146600008B0B13D9
:04146700FD2D5EE316
:041468000C4106131A
:0414690000040593E3
:04146A00000B8513DB
:04146B007EC010EF40
:04146C00BE0512E3C4
:04146D000CC1260385
:04146E000C812903C1
:04146F0000098B13D2
:0414700001000793DD
:04147100FB5FF06FBE
:0414720000C126830C
:041473000106779364
:041474000006A703C4
:041475000046869314
:0414760000D1262358
:0414770014079E6355
:04147800040677935C
:04147900140786636B
:04147A00010719133A
:04147B0001095913F7
:04147C000000081351
:04147D0000100793C1
:04147E00DD8FF06F9F
:04147F0000C12683FF
:04148000010DF793D0
:041481000006A703B7
:041482000046869307
:0414830000D126234B
:0414840014079A634C
:04148500040DF793C8
:041486001407826362
:04148700010719132D
:0414880041095913AA
:0414890041F95813BA
:04148A0000080793BC
:04148B00C407DC6353
:04148C00012037B351
:04148D0041000833DF
:04148E0040F80833E7
:04148F0041200933BC
:04149000000D8613B2
:0414910002D00693EC
:0414920000100793AC
:04149300D88FF06F8F
:0414940000C12683EA
:04149500010DF793BB
:041496000006A703A2
:0414970000468693F2
:0414980000D1262336
:041499000E07966341
:04149A00040DF793B3
:04149B000C078E6349
:04149C000107191318
:04149D0001095913D5
:04149E00000008132F
:04149F00D4CFF06F47
:0414A000001DF793A1
:0414A1000007946349
:0414A200F79FE06F61
:0414A300F9CFF06F1E
:0414A4000584250393
:0414A500A41FD0EFC1
:0414A60000C41683E5
:0414A70006442703CD
:0414A800CD9FE06F85
:0414A900000AC883EA
:0414AA0000F1262304
:0414AB00E01FE06FEF
:0414AC000C81270385
:0414AD00000105171E
:0414AE0044050513D9
:0414AF0000AA20234C
:0414B0000016061309
:0414B100001005130F
:0414B2000017071305
:0414B30000AA222346
:0414B4000CC126231E
:0414B5000CE12423FF
:0414B60000700513AA
:0414B700008A0A138A
:0414B80004E546E31E
:0414B9005A059A63D3
:0414BA000141278342
:0414BB00001DF71306
:0414BC0000F767339B
:0414BD0000071463AD
:0414BE00F09FE06F4C
:0414BF00028127037C
:0414C000024127833B
:0414C100007005931F
:0414C20000EA2023F9
:0414C3000C8127036E
:0414C40000C78633A4
:0414C50000FA2223E4
:0414C60000170713F1
:0414C7000CC126230B
:0414C8000CE12423EC
:0414C9000AE5CEE37F
:0414CA00008A0A1377
:0414CB005A00006F54
:0414CC0020067793EC
:0414CD00040794E399
:0414CE0000070913F7
:0414CF0000000813FE
:0414D000001007936E
:0414D100C8CFF06F21
:0414D200200DF7935F
:0414D30004079AE38D
:0414D40000070913F1
:0414D50000000813F8
:0414D600C70FF06FDD
:0414D700200DF7935A
:0414D800020796E38E
:0414D90041F758136C
:0414DA0000070913EB
:0414DB00000807936B
:0414DC00B10FF06FED
:0414DD00034127831D
:0414DE00000AC883B5
:0414DF00000794630B
:0414E000D2DFE06F08
:0414E1000007C783B6
:0414E2000007946308
:0414E300D21FE06FC5
:0414E400400DED9337
:0414E500D19FE06F44
:0414E600010DF7936A
:0414E70040079463C3
:0414E800040DF79365
:0414E9007C07926387
:0414EA00200DFE13C0
:0414EB003E0E0C6342
:0414EC0000C1278391
:0414ED000041270390
:0414EE000007A783C9
:0414EF0000E780236F
:0414F000CA0FF06FC0
:0414F10000C127838C
:0414F2000007A70345
:0414F3000047879394
:0414F40000F12623BA
:0414F5000007258344
:0414F6000047260382
:0414F70000872683C1
:0414F80000C72703FF
:0414F90080CFF06F41
:0414FA00FFF00B13E1
:0414FB0000068A93CA
:0414FC00CC1FE06FB2
:0414FD00000D861345
:0414FE00CE4FF06F6E
:0414FF00000107974A
:041500002DC78793D9
:0415010002F12623AA
:04150200020DF7934C
:0415030016078463E0
:0415040000C1278378
:0415050000778C13CC
:04150600FF8C7C13C7
:04150700000C2903A8
:04150800004C280368
:04150900008C0793B8
:04150A0000F12623A3
:04150B00001DF79335
:04150C0000078E63E3
:04150D00010967B3B6
:04150E0000078A63E5
:04150F00030007933B
:041510000AF10423B5
:041511000B1104A313
:04151200002DED9328
:04151300BFFDF6130F
:041514000020079319
:04151500B7CFF06FED
:041516000C4106136B
:041517000004059334
:04151800000B85132C
:04151900534010EF3C
:04151A00920516E33D
:04151B000CC12603D6
:04151C0000098A1325
:04151D00DE4FF06F3E
:04151E00001AC88364
:04151F00200DED931B
:04152000001A8A9390
:04152100C29FE06F16
:04152200001AC88360
:04152300020DED9335
:04152400001A8A938C
:04152500C19FE06F13
:041526000001079722
:0415270022C78793BD
:0415280002F1262383
:04152900F65FF06F0A
:04152A0000600793C3
:04152B00000B091395
:04152C006B67E063A6
:04152D0000090C1392
:04152E00010126236E
:04152F0000010D1793
:04153000230D0D1367
:04153100C5DFE06FC3
:041532000281270308
:0415330002412783C7
:04153400007005132B
:0415350000EA202385
:041536000C812703FA
:0415370000F6063381
:0415380000FA222370
:04153900001707137D
:04153A000CC1262397
:04153B000CE1242378
:04153C00008A0A1304
:04153D00B4E552E3DC
:04153E000C41061343
:04153F00000405930C
:04154000000B851304
:0415410001D1282389
:04154200490010EF5D
:04154300880514E320
:041544000AC1258330
:041545000CC12603AC
:0415460001012E83EE
:0415470000098A13FA
:04154800B19FF06FF0
:04154900078007937D
:04154A000300071380
:04154B000AE104238A
:04154C000AF104A3F9
:04154D00063007134A
:04154E000001242351
:04154F00002DED93EB
:0415500012C10D13A4
:041551000167446387
:04155200F25FE06FF5
:04155300001B0593E1
:04155400000B8513F0
:041555000111242339
:041556009B0FE0EF18
:041557000081288364
:0415580000050D136A
:041559000005146312
:04155A002FC0106F1F
:04155B0000A12423A4
:04155C00EFDFE06F6E
:04155D0000C1268320
:04155E00010DF793F1
:04155F000006A703D8
:041560000046869328
:0415610000D126236C
:0415620006079C6379
:04156300040DF793E9
:04156400060784638F
:04156500010719134E
:04156600010959130B
:041567000000081365
:04156800E8DFF06F59
:041569000000091362
:04156A0019010D1343
:04156B009CCFF06FB2
:04156C000C41061315
:04156D0000040593DE
:04156E00000B8513D6
:04156F003DC010EF7C
:04157000FC051A63F9
:041571000CC1260380
:041572000C812903BC
:0415730000098B13CD
:04157400F6DFE06F4F
:041575000C4106130C
:0415760000040593D5
:04157700000B8513CD
:041578003B8010EFB5
:04157900FA051863F4
:04157A000CC1260377
:04157B000C812903B3
:04157C0000098B13C4
:04157D00F79FE06F85
:04157E00200DF793B2
:04157F005A0798630C
:041580000007091344
:04158100000008134B
:04158200E25FF06FC5
:0415830019010C132B
:0415840001512423CA
:0415850001412E23CF
:041586000281282393
:0415870003412A03EF
:0415880040067D9309
:0415890000000D133E
:04158A000111282300
:04158B0000C12C234C
:04158C00000C041338
:04158D0000080A93B5
:04158E000280006F68
:04158F0000A006139F
:0415900000000693BE
:041591000009051335
:04159200000A859333
:041593004A4080EF5B
:041594005E0A8CE37C
:041595000005091331
:0415960000058A932F
:04159700000C04132D
:0415980000A0061396
:0415990000000693B5
:04159A00000905132C
:04159B00000A85932A
:04159C0030D080EFDC
:04159D00030505132A
:04159E00FEA40FA3F5
:04159F00FFF40C1336
:0415A000001D0D130A
:0415A100FA0D8CE3D0
:0415A200000A478371
:0415A300FAFD18E352
:0415A4000FF00793AA
:0415A500FAFD04E364
:0415A6004C0A94E374
:0415A7000090079316
:0415A8004D27E0E308
:0415A9000181260393
:0415AA0001A12A234E
:0415AB001901079388
:0415AC00000C0D130F
:0415AD0003412A23A9
:0415AE0000812A830B
:0415AF00010128838B
:0415B00001C12A0348
:0415B100030124030B
:0415B20041A7893391
:0415B30000060D938E
:0415B4008A8FF06FBB
:0415B5000201250307
:0415B600C0DFC0EFE3
:0415B700881FE06F3A
:0415B8000C410613C9
:0415B9000004059392
:0415BA00000B85138A
:0415BB002AC010EF43
:0415BC00EA051263C7
:0415BD000CC1260334
:0415BE0000098A1383
:0415BF00B20FF06F08
:0415C000000A8E93FC
:0415C10001012A8377
:0415C20001260633C5
:0415C30000178793F3
:0415C40001DA202305
:0415C500AD5FE06FC7
:0415C6000D01278369
:0415C700080105937F
:0415C80009010513FD
:0415C90008F12823DA
:0415CA000D41278325
:0415CB0008012023D0
:0415CC0008012223CD
:0415CD0008F12A23D4
:0415CE000D812783E1
:0415CF0008012423C8
:0415D00008012623C5
:0415D10008F12C23CE
:0415D2000DC127839D
:0415D30008F12E23CA
:0415D40004D0B0EFA0
:0415D50000812883E6
:0415D6004005406329
:0415D7000A7147034B
:0415D8000470069302
:0415D90000010D17E9
:0415DA00F54D0D13AB
:0415DB000116C663CC
:0415DC0000010D17E6
:0415DD00F44D0D13A9
:0415DE0000012423C1
:0415DF0000012E23B6
:0415E00000012C23B7
:0415E10000012823BA
:0415E200F7FDFD9381
:0415E30000300C13B5
:0415E40000300913B7
:0415E50000000B13E4
:0415E6000007046393
:0415E700FB5FE06F57
:0415E800995FE06FB8
:0415E90000C1278393
:0415EA000041270392
:0415EB000007A783CB
:0415EC0000E7A02351
:0415ED008ACFF06F42
:0415EE00000A8E93CE
:0415EF0001012A8349
:0415F0000146063377
:0415F10000190913C1
:0415F20001DB2023D6
:0415F300E01FE06FA6
:0415F400010005935A
:0415F5000C8127033B
:0415F60000010E974B
:0415F70023CE8E93DE
:0415F8001565D8633A
:0415F900035128234F
:0415FA0001000813D1
:0415FB000070091360
:0415FC00000E8A93C0
:0415FD0000C0006FBB
:0415FE00FF0B0B13C1
:0415FF0013685663B4
:0416000001060613C6
:0416010000170713B4
:04160200015A202346
:04160300010A222393
:041604000CC12623CC
:041605000CE12423AD
:04160600008A0A1339
:04160700FCE95EE3B9
:041608000C41061378
:041609000004059341
:04160A00000B851339
:04160B0016C010EF06
:04160C00D60512638A
:04160D000CC12603E3
:04160E000C81270321
:04160F0000098A1331
:0416100001000813BA
:04161100FB5FF06F1C
:04161200000D0513AF
:04161300010124238A
:041614000311282373
:04161500F70FD0EF0C
:041616000081280324
:041617000A7147030A
:04161800FFF5469301
:0416190041F6D6932D
:04161A000101262381
:04161B000001242383
:04161C0000012E2378
:04161D0000012C2379
:04161E00000128237C
:04161F000301288318
:0416200000050913A5
:0416210000D57C3341
:0416220000000B13A6
:041623000007046355
:04162400EC1FE06F68
:041625008A1FE06FC9
:041626000281270313
:0416270002412783D2
:041628000070051336
:0416290000EA202390
:04162A000C81270305
:04162B0000C786333B
:04162C0000FA22237B
:04162D000017071388
:04162E000CC12623A2
:04162F000CE1242383
:04163000008A0A130F
:0416310030E54E63EF
:041632005005C0E3BC
:0416330001412783C7
:041634000017071381
:0416350001AA2023C3
:0416360000C7863330
:0416370000FA222370
:041638000CC1262398
:041639000CE1242379
:04163A0000700793A2
:04163B0000E7C4639D
:04163C0090DFE06FEC
:04163D00D1DFE06FAA
:04163E000DC1278330
:04163F002C07DE6333
:0416400002D007933A
:041641000AF103A304
:0416420002D00713B8
:041643000470069396
:0416440000010D177D
:04164500DB0D0D1399
:04164600E716C0E300
:0416470000010D177A
:04164800DA0D0D1397
:04164900E55FF06FFA
:04164A00000A8E9371
:04164B0003012A83EA
:04164C0001660633FA
:04164D000017071368
:04164E0001DA20237A
:04164F00016A2223E7
:041650000CC1262380
:041651000CE1242361
:04165200007005938C
:04165300008A0A13EC
:04165400ECE5D0638E
:041655000C4106132B
:0416560000040593F4
:04165700000B8513EC
:04165800038010EF0C
:04165900C20518634B
:04165A000CC1260396
:04165B0000098A13E5
:04165C00EA0FF06F32
:04165D000901091363
:04165E000AC10713A3
:04165F000BC10813A0
:041660000B010793E0
:04166100000B0693E1
:04166200002006134B
:0416630000090593E2
:04166400000B8513DF
:0416650001112E231E
:0416660009F128233B
:0416670001F12C233E
:0416680009E12A2347
:0416690001E12A234E
:04166A0009D12C2353
:04166B0001D128235E
:04166C0009812E239F
:04166D00470020EF23
:04166E00001DF71351
:04166F0001012E83C4
:0416700001412F0302
:0416710001812F8341
:0416720001C1288307
:0416730000050D134E
:0416740046071AE328
:041675000AC12783FC
:0416760000F1282334
:041677000BC12783F9
:0416780040A787B34D
:0416790000F12A232F
:04167A0001012783C0
:04167B00FFD0071382
:04167C0000E7C4635C
:04167D001AFB56E31B
:04167E0001012783BC
:04167F00FFE8889365
:04168000FFF78B13D2
:041681000B612623B0
:041682000FF8F693D4
:04168300000006134A
:041684000AD10A235A
:0416850002B0069316
:04168600000B5A6398
:0416870001012783B3
:041688000010071334
:0416890002D00693F2
:04168A0040F70B33E7
:04168B000AD10AA3D3
:04168C000090069331
:04168D004766DAE3EF
:04168E000C31061302
:04168F0000812C2387
:0416900001112823F9
:041691000006041338
:0416920000A005931C
:04169300000B051330
:041694001890E0EFDB
:0416950003050793AF
:0416960000040C132D
:04169700FEFC0FA3A3
:04169800000B05132B
:0416990000A0059315
:04169A000ED0E0EF9F
:04169B00000B091324
:04169C00063007937A
:04169D00FFF404133F
:04169E0000050B1325
:04169F00FD27C6E37A
:0416A0000004061329
:0416A1000305071323
:0416A200FFEC0693C0
:0416A300FEE60FA3AD
:0416A4000C3107936B
:0416A5000101288394
:0416A6000181240397
:0416A70058F6F4E31A
:0416A8000B610613B9
:0416A9000006C783ED
:0416AA00001686930D
:0416AB00001606130C
:0416AC00FEF60FA394
:0416AD000C31079362
:0416AE00FEF696E3CB
:0416AF001901079383
:0416B00041878733B4
:0416B100F377079331
:0416B20002F12C23F2
:0416B3000141278347
:0416B4000381268305
:0416B5000010071307
:0416B60000D789339D
:0416B70040F754E3C1
:0416B8000241278341
:0416B90000F90933F8
:0416BA00FFF946935B
:0416BB00BFFDFE135E
:0416BC0041F6D6938A
:0416BD00100E679311
:0416BE0004F12223EE
:0416BF0000D97C339F
:0416C00000012E23D4
:0416C10000012C23D5
:0416C20000012823D8
:0416C3000301278375
:0416C40060078463D4
:0416C50002D0071335
:0416C60004412D832B
:0416C7000AE103A38E
:0416C80000000B1300
:0416C900001C0C13E2
:0416CA00E0CFE06F1E
:0416CB000C410613B5
:0416CC00000405937E
:0416CD00000B851376
:0416CE00661000EFB3
:0416CF00A4051C63EF
:0416D0000AC12583A3
:0416D1000CC126031F
:0416D20000098A136E
:0416D300F98FF06F2C
:0416D4000060091396
:0416D500961FF06FFD
:0416D60002D00793A4
:0416D7000AF103A36E
:0416D80002D0071322
:0416D900BFDFF06F10
:0416DA0000C12783A1
:0416DB0000412703A0
:0416DC000007A783D9
:0416DD0000E790236F
:0416DE00CE9FE06F4C
:0416DF000FF7791375
:0416E00000000813EB
:0416E100001007935B
:0416E200C49FE06F52
:0416E300018719134F
:0416E40041895913CC
:0416E50041F958135C
:0416E600000807935E
:0416E700AE5FE06FA3
:0416E8000FF779136C
:0416E90000000813E2
:0416EA00C21FE06FCC
:0416EB000FF7791369
:0416EC0000000813DF
:0416ED00879FF06F74
:0416EE0002012503CD
:0416EF000C41061391
:0416F000000405935A
:0416F1005D5000EF59
:0416F2000005046388
:0416F300E98FE06F2C
:0416F4000C0124239E
:0416F500E90FE06FAA
:0416F6000A7147032B
:0416F700D31FF06F9E
:0416F8000C41061388
:0416F9000004059351
:0416FA00000B851349
:0416FB005AD000EFD2
:0416FC009A051263D6
:0416FD000AC1258376
:0416FE000CC12603F2
:0416FF000C81270330
:0417000000098A133F
:04170100CC5FF06F5A
:041702000584250332
:041703008E0FD0EF86
:04170400EF4FE06F54
:04170500001B06932C
:0417060000200613A6
:0417070009010913B8
:041708000AC10713F8
:04170900000905933B
:04170A000BC10813F4
:04170B000B01079334
:04170C00000B851336
:04170D00051124237B
:04170E0000D12E23B5
:04170F0009F1282391
:0417100001F12C2394
:0417110009E12A239D
:0417120001E12A23A4
:0417130009D12C23A9
:0417140001D12823B4
:0417150009812E23F5
:041716001CC020EFE4
:04171700048128839E
:0417180001C1268362
:0417190004600593D0
:04171A00FDF8F613CD
:04171B0001012E8317
:04171C0001412F0355
:04171D0001812F8394
:04171E0000050D13A2
:04171F0000D50733B7
:0417200040B610E3DC
:04172100000D45036F
:041722000300059328
:0417230004B50AE31C
:041724000AC126834D
:04172500080105931F
:0417260000D70733AE
:04172700000905139D
:0417280000E12C238D
:0417290000C12A23AE
:04172A00011128235E
:04172B0009F1282375
:04172C0009E12A2382
:04172D0009D12C238F
:04172E0009812E23DC
:04172F00080120236A
:041730000801222367
:041731000801242364
:041732000801262361
:041733000A00B0EF09
:041734000101288304
:041735000141260345
:041736000181270303
:041737007A050E63BE
:041738000BC1278337
:0417390000E7FE6364
:04173A000300059310
:04173B00001786937A
:04173C000AD12E237D
:04173D0000B780234E
:04173E000BC1278331
:04173F00FEE7E8E3F6
:041740000AC12703B0
:0417410000E1282378
:0417420041A787B381
:041743000470071314
:0417440000F12A2363
:04174500CCE60AE301
:041746000460071321
:0417470004E604E3CD
:0417480001012783F1
:04174900FFF78B1308
:04174A00CDDFF06F90
:04174B000901091374
:04174C0008010593F8
:04174D000AC10613B4
:04174E000009051376
:04174F00051122233B
:0417500009F1202358
:0417510009E1222365
:0417520009D1242372
:0417530000B1282396
:0417540009812623BE
:04175500739010EF8E
:04175600090128035A
:04175700000107176F
:04175800CD4707135F
:04175900000725035D
:04175A00090120233E
:04175B000941280315
:04175C000047260319
:04175D000087268358
:04175E000901222338
:04175F0009812803D1
:0417600000C7270394
:0417610001012583DA
:041762000901242332
:0417630009C128038D
:0417640006A128238F
:0417650006C12A236C
:04176600000905135E
:04176700070106135D
:04176800090126232A
:0417690006D12C2356
:04176A0006E12E2343
:04176B003500B0EFA6
:04176C0001012583CF
:04176D0009012F033C
:04176E0009412E837C
:04176F0009812803C1
:0417700009C1260382
:041771000009051353
:0417720002B12C2371
:0417730001E12E233F
:0417740001D12C2350
:0417750001012A2321
:0417760000C1282363
:041777000801202322
:04177800080122231F
:04177900080124231C
:04177A000801262319
:04177B007810A0EF53
:04177C00010126033E
:04177D0001412803FB
:04177E0001812E8334
:04177F0001C12F0372
:041780000381258339
:041781000441288374
:0417820000051663E5
:041783000010071338
:041784000AE126232D
:0417850000010797C1
:041786008C47879372
:04178700061007132E
:0417880000F1282321
:0417890000E8986379
:04178A0000010797BC
:04178B0089C78793F0
:04178C0000F128231D
:04178D000001071739
:04178E00C0C70713B6
:04178F0000072783A5
:0417900003512C23B2
:0417910005B1242357
:0417920000F12A2315
:041793000047278361
:0417940005412823C0
:04179500000D0A93A6
:0417960000F12C230F
:04179700008727831D
:0417980005712A238A
:0417990004812C2378
:04179A0000F12E2309
:04179B0000C72783D9
:04179C0005A12E2352
:04179D00FFFB0B1330
:04179E0005112223EC
:04179F000591262367
:0417A00000078D139E
:0417A100000F0D9395
:0417A200000E8A1398
:0417A30000080B939C
:0417A40000060C131C
:0417A50000058413A4
:0417A60003C0006F0D
:0417A70000040593A2
:0417A800000905131C
:0417A90009B1282337
:0417AA0009412A23A4
:0417AB0009712C2371
:0417AC0009812E235E
:0417AD0008012023EC
:0417AE0008012223E9
:0417AF0008012423E6
:0417B00008012623E3
:0417B100FFFB0C939B
:0417B2006A50A0EFEA
:0417B3000C0506E338
:0417B400000C8B1387
:0417B5000141278344
:0417B600070106130E
:0417B7000004059392
:0417B80006F12823EB
:0417B9000181278300
:0417BA00000905130A
:0417BB0009B120232D
:0417BC0006F12A23E5
:0417BD0001C12783BC
:0417BE000941222398
:0417BF000971242365
:0417C00006F12C23DF
:0417C1000981262351
:0417C20007A12E232A
:0417C3001F00B0EF64
:0417C4000009051300
:0417C50073D0D0EF1E
:0417C6000005059382
:0417C70000050C937A
:0417C80000090513FC
:0417C90009012D8362
:0417CA0009412C03A2
:0417CB0009812B83E2
:0417CC0009C12A0322
:0417CD0001C0E0EF88
:0417CE000901268364
:0417CF0006010613F6
:0417D0000701059375
:0417D10006D12023FA
:0417D2000941268320
:0417D30000040513F6
:0417D40007B128230E
:0417D50006D12223F4
:0417D60009812683DC
:0417D70007812A2339
:0417D80007712C2346
:0417D90006D12423EE
:0417DA0009C1268398
:0417DB0007412E2371
:0417DC0006D12623E9
:0417DD006A40C0EFAF
:0417DE00010127835B
:0417DF00000A8F93DA
:0417E000001A8A93CE
:0417E100019786B333
:0417E2000006C683B4
:0417E30008012D8349
:0417E40008412A038B
:0417E50008812B83C9
:0417E60008C12C0307
:0417E700FFF0079375
:0417E800FEDA8FA3F3
:0417E900EEFB1CE314
:0417EA0000010517DE
:0417EB00AA850513B3
:0417EC000441288309
:0417ED00004522830E
:0417EE0000852383CC
:0417EF0000C5278387
:0417F00000052B03C2
:0417F100000D8F1345
:0417F200000A0E9348
:0417F300000B88134C
:0417F400000C0613CC
:0417F5000004059354
:0417F60005C12D03F9
:0417F70004812D83B9
:0417F80005012A03BA
:0417F90005412B83F8
:0417FA00058124033E
:0417FB0001112C2389
:0417FC0001F12A23AA
:0417FD0005912E2301
:0417FE00000A8C133E
:0417FF0004C12C8372
:0418000003812A83B3
:0418010009E12823AE
:0418020005E12C23AD
:0418030009D12A23BA
:0418040005D12A23BD
:0418050009012C2386
:04180600050128238D
:0418070008C12E23C3
:0418080004C12623CE
:04180900096120232E
:04180A00085122233C
:04180B00045124233D
:04180C000871242318
:04180D00047122231D
:04180E0008F1262394
:04180F0002F12C2393
:0418100000B12E23D2
:0418110000090513B2
:041812005F50A0EF94
:0418130001412F83DD
:0418140001812883A3
:0418150002A0486382
:0418160001C1258364
:0418170000090513AC
:0418180001112A236D
:0418190001F12C238A
:04181A005050A0EF9B
:04181B0001412883DC
:04181C0004051E633E
:04181D0005C12703D7
:04181E0001812F8392
:04181F0000177693A5
:0418200004068663D1
:041821000101278317
:041822000BF12E2375
:04182300FFFC46037D
:0418240000F7C58381
:04182500000C06931A
:0418260002B6106393
:0418270003000513A2
:04182800FEA68FA3E6
:041829000BC1268346
:04182A00FFF68793AB
:04182B000AF12E236D
:04182C00FFF6C603FA
:04182D00FEB606E31A
:04182E000016059308
:04182F00039005130A
:041830000FF5F59328
:0418310004A60463A2
:04183200FEB68FA3CC
:041833000AC127833C
:0418340041AC073389
:041835000610061380
:04183600FFF78B131A
:0418370000F1282371
:0418380000E12A237E
:041839000B612623F6
:04183A00070006930A
:04183B0000C88663F8
:04183C00050006930A
:04183D0004100893F8
:04183E00001006137D
:04183F00915FF06F56
:04184000000B069300
:04184100003006135A
:04184200B15FF06F33
:0418430001012783F5
:0418440000A7C583B1
:04184500FB5FF06FE6
:041846000A714703D9
:0418470004412D83A8
:0418480000000B137E
:04184900000704632D
:04184A00E28FE06FDA
:04184B00808FE06F3B
:04184C0001412783AC
:04184D0001812903E9
:04184E0003512823F7
:04184F0000FD07B3DE
:0418500005B1222399
:0418510005912423B6
:0418520001C12D8320
:0418530005A12623A2
:0418540001812E23BD
:0418550000F1282353
:0418560004012A83DC
:0418570003C12C039A
:0418580003412D0318
:041859000070081300
:04185A00010007136F
:04185B0000010B1766
:04185C008A8B0B1355
:04185D00000E8C935A
:04185E00000A0593E4
:04185F0009205663A3
:0418600017B05C63FE
:04186100FFFD8D9367
:041862000C8127834B
:0418630001860633C1
:041864000155A02367
:04186500001787934E
:041866000185A22333
:041867000CC1262367
:041868000CF1242338
:0418690000858593DE
:04186A0014F84E63BD
:04186B0001012783CD
:04186C00000D4683A2
:04186D0041978A33E2
:04186E000146D463F8
:04186F0000068A13D2
:041870000340566378
:041871000C8126833D
:0418720001460633F2
:041873000195A02318
:041874000016869341
:041875000145A22364
:041876000CC1262358
:041877000CD1242349
:0418780014D84863D5
:04187900000D468395
:04187A0000858593CD
:04187B00FFFA451318
:04187C0041F55513CA
:04187D0000AA77B393
:04187E0040F68A3373
:04187F000540446379
:0418800000DC8CB349
:04188100F7204EE31B
:04188200F7B04EE38A
:041883000141278375
:0418840003A12A236F
:0418850004C12D036A
:04188600000C8E9331
:0418870003012A83AC
:0418880000FD073325
:0418890004412D8366
:04188A0004812C8326
:04188B0001C12C0368
:04188C0000058A13B6
:04188D0001D76463B8
:04188E00DEDFE06F4A
:04188F0000070E93AD
:04189000DE5FE06FC8
:041891000C8126831D
:041892000000FF173C
:041893007CCF0F13E4
:0418940007475E6341
:0418950001212C23DE
:04189600000A091328
:04189700000B0A1325
:0418980000C0006F1D
:04189900FF09091327
:04189A0005275C635F
:04189B000106061329
:04189C000016869319
:04189D000165A0231E
:04189E0000E5A2239C
:04189F000CC126232F
:0418A0000CD1242320
:0418A10000858593A6
:0418A200FCD85EE32D
:0418A3000C410613DB
:0418A40000040593A4
:0418A500000B85139C
:0418A600700000EFDF
:0418A70000050463D1
:0418A800AF5FE06FDF
:0418A9000100071320
:0418AA00FF09091316
:0418AB000CC1260343
:0418AC000C81268302
:0418AD000009859316
:0418AE0000700813AB
:0418AF00FB2748E3E8
:0418B000000A0F1308
:0418B10000090A130D
:0418B2000181290384
:0418B30001460633B1
:0418B4000016869301
:0418B50001E5A02386
:0418B6000145A22323
:0418B7000CC1262317
:0418B8000CD1242308
:0418B90012D8486396
:0418BA00000D468354
:0418BB00008585938C
:0418BC0000DC8CB30D
:0418BD00F11FF06FB8
:0418BE00FFFD0D130A
:0418BF00FFF9091311
:0418C000E89FF06F3E
:0418C1000C410613BD
:0418C2000004059386
:0418C300000B85137E
:0418C400688000EF49
:0418C50000050463B3
:0418C600A7DFE06F49
:0418C7000CC1260327
:0418C80000098593FB
:0418C9000100071300
:0418CA00007008138F
:0418CB00E81FF06FB3
:0418CC000C410613B2
:0418CD00000405937B
:0418CE00000B851373
:0418CF0065C000EF01
:0418D00000050463A8
:0418D100A51FE06F00
:0418D200000D46833C
:0418D3000CC126031B
:0418D40000098593EF
:0418D50001000713F4
:0418D6000070081383
:0418D700E91FF06FA6
:0418D80003C127839E
:0418D900040125835E
:0418DA0000000D13EA
:0418DB0040FC0C338E
:0418DC000007861368
:0418DD00000C0513E3
:0418DE0056C010EFF1
:0418DF00001A478321
:0418E00000A006134B
:0418E100000006936A
:0418E20000F037B328
:0418E30000090513E0
:0418E400000A8593DE
:0418E50000FA0A33C8
:0418E600758070EFAA
:0418E700AB8FF06F64
:0418E8000141278310
:0418E90001012703CF
:0418EA001EF748633A
:0418EB00010127834D
:0418EC00001DF713D1
:0418ED000007891354
:0418EE000007066386
:0418EF000241270388
:0418F00000E7893351
:0418F100400DFE1395
:0418F200000E06637B
:0418F3000101278345
:0418F40032F040632B
:0418F500FFF946931E
:0418F60041F6D6934E
:0418F70000D97C3365
:0418F80006700893DB
:0418F90000012E2399
:0418FA0000012C239A
:0418FB00F20FF06F89
:0418FC000C41061382
:0418FD00000405934B
:0418FE00000B851343
:0418FF0059C000EFDD
:041900000005046377
:04190100991FE06FDB
:041902000CC12603EB
:0419030000098A133A
:04190400BE9FE06F33
:041905000C41061378
:041906000004059341
:04190700000B851339
:04190800578000EF15
:04190900000504636E
:04190A0096DFE06F15
:04190B00000D468302
:04190C000CC12603E1
:04190D0000098593B5
:04190E0001000713BA
:04190F000070081349
:0419100000DC8CB3B8
:04191100DC1FF06F78
:0419120000900793A7
:04191300A127E463C1
:04191400A54FF06F7C
:041915000A71470309
:041916000101262382
:0419170000012E237A
:0419180000012C237B
:04191900000128237E
:04191A00000B0C139F
:04191B00000B0913A1
:04191C0000000B13A9
:04191D000007046358
:04191E00AD8FE06F3A
:04191F00CB9FD06F1B
:0419200006442783CF
:041921000017F79321
:041922002E078C639D
:04192300FFF0079337
:0419240000F1222389
:04192500E11FD06F7F
:041926000AC1278348
:0419270000F1282380
:04192800000707931A
:04192900865FF06F76
:04192A000C41061353
:04192B00000405931C
:04192C00000B851314
:04192D004E4000EF39
:04192E000005046349
:04192F008D9FE06F39
:041930000AC1258340
:0419310001412783C6
:041932000CC12603BB
:0419330000098A130A
:0419340040B785B380
:04193500BADFE06FC6
:04193600000D861307
:04193700A88FE06F26
:04193800080105930A
:041939000009051389
:04193A0004E12A2377
:04193B0004C1282398
:04193C000511262348
:04193D0004D124238A
:04193E0009F1282360
:04193F0001F12E2361
:0419400009E12A236C
:0419410001E12C2371
:0419420009D12C2378
:0419430001D12A2381
:0419440000B12823A3
:0419450009812E23C3
:041946000801202351
:04194700080122234E
:04194800080124234B
:041949000801262348
:04194A000450A0EFB6
:04194B0001012583EE
:04194C0001412E83A4
:04194D0001812F03E2
:04194E0001C12F8321
:04194F000481268366
:0419500004C1288323
:041951000501260363
:041952000541270321
:041953002A051263EC
:041954000AC127831A
:0419550000F707335D
:0419560000F1282351
:0419570041A707B3EA
:0419580000F12A234D
:0419590001012783DE
:04195A00001DF71362
:04195B000167673386
:04195C002CF05063B8
:04195D0026071463E2
:04195E000101290357
:04195F000660089383
:04196000400DFE1325
:04196100160E1863E3
:04196200FFF94693B0
:0419630041F6D693E0
:0419640000D97C33F7
:04196500E51FF06F1B
:041966000141278391
:04196700024127030F
:04196800067008936A
:0419690000E78933D7
:04196A0001012783CD
:04196B00FCF04AE35F
:04196C0040F9083303
:04196D000018091342
:04196E00FFF94693A4
:04196F0041F6D693D4
:0419700000D97C33EB
:04197100E21FF06F12
:04197200FF0005135A
:0419730040B0093344
:041974000000FE97DA
:04197500444E8E93BB
:0419760008A5D2638B
:0419770001512823CF
:0419780001000B134C
:0419790000700813DF
:04197A00000E8A933E
:04197B0000C0006F39
:04197C00FF09091343
:04197D00072B506381
:04197E000106061345
:04197F000017071333
:04198000015A2023C5
:04198100016A2223B2
:041982000CC126234B
:041983000CE124232C
:04198400008A0A13B8
:04198500FCE85EE339
:041986000C410613F7
:0419870000040593C0
:04198800000B8513B8
:04198900374000EFF4
:04198A0000050463ED
:04198B00F68FE06F84
:04198C000CC1260361
:04198D000C8127039F
:04198E0000098A13AF
:04198F0000700813C9
:04199000FB1FF06FDA
:0419910001650733B2
:0419920004700613C4
:0419930008010593AF
:04199400E4CFF06F3D
:04199500000A8E9323
:0419960001012A839E
:0419970001260633EC
:04199800001707131A
:0419990001DA20232C
:04199A00012A2223D9
:04199B000CC1262332
:04199C000CE1242313
:04199D00007005933E
:04199E0000E5C46339
:04199F00CADFE06F4C
:0419A0000C410613DD
:0419A10000040593A6
:0419A200000B85139E
:0419A30030C000EF61
:0419A40000050463D3
:0419A500F00FE06FF0
:0419A6000CC1260347
:0419A7000C81270385
:0419A80000098A1395
:0419A900A28FF06FAA
:0419AA000B61069334
:0419AB0000061863B7
:0419AC00030006939B
:0419AD000AD10B232D
:0419AE000B71069320
:0419AF001901079380
:0419B00040F6863344
:0419B100030B07130A
:0419B2000DD60793B4
:0419B30000E68023A7
:0419B40002F12C23ED
:0419B500BF8FF06F81
:0419B60000012423E5
:0419B70000600B13AE
:0419B800D8DFD06F35
:0419B900001DF71303
:0419BA00C0070063FF
:0419BB00BF4FF06FBB
:0419BC000670089316
:0419BD0003412603B9
:0419BE000FF006938D
:0419BF0000064703D4
:0419C00016D70A63C9
:0419C1000101278376
:0419C2000000051309
:0419C3000000059388
:0419C40000F75E6367
:0419C50040E787B3BD
:0419C60000164703BD
:0419C70004070863A6
:0419C80000158593EE
:0419C90000160613EB
:0419CA00FED714E34D
:0419CB0002C12A2308
:0419CC0000B12C2317
:0419CD0000A12E2324
:0419CE0000F12823D9
:0419CF0001C12783A8
:0419D0000181270367
:0419D10003C12583A6
:0419D20005112423B4
:0419D30000E7853371
:0419D4003E10D0EF02
:0419D50001250933AC
:0419D600FFF946933C
:0419D70041F6D6936C
:0419D80004812883DB
:0419D90000D97C3382
:0419DA00BA4FF06FA1
:0419DB0000064703B8
:0419DC0000150513DA
:0419DD00FB5FF06F4D
:0419DE000017771364
:0419DF00D00718E332
:0419E00000C4578365
:0419E1002007F79351
:0419E200D00792E3B5
:0419E300058425034F
:0419E400D5CFC0EFAC
:0419E500CF9FF06F31
:0419E600000A8C1354
:0419E700001B069348
:0419E800044128830B
:0419E90004812D83C5
:0419EA0004C12C8385
:0419EB0005012A03C5
:0419EC0003812A83C6
:0419ED0005412B8302
:0419EE000581240348
:0419EF0005C12D03FE
:0419F00000DC06B35E
:0419F10003000613D6
:0419F200900B42E331
:0419F300001C0C13B5
:0419F400FECC0FA373
:0419F500FF869CE3EA
:0419F6008F5FF06FA0
:0419F700024127037F
:0419F80006600893EA
:0419F90000EB0833C4
:0419FA0000F80933B5
:0419FB00D95FF06F51
:0419FC0000100513BF
:0419FD0040D506B318
:0419FE000AD12623C1
:0419FF00C9CFF06FED
:041A000000C1278377
:041A01000007AB032C
:041A0200004787937F
:041A0300000B54631D
:041A0400FFF00B13D1
:041A0500001AC88378
:041A060000F12623A2
:041A070000068A93B8
:041A080088DFD06F34
:041A0900002007931F
:041A0A0002F12C2396
:041A0B00AA0FF06FBF
:041A0C0000071A6352
:041A0D0000100C13A6
:041A0E0006600893D3
:041A0F0000100913A7
:041A1000BA5FF06F5A
:041A110002412783E4
:041A120006600893CF
:041A1300001788131D
:041A14000168093329
:041A1500FFF94693FC
:041A160041F6D6932C
:041A170000D97C3343
:041A1800B85FF06F54
:041A190000C457832B
:041A1A000407E79343
:041A1B0000F416239A
:041A1C009F5FD06F89
:041A1D0000012E2373
:041A1E0000012C2374
:041A1F00EC1FF06F59
:041A20000450061355
:041A21000801059320
:041A2200C14FF06F51
:041A23000006069320
:041A24000005861320
:041A25000005059320
:041A26008201A50391
:041A2700E60FD06F87
:041A2800B7010113EE
:041A290000C59783DA
:041A2A0000E5D703F9
:041A2B0048812423A7
:041A2C00000584131A
:041A2D00000105B7F8
:041A2E00FFD58593C8
:041A2F000644230343
:041A300001C4288342
:041A31000244280340
:041A3200010717137E
:041A330000B7F7B34E
:041A340000E7E7B32D
:041A350040000593D5
:041A360049212023FF
:041A370000F12A236D
:041A38000005091389
:041A39000701079307
:041A3A000601051389
:041A3B004811262305
:041A3C004891222388
:041A3D0047312E23DC
:041A3E000006049307
:041A3F000006899381
:041A400006612623F2
:041A41000311222348
:041A42000301262353
:041A430000F1242367
:041A440000F12C235E
:041A450000B12823A1
:041A460000B12E239A
:041A47000201202355
:041A4800BA4FC0EFE2
:041A490000048613FC
:041A4A000009869376
:041A4B00008105937E
:041A4C000009051375
:041A4D00DC8FD0EF6B
:041A4E0000050493F8
:041A4F0004055263D5
:041A50000141578376
:041A51000407F793FC
:041A5200000788639E
:041A530000C45783F1
:041A54000407E79309
:041A550000F4162360
:041A5600060125035D
:041A5700B70FC0EF16
:041A580048C12083DE
:041A59004881240399
:041A5A004801290313
:041A5B0047C12983D3
:041A5C0000048513EA
:041A5D004841248355
:041A5E004901011326
:041A5F00000080679C
:041A60000081059369
:041A61000009051360
:041A6200424000EF0F
:041A6300FA050AE393
:041A6400FFF00493F8
:041A6500FADFF06F45
:041A6600008627834C
:041A6700FF01011367
:041A680000812423B2
:041A6900001126231F
:041A6A00000604135B
:041A6B0000079E636F
:041A6C0000C1208312
:041A6D00000422232C
:041A6E0000812403CC
:041A6F00000005135B
:041A7000010101135C
:041A7100000080678A
:041A7200594000EFE8
:041A730000C120830B
:041A74000004242323
:041A75000004222324
:041A760000812403C4
:041A77000101011355
:041A78000000806783
:041A7900FF01011355
:041A7A00001126230E
:041A7B000121202302
:041A7C000E0582636E
:041A7D00008124239D
:041A7E00009122238E
:041A7F0000058413C7
:041A800000050493C6
:041A810000050663F3
:041A8200034527836E
:041A83001007806365
:041A8400064427836A
:041A850000C417037F
:041A86000017F793BB
:041A87000A07966351
:041A880020077713A9
:041A89000E070863D9
:041A8A0000040593BC
:041A8B0000048513BB
:041A8C00130000EF54
:041A8D0002C42783E5
:041A8E000005091333
:041A8F0000078A635F
:041A900001C42583E5
:041A910000048513B5
:041A9200000780E7E2
:041A93000A0540639D
:041A940000C45783B0
:041A95000807F793B4
:041A96000A07926346
:041A9700030425839C
:041A980000058C6356
:041A990004040793A7
:041A9A0000F586636A
:041A9B0000048513AB
:041A9C00979FC0EF61
:041A9D0002042823F4
:041A9E000444258354
:041A9F000005886353
:041AA00000048513A6
:041AA100965FC0EF9D
:041AA20004042223F3
:041AA3008C9FB0EF75
:041AA400064427834A
:041AA5000004162300
:041AA6000017F7939B
:041AA7000A07866341
:041AA8000584250389
:041AA900A28FC0EF59
:041AAA008B9FB0EF6F
:041AAB0000C12083D3
:041AAC00008124038E
:041AAD00004124834D
:041AAE000009051313
:041AAF000001290306
:041AB000010101131C
:041AB100000080674A
:041AB200F60710E340
:041AB3000081240387
:041AB4000041248346
:041AB5000000091311
:041AB60000C12083C8
:041AB700000905130A
:041AB80000012903FD
:041AB9000101011313
:041ABA000000806741
:041ABB0000C4578389
:041ABC00FFF009131B
:041ABD000807F7938C
:041ABE00F60782E3C2
:041ABF000104258376
:041AC0000004851386
:041AC1008E5FC0EF85
:041AC200F55FF06F6D
:041AC300FD8FB0EFF4
:041AC400F01FF06FB0
:041AC500058425036C
:041AC6009BCFC0EF03
:041AC70000C41783BD
:041AC800F00794E3AC
:041AC9000644278325
:041ACA000017F79377
:041ACB00FA0790E3A3
:041ACC000584250365
:041ACD0000000913F9
:041ACE009B4FC0EF7B
:041ACF00008124036B
:041AD000004124832A
:041AD100F95FF06F5A
:041AD200058425035F
:041AD3009A0FC0EFB7
:041AD400F51FF06F9B
:041AD5000005059370
:041AD6008201A503E1
:041AD700E89FF06F25
:041AD80000C59703AB
:041AD900FE010113F6
:041ADA0000812C2338
:041ADB00013126238C
:041ADC0000112E23A4
:041ADD000087779374
:041ADE000005841368
:041ADF000005099362
:041AE00012079063F6
:041AE100000017B733
:041AE200800787935F
:041AE3000045A68391
:041AE40000F767B3ED
:041AE50000F596234F
:041AE60018D052635F
:041AE700028428034A
:041AE8000E0804637D
:041AE90000912A231B
:041AEA000137169317
:041AEB000009A483C7
:041AEC000009A0232A
:041AED0001C4258388
:041AEE001606CE63A7
:041AEF0000000613DA
:041AF0000010069349
:041AF1000009851350
:041AF200000800E701
:041AF300FFF0079366
:041AF40000050613D0
:041AF5001AF5046377
:041AF60000C417838E
:041AF700028428033A
:041AF80001C425837D
:041AF9000047F79318
:041AFA0000078E63F0
:041AFB000044270379
:041AFC000304278335
:041AFD0040E6063386
:041AFE0000078663F4
:041AFF0003C4278372
:041B000040F6063372
:041B01000000069347
:041B0200000985133E
:041B0300000800E7EF
:041B0400FFF0079354
:041B050012F514635E
:041B06000009A683A9
:041B070001D007936F
:041B080000C41703FB
:041B090016D7EA639E
:041B0A00204007B7B9
:041B0B0000178793A5
:041B0C0000D7D7B374
:041B0D000017F79333
:041B0E0016078063D3
:041B0F0001042603A4
:041B1000FFFFF7B725
:041B11007FF7879340
:041B120000F777B3AE
:041B130000F41623A1
:041B14000004222384
:041B150000C42023C5
:041B160001371793E9
:041B17000007D4638C
:041B180010068263CE
:041B19000304258319
:041B1A000099A0236B
:041B1B0010058463CA
:041B1C000404079323
:041B1D0000F58663E6
:041B1E000009851322
:041B1F00F6CFC0EF4E
:041B200001412483D8
:041B2100020428236F
:041B220000000513A7
:041B230001C1208359
:041B24000181240314
:041B250000C129834F
:041B260002010113A4
:041B270000008067D3
:041B2800012128234C
:041B29000105A90306
:041B2A000809026341
:041B2B0000912A23D8
:041B2C000005A48389
:041B2D0000377713F3
:041B2E000125A023CA
:041B2F00412484B316
:041B30000000079317
:041B31000007146332
:041B32000145A7833F
:041B330000F4242373
:041B34000090486372
:041B35000540006FF8
:041B360000A90933C6
:041B3700049056635D
:041B380002442783B9
:041B390001C425833B
:041B3A00000486938A
:041B3B000009061384
:041B3C000009851304
:041B3D00000780E736
:041B3E0040A484B388
:041B3F00FCA04EE3D5
:041B400000C41703C3
:041B41000101290372
:041B4200040767131A
:041B430001412483B5
:041B440000E4162380
:041B4500FFF0051395
:041B4600F75FF06FE6
:041B470003C5A683A9
:041B4800E6D04EE3B2
:041B4900F65FF06FE4
:041B4A0001412483AE
:041B4B000101290368
:041B4C00F59FF06FA2
:041B4D000504260362
:041B4E00EADFF06F6B
:041B4F0000C41703B4
:041B500001042683E3
:041B5100FFFFF7B7E4
:041B52007FF78793FF
:041B530000F777B36D
:041B540000F4162360
:041B55000004222343
:041B560000D4202374
:041B570001371793A8
:041B5800F007D2E3DD
:041B590003042583D9
:041B5A0004A4282394
:041B5B000099A0232A
:041B5C00F00590E31D
:041B5D00014124839B
:041B5E00F11FF06F14
:041B5F000009A7834F
:041B6000E4078CE327
:041B610001D0071395
:041B620000E78C63A9
:041B63000160071303
:041B640000E78863AB
:041B650000C417039E
:041B660004076713F6
:041B6700F71FF06F05
:041B68000099A0231D
:041B6900014124838F
:041B6A00EE1FF06F0B
:041B6B00FF01011362
:041B6C0000812423AD
:041B6D00009122239E
:041B6E000011262319
:041B6F00012120230D
:041B700000050493D5
:041B710000058413D4
:041B72000005066301
:041B7300034527837C
:041B74000A078A636F
:041B750000C417830E
:041B7600000009134F
:041B7700040780637C
:041B780006442703F5
:041B790000177713C7
:041B7A0000071663E7
:041B7B002007F793B5
:041B7C000407846373
:041B7D0000040593C8
:041B7E0000048513C7
:041B7F00D65FF0EF4E
:041B8000064427836D
:041B8100000509133F
:041B82000017F793BE
:041B8300000798635C
:041B840000C45783BF
:041B85002007F793AB
:041B86000407846369
:041B870000C12083F6
:041B880000812403B1
:041B89000041248370
:041B8A000009051336
:041B8B000001290329
:041B8C00010101133F
:041B8D00000080676D
:041B8E0005842503A2
:041B8F00E99FB0EF2B
:041B900000040593B5
:041B910000048513B4
:041B9200D19FF0EF00
:041B9300064427835A
:041B9400000509132C
:041B95000017F793AB
:041B9600FC0792E3D3
:041B9700FB5FF06F91
:041B98000584250398
:041B9900E89FB0EF22
:041B9A0000C12083E3
:041B9B00008124039E
:041B9C00004124835D
:041B9D000009051323
:041B9E000001290316
:041B9F00010101132C
:041BA000000080675A
:041BA100C60FB0EFCC
:041BA200F4DFF06F0D
:041BA3000A050A63C2
:041BA400FF01011329
:041BA5000081242374
:041BA60001212023D6
:041BA70000112623E0
:041BA8000091222363
:041BA9008201A90309
:041BAA00000504131B
:041BAB0000090663C4
:041BAC00034927833F
:041BAD000607846340
:041BAE0000C41783D5
:041BAF00000004939B
:041BB0000407806343
:041BB10006442703BC
:041BB200001777138E
:041BB30000071663AE
:041BB4002007F7937C
:041BB50004078A6334
:041BB600000405938F
:041BB7000009051309
:041BB800C81FF0EF63
:041BB9000644278334
:041BBA00000504938B
:041BBB000017F79385
:041BBC000007986323
:041BBD0000C4578386
:041BBE002007F79372
:041BBF0002078C632A
:041BC00000C12083BD
:041BC1000081240378
:041BC20000012903F2
:041BC3000004851382
:041BC4000041248335
:041BC5000101011306
:041BC6000000806734
:041BC70000090513F9
:041BC800BC4FB0EF6F
:041BC900F95FF06F61
:041BCA000584250366
:041BCB00DA9FB0EFFE
:041BCC00FA9FF06F1D
:041BCD000584250363
:041BCE00DB5FB0EF3A
:041BCF00FC5FF06F58
:041BD00000010617F3
:041BD1002C86061345
:041BD2000000059773
:041BD300E6458593CB
:041BD40000010517F0
:041BD5002C85051343
:041BD600C7CFB06F56
:041BD70000862783DA
:041BD8002C078463EF
:041BD90000C596832A
:041BDA00FD010113F5
:041BDB00028124233C
:041BDC0001412C2374
:041BDD000161282357
:041BDE0002112623A7
:041BDF000086F793F2
:041BE00000060B13DD
:041BE10000050A13DE
:041BE2000005841363
:041BE30008078E63FE
:041BE4000105A783CD
:041BE50008078A6300
:041BE6000291222323
:041BE7000321202393
:041BE80001312E2376
:041BE90001512A2359
:041BEA000026F79347
:041BEB00000B248344
:041BEC000A078463FD
:041BED000244278304
:041BEE0001C4258386
:041BEF0080000AB7B1
:041BF0000000099355
:041BF10000000913D4
:041BF200C00A8A9308
:041BF300000986134C
:041BF400000A0513CB
:041BF500040902637A
:041BF6000009069349
:041BF700012AF46368
:041BF800000A8693C6
:041BF900000780E77A
:041BFA0046A052634C
:041BFB00008B2783B1
:041BFC0000A989B300
:041BFD0040A90933BF
:041BFE0040A787B3C2
:041BFF0000FB2423A0
:041C00001A078663D6
:041C010002442783EF
:041C020001C4258371
:041C0300000986133B
:041C0400000A0513BA
:041C0500FC0912E3E1
:041C06000004A983AA
:041C07000044A903E9
:041C0800008484933D
:041C0900FA9FF06FDF
:041C0A00000405933A
:041C0B00000A0513B3
:041C0C006B0000EF7A
:041C0D001C051C6333
:041C0E0000C4168375
:041C0F0002912223F9
:041C10000321202369
:041C110001312E234C
:041C120001512A232F
:041C13000026F7931D
:041C1400000B24831A
:041C1500F60790E35B
:041C1600017126230F
:041C17000181242300
:041C18000016F79328
:041C19001C079663AB
:041C1A000004278318
:041C1B000084270317
:041C1C0080000AB783
:041C1D0001912223EC
:041C1E0000000B9324
:041C1F000000099325
:041C2000FFFA8A93AA
:041C21000007851320
:041C220000070C1398
:041C230010098263BF
:041C24002006F6138D
:041C25002806086322
:041C260000070C9314
:041C270032E9E86353
:041C28004806F71360
:041C290008070A633B
:041C2A000144260348
:041C2B000104258308
:041C2C000016171374
:041C2D0000C70733B2
:041C2E0040B78933FF
:041C2F0001F75C134A
:041C300000EC0C3385
:041C310000190793FC
:041C3200401C5C13E3
:041C3300013787B33B
:041C3400000C061387
:041C350000FC7663D6
:041C360000078C1304
:041C37000007861309
:041C38004006F693D9
:041C3900320680638C
:041C3A000006059308
:041C3B00000A051383
:041C3C00E18FC0EF85
:041C3D0000050C93FF
:041C3E0034050E63F8
:041C3F0001042583F4
:041C4000000906137E
:041C4100D1DFB0EF50
:041C420000C4578300
:041C4300B7F7F79365
:041C44000807E79313
:041C450000F416236E
:041C4600012C8533B5
:041C4700412C07B372
:041C480001942823B8
:041C490001842A23C5
:041C4A0000A42023AF
:041C4B0000098C13ED
:041C4C0000F4242359
:041C4D0000098C936B
:041C4E00000C8613ED
:041C4F00000B85936E
:041C5000241000EF6D
:041C510000842703E1
:041C520000042783E0
:041C530000098913E8
:041C5400418707338A
:041C5500019787B3B9
:041C560000E424235F
:041C570000F4202352
:041C580000000993EC
:041C5900008B278352
:041C5A00012B8BB31C
:041C5B00412787B3E3
:041C5C0000FB242342
:041C5D000207866391
:041C5E0000042783D4
:041C5F0000842703D3
:041C600000C4168323
:041C610000078513E0
:041C620000070C1358
:041C6300F00992E30F
:041C64000004AB834A
:041C65000044A9830B
:041C660000848493DF
:041C6700EE9FF06F8D
:041C680000C12B8309
:041C690000812C03C7
:041C6A0000412C8386
:041C6B0002C120830F
:041C6C0002812403CA
:041C6D000241248389
:041C6E000201290343
:041C6F0001C1298303
:041C700001412A8381
:041C710001812A03C0
:041C720001012B033E
:041C73000000051355
:041C74000301011354
:041C75000000806784
:041C760000040593CE
:041C7700000A051347
:041C7800BCDFF0EFEE
:041C79000A050E63E7
:041C7A0000C4178308
:041C7B0000C12B83F6
:041C7C0000812C03B4
:041C7D000241248379
:041C7E000201290333
:041C7F0001C12983F3
:041C800001412A8371
:041C81000407E793DA
:041C820000F4162331
:041C830002C12083F7
:041C840002812403B2
:041C850001812A03AC
:041C860001012B032A
:041C8700FFF0051352
:041C88000301011340
:041C89000000806770
:041C8A00000005133E
:041C8B00000080676E
:041C8C0000000A93B7
:041C8D00000005133B
:041C8E0000000C1333
:041C8F0000000993B5
:041C9000080982635A
:041C910008050A63D5
:041C9200000A87932A
:041C930000098B9326
:041C94000137F463BD
:041C950000078B9326
:041C9600000425031E
:041C9700010427839A
:041C98000084290398
:041C99000144268359
:041C9A0000A7F66346
:041C9B0000D9093330
:041C9C00097944631B
:041C9D0016DBC2632D
:041C9E000244278352
:041C9F0001C42583D4
:041CA000000C06131B
:041CA100000A05131D
:041CA200000780E7D0
:041CA300000509131C
:041CA400F4A05CE369
:041CA500412A8AB393
:041CA6000010051312
:041CA700F20A8EE3CC
:041CA800008B278303
:041CA900012C0C33CB
:041CAA00412989B390
:041CAB00412787B393
:041CAC0000FB2423F2
:041CAD00F80796E3BB
:041CAE0000C12B83C3
:041CAF0000812C0381
:041CB000EEDFF06F04
:041CB1000044A983BF
:041CB2000004879310
:041CB3000084849392
:041CB400FE098AE3B8
:041CB5000007AC0375
:041CB6000009861388
:041CB70000A00593F1
:041CB800000C051304
:041CB90053C000EF25
:041CBA0014050C639E
:041CBB0000150513F8
:041CBC0041850AB3A1
:041CBD00F55FF06F70
:041CBE00000C05937E
:041CBF0000090613FF
:041CC000081000EF19
:041CC1000004278371
:041CC2000004059382
:041CC300000A0513FB
:041CC400012787B3BA
:041CC50000F42023E4
:041CC600A95FF0EF33
:041CC700F6050CE32F
:041CC800EC9FF06F2E
:041CC9000104268369
:041CCA0004F6E463D5
:041CCB000144258328
:041CCC0004B9E06314
:041CCD00000989136E
:041CCE00013AF46380
:041CCF00000A89136B
:041CD00000090513EF
:041CD1000940D0EF07
:041CD200024427831E
:041CD30001C42583A0
:041CD40040A906B36A
:041CD500000B861367
:041CD600000A0513E8
:041CD700000780E79B
:041CD80000050913E7
:041CD90004A05A63A6
:041CDA00412989B360
:041CDB00DF9FF06F28
:041CDC0000070913E1
:041CDD0000E9F463C3
:041CDE00000989135D
:041CDF000007851362
:041CE00000090613DE
:041CE100000B8593DC
:041CE2007F8000EF10
:041CE300008427034F
:041CE400000427834E
:041CE5004127073359
:041CE600012787B398
:041CE70000E42423CE
:041CE80000F42023C1
:041CE900FC0712E3FF
:041CEA00000405935A
:041CEB00000A0513D3
:041CEC009FDFF0EF97
:041CED00FA050AE307
:041CEE0000C4178394
:041CEF0000C12B8382
:041CF00000812C0340
:041CF10000412C83FF
:041CF200E2DFF06FCE
:041CF30000098C1345
:041CF40000098C93C4
:041CF500D65FF06F57
:041CF600000B861346
:041CF700000C059345
:041CF8007A0000EF7F
:041CF9000084270339
:041CFA000004278338
:041CFB00000B89133E
:041CFC0041770733F2
:041CFD00017787B331
:041CFE0000E42423B7
:041CFF0000F42023AA
:041D0000E95FF06F38
:041D0100000A0513BC
:041D0200290040EF85
:041D030000050C9338
:041D0400D00514E30F
:041D0500010425832D
:041D0600000A0513B7
:041D0700FCDFB0EF5E
:041D080000C4178379
:041D090000C00713FC
:041D0A0000C12B8366
:041D0B0000812C0324
:041D0C0000412C83E3
:041D0D0000EA2023A5
:041D0E00F7F7F79359
:041D0F00DB9FF06FF7
:041D1000001987939C
:041D110000078A93AA
:041D1200E05FF06F2F
:041D130000C417836E
:041D1400DA5FF06F33
:041D150000C00713F0
:041D160000C417836B
:041D170000C12B8359
:041D180000812C0317
:041D190000412C83D6
:041D1A0000EA202398
:041D1B00D89FF06FEE
:041D1C0000C59783E4
:041D1D00F8010113B5
:041D1E0006812C23EB
:041D1F0006112E2358
:041D20000027F7138E
:041D21000005841322
:041D2200020704634D
:041D23000435879369
:041D240000F5A02303
:041D250000F5A823FA
:041D2600001007930F
:041D270000F5AA23F6
:041D280007C120834C
:041D29000781240307
:041D2A000801011398
:041D2B0000008067CD
:041D2C0000E59583B6
:041D2D0006912A23CE
:041D2E00072128233E
:041D2F00073126232F
:041D30000741242320
:041D31000005049312
:041D32000805C66377
:041D33000081061312
:041D34004E0000EF6E
:041D350006054E63EE
:041D360000C127833E
:041D37000000F93778
:041D3800000019B7D7
:041D390000F9793301
:041D3A00FFFFE7B709
:041D3B0000F909336F
:041D3C00001939133E
:041D3D0040000A1345
:041D3E0080098993FC
:041D3F00000A0593FE
:041D40000004851303
:041D4100A04FC0EF00
:041D420000C417833F
:041D43000605086326
:041D44000807E79312
:041D450000A42023B3
:041D460000A42823AA
:041D470000F416236B
:041D480001442A2305
:041D49000A09106310
:041D4A000137E7B3C3
:041D4B0007C1208329
:041D4C0000F4162366
:041D4D0007812403E3
:041D4E0007412483A2
:041D4F00070129035C
:041D500006C129831C
:041D510006812A03DA
:041D52000801011370
:041D530000008067A5
:041D540000C417832D
:041D55000807F793F1
:041D5600000009136D
:041D570004078E638C
:041D580004000A1366
:041D5900000A0593E4
:041D5A0000048513E9
:041D5B0099CFC0EF6D
:041D5C0000C4178325
:041D5D0000000993E6
:041D5E00F8051CE385
:041D5F002007F7134F
:041D600004071E63F3
:041D6100FFC7F7932E
:041D62000027E793DC
:041D6300043407132A
:041D640000F416234E
:041D650000100793D0
:041D6600074124838A
:041D67000701290344
:041D680006C1298304
:041D690006812A03C2
:041D6A0000E420234E
:041D6B0000E4282345
:041D6C0000F42A2332
:041D6D00EEDFF06F46
:041D6E0040000A1314
:041D6F0000000993D4
:041D7000F3DFF06F3E
:041D710000E41583F2
:041D720000048513D1
:041D7300444000EFF9
:041D740002051063F1
:041D750000C417830C
:041D7600F51FF06FF6
:041D77000741248379
:041D78000701290333
:041D790006C12983F3
:041D7A0006812A03B1
:041D7B00EB5FF06FBB
:041D7C0000C45783C5
:041D7D00FFC7F79312
:041D7E000017E793D0
:041D7F00010797932E
:041D80004107D793AD
:041D8100F25FF06FAE
:041D8200F90101134F
:041D8300068124238E
:041D840000058413BF
:041D850000E595835D
:041D8600069122237D
:041D870007212023ED
:041D880006112623F7
:041D890000060493B9
:041D8A0000068913B3
:041D8B000405CA631E
:041D8C0000810613B9
:041D8D0037C000EF6C
:041D8E0004054463A1
:041D8F0000C1270365
:041D90000000F7B7A1
:041D910006C12083E4
:041D920000E7F7B3BC
:041D9300FFFFE73730
:041D940000E787B32A
:041D9500068124039C
:041D96000017B793E8
:041D970000F920230C
:041D980040000713ED
:041D990000E4A0239F
:041D9A0000001537F9
:041D9B000641248356
:041D9C000601290310
:041D9D0080050513A5
:041D9E000701011325
:041D9F000000806759
:041DA00000C45783A1
:041DA1000807F793A5
:041DA2000207886349
:041DA30006C12083D2
:041DA400068124038D
:041DA50000000793A0
:041DA60000F92023FD
:041DA700040007131A
:041DA80000E4A02390
:041DA9000601290303
:041DAA000641248347
:041DAB00000005131C
:041DAC000701011317
:041DAD00000080674B
:041DAE0006C12083C7
:041DAF000681240382
:041DB00000F92023F3
:041DB10040000713D4
:041DB20000E4A02386
:041DB30006012903F9
:041DB400064124833D
:041DB5000000051312
:041DB600070101130D
:041DB7000000806741
:041DB800FF01011313
:041DB900008124235E
:041DBA00009122234F
:041DBB0000112623CA
:041DBC008201A78376
:041DBD000005049386
:041DBE000005841385
:041DBF000007866330
:041DC0000347A7032B
:041DC1000E070C639A
:041DC20000C41783BF
:041DC3000087F7138B
:041DC40006070A63A1
:041DC50001042703EB
:041DC60008070663A1
:041DC7000017F69378
:041DC8000206886324
:041DC9000144268328
:041DCA0000042423CA
:041DCB0000000513FC
:041DCC0040D006B34A
:041DCD0000D42C23EF
:041DCE0002070A639B
:041DCF0000C12083AC
:041DD0000081240367
:041DD1000041248326
:041DD20001010113F7
:041DD3000000806725
:041DD4000027F6935B
:041DD50000000613F1
:041DD600000694630C
:041DD700014426039A
:041DD80000C42423FC
:041DD90000000513EE
:041DDA00FC071AE305
:041DDB000807F713EB
:041DDC00FC0706E317
:041DDD000407E7937D
:041DDE0000F41623D4
:041DDF00FFF00513F9
:041DE000FBDFF06FC6
:041DE1000107F713EC
:041DE200080700638B
:041DE3000047F713AB
:041DE40002071C6373
:041DE50001042703CB
:041DE6000087E793F8
:041DE70000F41623CB
:041DE800F6071EE3F9
:041DE9002807F6933E
:041DEA0020000613BC
:041DEB00F6C688E3CD
:041DEC000004059357
:041DED000004851356
:041DEE00CB9FF0EFA8
:041DEF0000C4178392
:041DF00001042703C0
:041DF100F59FF06FFB
:041DF200030425833E
:041DF30000058E63F6
:041DF40004040713C9
:041DF50000E588631A
:041DF600000485134D
:041DF700C0DFB0EFAA
:041DF80000C4178389
:041DF9000204282395
:041DFA0001042703B6
:041DFB00FDB7F793A6
:041DFC00000422239A
:041DFD0000E42023BB
:041DFE00FA1FF06F69
:041DFF000007851341
:041E0000AE5FA0EF42
:041E0100F05FF06F2F
:041E02000090071332
:041E030000E4A02334
:041E04000407E79355
:041E050000F41623AC
:041E0600FFF00513D1
:041E0700F21FF06F67
:041E08000035779397
:041E09000FF5F69348
:041E0A0002078A63DE
:041E0B00FFF6079344
:041E0C0002060E6359
:041E0D00FFF00613C9
:041E0E000180006FE0
:041E0F0000150513A2
:041E1000003577130F
:041E110000070E6355
:041E1200FFF78793BC
:041E130002C780631F
:041E1400000547037B
:041E1500FED714E3FD
:041E160000008067E1
:041E17000006079327
:041E1800003007137C
:041E190000F7686303
:041E1A0006079063C4
:041E1B0000000513AB
:041E1C0000008067DB
:041E1D000FF5F59335
:041E1E000085971391
:041E1F0000B705B350
:041E2000010597130E
:041E2100FEFF08B701
:041E220080808837FD
:041E230000E585B39E
:041E2400EFF88893B8
:041E2500080808138E
:041E26000030031372
:041E27000100006F47
:041E2800FFC78793D6
:041E29000045051358
:041E2A00FCF370E372
:041E2B000005270384
:041E2C0000E5C733D3
:041E2D000117063360
:041E2E00FFF7471360
:041E2F0000E677331F
:041E300001077733FC
:041E3100FC070EE3B9
:041E320000F507B3FD
:041E330000C0006F7C
:041E3400001505137D
:041E3500F8F50CE3CD
:041E36000005470359
:041E3700FED71AE3D5
:041E380000008067BF
:041E390000A5E7B366
:041E3A000037F793E3
:041E3B0000079663A3
:041E3C0000300793D8
:041E3D0004C7E6638D
:041E3E000005071381
:041E3F0001C0006F6F
:041E4000FFF5C68361
:041E4100FFF608138D
:041E4200FED78FA395
:041E430000068E63A4
:041E440000078713F9
:041E45000008061378
:041E4600001585936B
:041E470000170793E6
:041E4800FE0610E39F
:041E490000008067AE
:041E4A0000C7073393
:041E4B000608006322
:041E4C000017879361
:041E4D00FE078FA35A
:041E4E00FEE79CE32C
:041E4F0000008067A8
:041E5000FEFF033757
:041E5100808088B74E
:041E5200000507136D
:041E5300EFF3031393
:041E5400080888935F
:041E550000300E1338
:041E56000180006F98
:041E570000D720236D
:041E5800FFC60613A8
:041E59000047071324
:041E5A000045859327
:041E5B00FACE76E362
:041E5C000005A68354
:041E5D00006687B3E1
:041E5E00FFF6C813B0
:041E5F000107F7B3CD
:041E60000117F7B3BC
:041E6100FC078CE30B
:041E6200F91FF06F05
:041E63000000806794
:041E64000F0505134E
:041E65000000806792
:041E6600000105175B
:041E6700E9850513F1
:041E6800000080678F
:041E69000001051758
:041E6A00E8C50513AF
:041E6B00000080678C
:041E6C00FF0101135E
:041E6D0000058713D2
:041E6E0000812423A8
:041E6F0000060593D1
:041E70000005041352
:041E7100000705134E
:041E720000012797AD
:041E73008207A62319
:041E74000011262310
:041E75004650C0EF24
:041E7600FFF00793DF
:041E770000F50A6305
:041E780000C1208302
:041E790000812403BD
:041E7A00010101134E
:041E7B00000080677C
:041E7C0000012797A3
:041E7D008047A78370
:041E7E00FE0784E3F4
:041E7F0000C12083FB
:041E800000F4202327
:041E810000812403B5
:041E82000101011346
:041E83000000806774
:041E8400FF01011346
:041E85000081242391
:041E8600000504133C
:041E870000058513BA
:041E880000011797A7
:041E89007C07AA2305
:041E8A0000112623FA
:041E8B005310C0EF41
:041E8C00FFF00793C9
:041E8D0000F50A63EF
:041E8E0000C12083EC
:041E8F0000812403A7
:041E90000101011338
:041E91000000806766
:041E9200000117979D
:041E93007AC7A783E0
:041E9400FE0784E3DE
:041E950000C12083E5
:041E960000F4202311
:041E9700008124039F
:041E98000101011330
:041E9900000080675E
:041E9A00FF01011330
:041E9B0000058713A4
:041E9C00008124237A
:041E9D0000060593A3
:041E9E000005041324
:041E9F0000068613A0
:041EA000000705131F
:041EA100000117978E
:041EA2007607A823F4
:041EA30000112623E1
:041EA4001500D0EF66
:041EA500FFF00793B0
:041EA60000F50A63D6
:041EA70000C12083D3
:041EA800008124038E
:041EA900010101131F
:041EAA00000080674D
:041EAB000001179784
:041EAC007487A7830D
:041EAD00FE0784E3C5
:041EAE0000C12083CC
:041EAF0000F42023F8
:041EB0000081240386
:041EB1000101011317
:041EB2000000806745
:041EB300FF01011317
:041EB4000081242362
:041EB500000504130D
:041EB600000585138B
:041EB7000001179778
:041EB8007007AC23E0
:041EB90000112623CB
:041EBA003AC0D0EF6B
:041EBB00FFF007939A
:041EBC0000F50A63C0
:041EBD0000C12083BD
:041EBE000081240378
:041EBF000101011309
:041EC0000000806737
:041EC100000117976E
:041EC2006F07A7837C
:041EC300FE0784E3AF
:041EC40000C12083B6
:041EC50000F42023E2
:041EC6000081240370
:041EC7000101011301
:041EC800000080672F
:041EC900FF01011301
:041ECA00008124234C
:041ECB000000E79795
:041ECC0096C787939B
:041ECD000000E41716
:041ECE00964404131F
:041ECF0040F40433A4
:041ED0000091222338
:041ED10000112623B3
:041ED20040245493C1
:041ED3000204806322
:041ED400FFC4041330
:041ED50000F40433DE
:041ED600000427835A
:041ED700FFF48493FD
:041ED800FFC404132C
:041ED900000780E797
:041EDA00FE0498E387
:041EDB0000C120839F
:041EDC00008124035A
:041EDD000041248319
:041EDE0001010113EA
:041EDF000000806718
:041EE00002A5F663FE
:041EE10000C587337E
:041EE20002E5726340
:041EE30000C507B37C
:041EE4000406066387
:041EE500FFF746833A
:041EE600FFF78793E8
:041EE700FFF70713E7
:041EE80000D780237C
:041EE900FEF518E307
:041EEA00000080670D
:041EEB0000F0079369
:041EEC0002C7E863DE
:041EED000005079352
:041EEE00FFF6069362
:041EEF000C06026378
:041EF00000168693BF
:041EF10000D786B3DD
:041EF2000005C7031D
:041EF30000178793BA
:041EF40000158593BD
:041EF500FEE78FA3D2
:041EF600FED798E398
:041EF7000000806700
:041EF80000B567B317
:041EF9000037F79324
:041EFA0008079663DC
:041EFB00FF06089343
:041EFC00FF08F89350
:041EFD0001088893BD
:041EFE00011506B311
:041EFF000005871340
:041F0000000507933E
:041F010000072803AA
:041F020001070713B9
:041F030001078793B8
:041F0400FF07A82308
:041F0500FF47280367
:041F0600FF07AA2304
:041F0700FF87280325
:041F0800FF07AC2300
:041F0900FFC72803E3
:041F0A00FF07AE23FC
:041F0B00FCD79CE380
:041F0C0000C6781380
:041F0D00011585B382
:041F0E0000F677134F
:041F0F00040804635B
:041F1000FFC70813EC
:041F1100FFC878137A
:041F12000048081368
:041F1300010687B389
:041F1400000587132A
:041F15000007288316
:041F16000046869368
:041F17000047071365
:041F1800FF16AE23DF
:041F1900FEF698E355
:041F1A000036761304
:041F1B00010585B384
:041F1C00F49FF06FCF
:041F1D00FFF6069332
:041F1E000005079320
:041F1F00F45FF06F0C
:041F200000008067D6
:041F2100000706139C
:041F2200F31FF06F4A
:041F2300F9010113AC
:041F2400072120234E
:041F250000C5A90347
:041F260005412C2322
:041F270005512A2313
:041F28000561282304
:041F29000045AA8342
:041F2A000005AB0300
:041F2B000085AA0380
:041F2C0005312E232A
:041F2D00000089B770
:041F2E0006812423E1
:041F2F0006912223D2
:041F3000061126234D
:041F310001095493BB
:041F3200FFF9899397
:041F330003612823FB
:041F340003512A2308
:041F350003412C2315
:041F360003212E2332
:041F37000134F4B3CA
:041F3800000620235C
:041F39000005041388
:041F3A000934806383
:041F3B000101059308
:041F3C000201051386
:041F3D0005712623E1
:041F3E0003612023F8
:041F3F0000060B93FA
:041F40000351222304
:041F41000341242311
:041F4200032126232E
:041F4300000128234E
:041F440000012A234B
:041F450000012C2348
:041F460000012E2345
:041F4700050090EF12
:041F48000E050E6311
:041F490000000693FB
:041F4A0006048E6398
:041F4B00FFFFC73796
:041F4C000027071350
:041F4D0003C12903A0
:041F4E0000E484B374
:041F4F00800107B74F
:041F500000D484B382
:041F5100FFF787937C
:041F5200009BA0232D
:041F530003012B0358
:041F540003412A8398
:041F550003812A03D7
:041F560004C12B8314
:041F570000F97933E1
:041F58003FFE07B78A
:041F590000F96933EF
:041F5A0001642023DB
:041F5B0001542223E8
:041F5C0001442423F5
:041F5D000124262312
:041F5E0006C1208315
:041F5F000004051362
:041F600006812403CF
:041F6100064124838E
:041F62000601290348
:041F630005C1298308
:041F640005812A03C6
:041F650005412A8385
:041F660005012B0343
:041F6700070101135A
:041F6800000080678E
:041F69000000E797F6
:041F6A00CBC78793C7
:041F6B000007A603C2
:041F6C000047A68301
:041F6D000087A7033F
:041F6E0000C7A7837E
:041F6F0000C120236A
:041F700001010593D3
:041F71000001061352
:041F72000201051350
:041F730000D1222354
:041F740000E1242341
:041F750000F126232E
:041F760001612823BA
:041F770001512A23C7
:041F780001412C23D4
:041F790001212E23F1
:041F7A00314090EF73
:041F7B000201270335
:041F7C0002C12783F4
:041F7D00F8E00693EF
:041F7E0002E1282331
:041F7F0002412703F1
:041F80000107D493EE
:041F810002F12E2318
:041F820002E12A232B
:041F830002812703AD
:041F84000134F4B37D
:041F850002E12C2326
:041F8600F15FF06FA8
:041F870004C12B83E3
:041F8800F49FF06F63
:041F89000000E897D5
:041F8A00C6C88893AA
:041F8B000008AF8318
:041F8C000048AF0357
:041F8D000088AE8397
:041F8E0000C8AE03D6
:041F8F000108A3039F
:041F9000038528831A
:041F9100F401011343
:041F92000B212823D4
:041F93000B312623C5
:041F94000B412423B6
:041F95000B61202399
:041F960009712E237C
:041F970009812C236D
:041F980009912A235E
:041F990009A128234F
:041F9A000A112E23D7
:041F9B000A812C2368
:041F9C000A912A2359
:041F9D000B5122239F
:041F9E0009B126233C
:041F9F0007F12623FD
:041FA00007E128230A
:041FA10007D12A2317
:041FA20007C12C2324
:041FA30006612E2382
:041FA40002C1202333
:041FA50002D1222320
:041FA6000005AA0385
:041FA7000045A983C5
:041FA8000085A90304
:041FA90000C5AC03C0
:041FAA0000050B1310
:041FAB0000070B938D
:041FAC0000078C930B
:041FAD0000080D1308
:041FAE00000888633C
:041FAF00000885930E
:041FB000114020EFCD
:041FB100020B2C23D0
:041FB200078126037A
:041FB30001FC569344
:041FB400001C1A9360
:041FB5004016571368
:041FB600FFFFC4B7AE
:041FB700001C1413E3
:041FB80000D77733A4
:041FB900011ADA939C
:041FBA00F9148493FF
:041FBB00010C1D9365
:041FBC0000DCA02382
:041FBD0000145413A5
:041FBE0000C74733DE
:041FBF00010DDD93A0
:041FC000009A87B349
:041FC1000301059380
:041FC20004010513FE
:041FC3000541202391
:041FC400053122239E
:041FC50005212423AB
:041FC6000481262349
:041FC7000341282387
:041FC80003312A2394
:041FC90003212C23A1
:041FCA0002812E233F
:041FCB0006E12C23DC
:041FCC0000F12E23CF
:041FCD0005412E2379
:041FCE000731202394
:041FCF0007212223A1
:041FD00007B124230E
:041FD1006790B0EF76
:041FD20018051E636D
:041FD3000000E7978C
:041FD400B2478793F6
:041FD5000007A60358
:041FD6000047A68397
:041FD7000087A48358
:041FD80000C7AC830F
:041FD9000301059368
:041FDA0004010513E6
:041FDB000541202379
:041FDC000531222386
:041FDD000521242393
:041FDE000481262331
:041FDF0002C12823F0
:041FE00002C12623F1
:041FE10002D12A23DC
:041FE20002D12423E1
:041FE30002912C2318
:041FE40003912E2314
:041FE5006290B0EF67
:041FE60008051C636B
:041FE700030105935A
:041FE80004010513D8
:041FE9007F9080EF76
:041FEA0008A0546394
:041FEB000030079328
:041FEC0004F12C23AD
:041FED000201278343
:041FEE000241280381
:041FEF0001C1260303
:041FF000058107134D
:041FF10001A1202307
:041FF200000B8893C5
:041FF30005C106938B
:041FF40006C105938A
:041FF500000B0513C5
:041FF600238000EF55
:041FF700000BA70331
:041FF800FFFF87B7A9
:041FF90000F7186372
:041FFA00800007B7A5
:041FFB00FFF78793D2
:041FFC0000FBA02323
:041FFD000BC1208371
:041FFE000B8124032C
:041FFF000B412483EB
:042000000B012903A4
:042001000AC1298364
:042002000A812A0322
:042003000A412A83E1
:042004000A012B039F
:0420050009C12B835F
:0420060009812C031D
:0420070009412C83DC
:0420080009012D039A
:0420090008C12D835A
:04200A000C010113B1
:04200B0000008067EA
:04200C000000E79752
:04200D00A507879309
:04200E000007A6031E
:04200F000047A6835D
:042010000087A7039B
:0420110000C7A783DA
:04201200030105932E
:0420130004010513AC
:04201400054120233F
:04201500053122234C
:042016000521242359
:0420170004812623F7
:0420180002C12823B6
:0420190002D12A23A3
:04201A0002E12C2390
:04201B0002F12E237D
:04201C005CD080EF25
:04201D0000054E6309
:04201E00000107B7FF
:04201F0000FDEDB320
:042020000010079312
:0420210004F12C2377
:0420220007B12423BB
:04202300F29FF06FC9
:04202400030105931C
:04202500040105139A
:04202600054120232D
:04202700053122233A
:042028000521242347
:0420290005812623E4
:04202A000201282364
:04202B0002012A2361
:04202C0002012C235E
:04202D0002012E235B
:04202E004B5080EFA4
:04202F00000516632F
:0420300004012C2358
:04203100EF1FF06F3E
:04203200FFFFC4B731
:0420330000200793EF
:04203400F924849374
:0420350004F12C2363
:04203600009A87B3D2
:0420370000F12E2363
:04203800ED5FF06FF9
:0420390000400793C9
:04203A0004F12C235E
:04203B00EC9FF06FB7
:04203C00FB01011390
:04203D0004912223C5
:04203E0000C5248332
:04203F000521202334
:0420400003312E2317
:0420410000852903EA
:0420420000452983A9
:0420430003412C2306
:0420440000052A0366
:04204500001494935C
:042046000014D4931B
:0420470000010593FC
:04204800010105137A
:042049000411262335
:04204A000141282305
:04204B0001312A2312
:04204C0001212C231F
:04204D0000912E23AD
:04204E000141202309
:04204F000131222316
:042050000121242323
:0420510000912623B1
:042052004750B0EF54
:042053000A05126305
:042054000000E7970A
:0420550092078793D4
:0420560003512A23E5
:0420570003612823D6
:0420580003712623C7
:0420590003812423B8
:04205A000047AB830D
:04205B000007AC03CB
:04205C000087AB034B
:04205D0000C7AA838B
:04205E0000010593E5
:04205F000101051363
:0420600004812423B0
:0420610001812023B6
:0420620001712223C3
:0420630001612423D0
:0420640001512623DD
:042065000010041350
:042066004250B0EF45
:042067000405006309
:0420680004C120830C
:042069000014451307
:04206A0004812403C6
:04206B000FF57513E5
:04206C0003412A837F
:04206D0003012B033D
:04206E0002C12B83FD
:04206F0002812C03BB
:042070000441248380
:04207100040129033A
:0420720003C12983FA
:0420730003812A03B8
:04207400001515132B
:04207500050101134D
:04207600000080677F
:0420770000010593CC
:04207800010105134A
:042079005B9080EF09
:04207A000015241316
:04207B00FB5FF06FA8
:04207C0004C12083F8
:04207D000441248373
:04207E00040129032D
:04207F0003C12983ED
:0420800003812A03AB
:042081000010051333
:042082000501011340
:042083000000806772
:04208400F40101134F
:042085000B612023A8
:0420860000072B0321
:042087000B212823DE
:042088000A112E23E8
:04208900FCFB7313D6
:04208A0000672023A8
:04208B00000709132E
:04208C000C01270319
:04208D0000FB7313CE
:04208E0000300E13FD
:04208F0000E1242325
:0420900000A1202368
:0420910000C128233F
:0420920001012A23FB
:0420930001112223F2
:042094007FC306639D
:0420950009812C236E
:0420960000CB7C13EC
:04209700720C1E6346
:0420980078030C635A
:042099000B512223A2
:04209A000005AA8310
:04209B000B312623BC
:04209C0009A128234B
:04209D0009B126233C
:04209E00000689931C
:04209F0002000693A2
:0420A00000058D9317
:0420A10000078D1394
:0420A20000000593A2
:0420A300020007939D
:0420A4000156D863A6
:0420A50000179793F6
:0420A6000015859309
:0420A700FF57CCE330
:0420A800000125030B
:0420A900100020EF14
:0420AA0000A1262348
:0420AB003C0508E305
:0420AC0000C12783C5
:0420AD00FFFA85139E
:0420AE004055551331
:0420AF000025159360
:0420B00001478693CB
:0420B1000B41242398
:0420B20009912A2343
:0420B30000B985B338
:0420B4000009879305
:0420B5000007A70376
:0420B60000478793C5
:0420B70000468693C6
:0420B800FEE6AE236F
:0420B900FEF5F8E355
:0420BA0000158593F5
:0420BB0000198793EE
:0420BC000040069347
:0420BD0000F5E663E1
:0420BE0000251513D1
:0420BF00004506933F
:0420C00000C12783B1
:0420C1004026DC9346
:0420C20000D786B30A
:0420C30000C0006FEA
:0420C400FFC686933A
:0420C5007A0C8063AE
:0420C6000106A783E5
:0420C700000C8A136C
:0420C800FFFC8C93FA
:0420C900FE0786E3A5
:0420CA0000C1270327
:0420CB00004C8793AB
:0420CC0000279793BF
:0420CD0000F707B35E
:0420CE000047A5031F
:0420CF00014728237A
:0420D000005A1A1385
:0420D1003F8020EF3D
:0420D20040AA0CB361
:0420D30000C1250320
:0420D4007F1010EF7A
:0420D500010127835B
:0420D60006A12E230E
:0420D70002F12023CF
:0420D80078051E6306
:0420D90000C1278398
:0420DA000107A683D1
:0420DB0066068463AE
:0420DC0000C1250317
:0420DD0007C105939F
:0420DE000A812C2324
:0420DF000A912A2315
:0420E00009712E2331
:0420E100689020EFF4
:0420E20000C59A1388
:0420E30000CA5A13C2
:0420E4003FF006B70C
:0420E50000DA64B306
:0420E60002012703C9
:0420E7000000E69778
:0420E800C0468693D5
:0420E9000006A60344
:0420EA000046A68383
:0420EB00019707331F
:0420EC000005079351
:0420ED0000048593D3
:0420EE00FFF70A13DB
:0420EF0004F12423B1
:0420F00000E12E23BA
:0420F10002A12C23F9
:0420F200761070EF05
:0420F3000000E6976C
:0420F400BDC686934C
:0420F5000006A60338
:0420F6000046A68377
:0420F7007BC070EF4B
:0420F8000000E69767
:0420F900BD06869307
:0420FA000006A60333
:0420FB000046A68372
:0420FC003A4060EF17
:0420FD0000050B933C
:0420FE00000A0513BC
:0420FF000005841341
:042100000B5080EF11
:042101000000E6975D
:04210200BB468693BF
:042103000006A60329
:042104000046A68368
:04210500784070EFBF
:0421060000050613B7
:0421070000058693B6
:04210800000B851330
:042109000004059336
:04210A0036C060EF8C
:04210B0000050B932D
:04210C000005841333
:04210D00000A0513AC
:04210E00000A586308
:04210F0001C12703E0
:0421100000100513A3
:0421110040E505336D
:04211200BCB5051340
:0421130002A05C6367
:04211400065080EF02
:042115000000E69749
:04211600B6C6869330
:042117000006A60315
:042118000046A68354
:04211900734070EFB0
:04211A0000050613A3
:04211B0000058693A2
:04211C00000B85131C
:04211D000004059322
:04211E0031C060EF7D
:04211F0000050B9319
:04212000000584131F
:04212100000405931E
:04212200000B851316
:042123007A4080EF8F
:042124000005081397
:04212500000405931A
:04212600000B851312
:04212700000006139B
:04212800000006931A
:0421290001012C2361
:04212A005E8070EF74
:04212B0002055463F2
:04212C000181250305
:04212D00001080EF2F
:04212E00000B861309
:04212F00000406930F
:04213000444070EFC8
:04213100018127837E
:0421320000A03533A1
:0421330040A787B387
:0421340000F12C2367
:04213500014A161332
:042136000181278379
:0421370000960833D3
:04213800414C84335F
:0421390001600693A8
:04213A000501202358
:04213B00FFF40B930F
:04213C005CF6E86302
:04213D000000D317B4
:04213E005C430313E8
:04213F00003796933C
:0421400000D306B30F
:04214100038128836B
:042142000006A503EB
:042143000046A5832A
:0421440000088613F6
:0421450000080693F5
:04214600478070EF6F
:042147001AA044E3B3
:0421480002012E233F
:04214900020122234A
:04214A0000804A6364
:04214B0000100693E7
:04214C00408687B38F
:04214D0002F1222356
:04214E0000000B93EF
:04214F000181278360
:04215000020126233F
:0421510000FB8BB351
:0421520002F128234B
:04215300009006935F
:042154005DA6E86339
:04215500005006939D
:0421560019A6C0E323
:0421570001C1278318
:04215800004006132A
:042159003FD78A13CF
:04215A007F8A3A132B
:04215B0000CD14633C
:04215C000A00106FF6
:04215D0000DD14632A
:04215E0008C0106F36
:04215F0000200693C3
:0421600000DD146327
:042161000980106F72
:0421620000300693B0
:0421630002012A2328
:042164005ADD1063CD
:0421650003012783C8
:042166000141270309
:0421670000E787B353
:0421680004F1262335
:042169000017879341
:04216A0000F12E232F
:04216B0062F058E3E3
:04216C00000786934F
:04216D00000785934F
:04216E000001250344
:04216F0006D12E2344
:042170000F1010EF4D
:0421710000050F1343
:042172004C050063B5
:0421730000CDA78371
:04217400FFF7879357
:0421750002F124232C
:042176005A0786631B
:042177000C07CEE3A0
:04217800100B7E9337
:04217900580E986301
:04217A0002012783B4
:04217B000007C8632E
:04217C0003012783B1
:04217D0000E00693E5
:04217E0010F6D4E3A0
:04217F00034127836E
:042180000A0784E3E3
:0421810002012783AD
:04218200419A8E33BD
:04218300004DA683E2
:04218400001E061320
:0421850006C12E233E
:0421860041C78E338C
:0421870062DE52E3DF
:04218800FFDD06135E
:04218900FFD67613F4
:04218A00500604E314
:04218B0040D786B300
:04218C000016869320
:04218D0006D12E2326
:04218E000010061324
:04218F0001A65C63E6
:0421900001C12783DF
:0421910000F058639F
:0421920001C12783DD
:0421930000D7D4633A
:042194006400106F64
:042195000241278359
:0421960002C12483DB
:0421970000DB8BB32B
:0421980000078A931F
:0421990000F687B312
:04219A0002F1222309
:04219B000001250317
:04219C000010059397
:04219D0003E1202317
:04219E0021C020EF4D
:04219F0002012F0307
:0421A00000050A1319
:0421A1004005026390
:0421A200020A866344
:0421A300037054630E
:0421A400000A869314
:0421A500015BD463A3
:0421A600000B869311
:0421A7000241278347
:0421A80006D12E230B
:0421A90040DA8AB3DB
:0421AA0040D787B3E0
:0421AB0002F12223F8
:0421AC0040DB8BB3D6
:0421AD0002C12783C1
:0421AE000207886339
:0421AF00034127833E
:0421B000000784633D
:0421B100660490E34D
:0421B20002C126033D
:0421B30000C12583BF
:0421B40000012503FE
:0421B50003E12023FF
:0421B600534020EF83
:0421B70000A126233A
:0421B80002012F03EE
:0421B9003A0502637E
:0421BA0000012503F8
:0421BB000010059378
:0421BC0003E12023F8
:0421BD001A0020EFF5
:0421BE000005031302
:0421BF003805066376
:0421C00001812783EF
:0421C10002012F03E5
:0421C2004E0790E351
:0421C300001006936F
:0421C4001DA6D0E3A1
:0421C50001F00B1307
:0421C6000241278328
:0421C700417B0B331A
:0421C800FFCB0B132B
:0421C90001FB7B1388
:0421CA0000FB0633DD
:0421CB0007612E2357
:0421CC00000B07936A
:0421CD002AC044E3FD
:0421CE0000FB863359
:0421CF0032C048636F
:0421D00003C127839D
:0421D1002C0792E362
:0421D20001C127839D
:0421D30040F058E39D
:0421D4000341278319
:0421D50030078EE35E
:0421D600015B063370
:0421D70066C048E3B3
:0421D80001812783D7
:0421D900000A0A935B
:0421DA000007846313
:0421DB006E50006FD3
:0421DC0001212A2390
:0421DD0000C1248396
:0421DE0000012903D0
:0421DF00000F0D934D
:0421E0000010079351
:0421E10000200413C3
:0421E20000030C13D7
:0421E30001E12823CB
:0421E4000B00006F7D
:0421E50000090513D5
:0421E6004C1010EF9A
:0421E700000B546332
:0421E80006C0106FAE
:0421E900016D6B33E6
:0421EA00000B1A6369
:0421EB000009A783BD
:0421EC000017F7934E
:0421ED0000079463F0
:0421EE000540106F29
:0421EF0002812783BF
:0421F000008784637D
:0421F1003C80106FAF
:0421F200019D8023A8
:0421F30007C1278376
:0421F40001C12703FB
:0421F500001D8D93A9
:0421F60000F7146377
:0421F7002D40106FF8
:0421F80000048593C7
:0421F9000000069349
:0421FA0000A0061328
:0421FB0000090513BF
:0421FC0048D010EFC8
:0421FD000005049342
:0421FE002805086345
:0421FF000000069343
:0422000000A0061321
:04220100000A059337
:0422020000090513B7
:04220300135A00E387
:0422040046D010EFC1
:0422050000050A13B3
:04220600260508633E
:04220700000A8593B1
:042208000000069339
:0422090000A0061318
:04220A0000090513AF
:04220B00451010EF7B
:04220C0000050A932C
:04220D0024050A6337
:04220E0007C127835A
:04220F00001787939A
:04221000000C059326
:04221100000485132D
:0422120006F12E2380
:042213007A0010EF4E
:0422140000050B9323
:04221500000A059323
:042216000004851328
:04221700690020EF4B
:04221800000C05931E
:0422190000050B139E
:04221A00000A86131D
:04221B00000905139E
:04221C006D4020EF02
:04221D00030B8C9390
:04221E00000505931F
:04221F00200506632D
:0422200000C527834B
:04222100F00798E347
:0422220000A12623CE
:04222300000485131B
:0422240065C020EF82
:0422250000C125834C
:042226000005069316
:042227000009051392
:0422280000D1262398
:042229003B5010EF27
:04222A0000C1268346
:04222B0000DD673338
:04222C000007046340
:04222D005680106F58
:04222E000009A78379
:04222F000017F7930A
:04223000080790E328
:04223100028127837C
:0422320000079463AA
:042233004280106F66
:04223400EF604CE328
:042235000104A603F7
:0422360000912623CA
:0422370000100693FA
:04223800000C031380
:0422390001012F036D
:04223A000141290332
:04223B0000070C1379
:04223C000004879380
:04223D0000C6C463B0
:04223E004EC0106F0F
:04223F00028127836E
:0422400000200693E1
:0422410000D79463CB
:042242004AC0106F0F
:0422430000C124832F
:0422440000012B83E7
:0422450000030B1374
:04224600000F0C1366
:042247000240006FE2
:0422480035D010EF8E
:04224900000B0593EE
:04224A0000050493F4
:04224B0014050E6305
:04224C006BC010EF64
:04224D0003050C93E6
:04224E0000098D9363
:04224F0000040A93EA
:04225000000A859368
:04225100000B051366
:042252005A4020EFDF
:0422530000050793E8
:0422540000000693ED
:0422550000A00613CC
:04225600000A859362
:04225700000B8513E0
:04225800001D899349
:0422590000F04463EA
:04225A0042C0106FFF
:04225B00FF998FA3B5
:04225C0030D010EF7F
:04225D000005041361
:04225E0000000693E3
:04225F0000A00613C2
:04226000000485935E
:04226100000B8513D6
:042262001004006301
:04226300F95A1AE327
:0422640000040A1355
:04226500F8DFF06F3F
:04226600004007939A
:0422670010F31863F5
:042268000041270307
:0422690000812603C7
:04226A0009812C03B7
:04226B000BC1208300
:04226C000B01290336
:04226D000A012B0334
:04226E00FFFF87B730
:04226F0000F7202331
:0422700000300693A1
:042271000000D597FD
:04227200D405859377
:042273000C01011346
:0422740054C0106FD3
:04227500000125033C
:042276000007859345
:0422770027D010EF6D
:042278000AC12983EB
:042279000A812A03A9
:04227A000A412A8368
:04227B0009412C8366
:04227C0009012D0324
:04227D0008C12D83E4
:04227E0000412703F1
:04227F0000812603B1
:042280000001250331
:0422810000100793AF
:0422820000F720231E
:0422830000100693AE
:042284000000D597EA
:04228500CE4585932A
:04228600504010EFC5
:0422870000050F132C
:042288000BC12083E3
:0422890009812C0398
:04228A000B01290318
:04228B000A012B0316
:04228C00000F051327
:04228D000C0101132C
:04228E000000806765
:04228F0000412703E0
:0422900000812603A0
:042291000BC12083DA
:042292000B01290310
:042293000A012B030E
:04229400FFFF87B70A
:0422950000F720230B
:04229600008006932B
:042297000000D597D7
:04229800C9C585939C
:042299000C01011320
:04229A004B40106F36
:04229B000001250316
:04229C0000030593A3
:04229D0001E1282310
:04229E002E4020EFBF
:04229F0001012F0307
:0422A000000503131F
:0422A100CA051EE369
:0422A2000B81240385
:0422A3000B41248344
:0422A4000AC12983BF
:0422A5000A812A037D
:0422A6000A412A833C
:0422A70009C12B83BB
:0422A80009412C8339
:0422A90009012D03F7
:0422AA0008C12D83B7
:0422AB0000000F130D
:0422AC00F71FF06FB9
:0422AD0000C12783C2
:0422AE000007A8235A
:0422AF00891FF06F24
:0422B0000010079380
:0422B10002F12E23E5
:0422B20002012223E0
:0422B3003C0BC463B9
:0422B40001812783FA
:0422B500A607D4E3C1
:0422B60001812783F8
:0422B70002412703B6
:0422B80000012C23D2
:0422B90002F12823E3
:0422BA0040F70733AF
:0422BB0002E12223F7
:0422BC0040F00733B4
:0422BD0002E12623F1
:0422BE00A55FF06FB9
:0422BF00000505937E
:0422C00000C1250331
:0422C100758010EF25
:0422C20007C12683A7
:0422C300010127836B
:0422C40040DC8CB3BB
:0422C50000F687B3E5
:0422C60002F12023DE
:0422C700849FF06F91
:0422C80001C12783A6
:0422C90000000D13F1
:0422CA003FD78793E0
:0422CB007F87BA133C
:0422CC00000A85136C
:0422CD00180080EF86
:0422CE000000D6979F
:0422CF0049068693A3
:0422D0000006A6035B
:0422D1000046A6839A
:0422D200050070EFA4
:0422D3000E4080EF4A
:0422D400001007935C
:0422D5000035059338
:0422D60002F12A23C4
:0422D700FFF007937A
:0422D80000058693E4
:0422D90000012A23B3
:0422DA0004F12623C2
:0422DB0000F12E23BD
:0422DC00A49FF06F5C
:0422DD0002812783D0
:0422DE000030069333
:0422DF0040F687B38B
:0422E00002F12423C0
:0422E10001C1248390
:0422E20000E006937F
:0422E300A496EEE3EC
:0422E400A40A0CE359
:0422E5000301278347
:0422E6000281270347
:0422E70000E7E6B373
:0422E800A40694E3D1
:0422E9000381240346
:0422EA0004012A03BE
:0422EB0003C1278381
:0422EC0006012E2396
:0422ED000281242323
:0422EE0003412C2359
:0422EF0002078863F7
:0422F0000000D6977D
:0422F1004106869389
:0422F2000006A60339
:0422F3000046A68378
:0422F40000040513CA
:0422F500000A059343
:0422F60005E12823B3
:0422F7006B5060EFD9
:0422F80005012F03AA
:0422F9000005546325
:0422FA006ED0006F33
:0422FB0002812783B2
:0422FC0005E12823AD
:0422FD00000786133D
:0422FE00000785133D
:0422FF0003812783AD
:0423000000078693B9
:0423010000078593B9
:0423020038D050EF90
:042303000000D69769
:042304003DC68693B9
:042305000006A60325
:042306000046A68364
:04230700379050EFCC
:0423080001C1278365
:04230900FCC00737D6
:04230A0005012F0397
:04230B0000050B13AB
:04230C0000B70A33D9
:04230D002A078CE32C
:04230E0001C127835F
:04230F0002812E8396
:04231000038128031A
:0423110004012A2376
:0423120004F1282387
:042313000501278316
:042314000341270357
:042315000000D317DA
:04231600E643031384
:04231700FFF78693B3
:042318000036969362
:0423190000D306B334
:04231A0005012E2368
:04231B0005D12C2399
:04231C000006A6030E
:04231D00000B04931A
:04231E000046A6834C
:04231F00480704E384
:042320000000D5974D
:0423210037858593E4
:042322000005A5030A
:042323000045A58349
:042324000661242307
:04232500001F0B1377
:0423260007E1202388
:042327003C0060EF27
:042328000004861314
:04232900000A06930D
:04232A00680070EFE8
:04232B0005812E8377
:04232C0005C12803BC
:04232D00000506138E
:04232E00000586938D
:04232F00000E851304
:042330000008059309
:0423310005D124238B
:04233200050120235E
:0423330004C12C2392
:0423340004D12E237F
:0423350075D070EF00
:042336000005041387
:042337007D9070EF36
:042338000401280371
:0423390004812E836A
:04233A000005061381
:04233B000005869380
:04233C00000E8513F7
:04233D0000080593FC
:04233E00630070EFD9
:04233F0006012F0361
:04234000000506137B
:04234100000586937A
:0423420000050493FB
:0423430000058A13F4
:0423440005812503E7
:0423450005C1258326
:0423460003040793F2
:0423470000FF002370
:0423480005E1202368
:0423490046D060EF2B
:04234A0004012F0358
:04234B0000A0546337
:04234C0071D0006FDD
:04234D000000D6971F
:04234E0029C6869383
:04234F000006A7835A
:042350000046A80398
:0423510007712023CD
:0423520007512223EA
:0423530005012B83D2
:0423540005812403D8
:0423550005C12A8311
:0423560004F120234B
:042357000501222337
:0423580005E1242354
:04235900052128230F
:04235A000940006FC7
:04235B0007C127830C
:04235C00001787934C
:04235D0006F12E2334
:04235E000177C463DC
:04235F007450006F47
:042360000000D91789
:0423610025890913AE
:042362000009260345
:042363000049268384
:04236400001B0B133C
:04236500605060EF75
:042366000009260341
:042367000049268380
:042368000005041355
:0423690000058A934E
:04236A0000048513D3
:04236B00000A0593CC
:04236C005E9060EF30
:04236D0000058A13CA
:04236E00000509134A
:04236F00675070EF54
:0423700000050493CD
:042371006F1070EF8A
:042372000005061349
:042373000005869348
:042374000009051344
:04237500000A0593C2
:04237600550070EFAF
:042377000304879341
:042378000004061344
:04237900000A86933D
:04237A00FEFB0FA3B4
:04237B0000050493C2
:04237C0000058A13BB
:04237D0049D060EFF4
:04237E00640546E3C9
:04237F00040125032D
:04238000044125836C
:0423810000048613BB
:04238200000A0693B4
:0423830051C070EFE6
:042384000005061337
:042385000005869336
:042386000004051337
:04238700000A859330
:04238800371060EFBB
:0423890000050793B1
:04238A00000A85932D
:04238B000004051332
:04238C00F2F05EE32A
:04238D00054127835C
:04238E0004812F0394
:04238F000501290318
:04239000FFFB470305
:04239100001784139A
:04239200039006931B
:042393000100006FD6
:042394002AFF04E335
:04239500FFF7C70384
:0423960000078B139E
:04239700FFFB0793AE
:04239800FED708E381
:042399000017069390
:04239A000FF6F693B1
:04239B0000D78023C4
:04239C0000040493A2
:04239D0002000C131B
:04239E001F80006F2D
:04239F000AC12983C3
:0423A0000A412A8341
:0423A10009012D03FE
:0423A20008C12D83BE
:0423A30000000F1314
:0423A400B91FF06FFE
:0423A500001006938B
:0423A600408687B333
:0423A70002F12223FA
:0423A80000000B9393
:0423A900C2DFF06F30
:0423AA0002C12483C5
:0423AB0002412A833E
:0423AC0000000A1310
:0423AD00FD4FF06F81
:0423AE000020079371
:0423AF0002F12423F0
:0423B000F20FF06FC9
:0423B10001812783FC
:0423B20002012E23D3
:0423B300FFF7879316
:0423B40000F12C23E5
:0423B500BF5FF06FA7
:0423B600FFCD0D1337
:0423B70000400613C9
:0423B80022CD0063CF
:0423B90070DD086368
:0423BA000020069366
:0423BB0002012A23CE
:0423BC0000000A1300
:0423BD0020DD0C63B0
:0423BE0000300D13CB
:0423BF00E98FF06F43
:0423C00000379693B9
:0423C1000000D797AA
:0423C200BB478793FB
:0423C30000D787B305
:0423C4000007AD035E
:0423C5000047AD839D
:0423C6000141278327
:0423C7005607C4638E
:0423C8000481240365
:0423C90004012A03DE
:0423CA000010079365
:0423CB00000D0613E8
:0423CC00000D8693E7
:0423CD0000040513F0
:0423CE00000A059369
:0423CF0001E12823DD
:0423D00006F12E23C1
:0423D100118060EF28
:0423D2004E9070EFCA
:0423D3000005099365
:0423D400565070EF00
:0423D500000D0613DE
:0423D600000D8693DD
:0423D70043D060EFA0
:0423D80000050613E3
:0423D90000058693E2
:0423DA0000040513E3
:0423DB00000A05935C
:0423DC003B8070EFE3
:0423DD0001012F03C8
:0423DE0003012703CD
:0423DF0003098793D4
:0423E00000FF0023D7
:0423E10000000613DF
:0423E200000006935E
:0423E30000170413C8
:0423E400001F0B13B8
:0423E50000050A9352
:0423E60000058A1351
:0423E700169060EFFD
:0423E80001012F03BD
:0423E9000004049355
:0423EA000C05046377
:0423EB000181282321
:0423EC0001C12C837C
:0423ED00000A0C13C3
:0423EE000000DB9779
:0423EF00020B8B93BF
:0423F00000040A13C8
:0423F100000F0413C2
:0423F2000780006FF1
:0423F300000BA60332
:0423F400004BA68371
:0423F50007012E238B
:0423F600001B0B13AA
:0423F7003BD060EF88
:0423F800000D0613BB
:0423F900000D8693BA
:0423FA0000050C13BB
:0423FB0000058A93BC
:0423FC0006C060EFC8
:0423FD0043D070EF6A
:0423FE00000509933A
:0423FF004B9070EFA0
:04240000000D0613B2
:04240100000D8693B1
:04240200391060EF3E
:0424030000050613B7
:0424040000058693B6
:04240500000C0513AF
:04240600000A8593B0
:0424070030C070EF82
:0424080003098793AA
:04240900FEFB0FA324
:04240A0000000613B5
:04240B000000069334
:04240C0000050A932A
:04240D0000058C1327
:04240E000CD060EF9F
:04240F0042050E6311
:0424100007C12703D6
:04241100000A851325
:04241200000C059322
:042413000017081393
:04241400F7971EE335
:042415000281270316
:0424160000040F139C
:04241700000A0413A0
:0424180002070AE3CA
:042419000010079315
:04241A0001000C139E
:04241B0026F700E3BD
:04241C0000C1258353
:04241D000001250392
:04241E0001E128238D
:04241F003DC010EFBD
:0424200000412783CD
:04242100000B002389
:0424220001012F0382
:042423000097A0235B
:042424000081278389
:0424250000078463C5
:042426000167A02387
:0424270000092783FE
:042428000B812403FD
:042429000B412483BC
:04242A000187E7B38C
:04242B000AC1298336
:04242C000A812A03F4
:04242D000A412A83B3
:04242E0009C12B8332
:04242F0009412C83B0
:0424300009012D036E
:0424310008C12D832E
:0424320000F920236A
:04243300955FF06F52
:04243400E4DC9263EF
:04243500004DA7832C
:042436000101270376
:042437000017879370
:04243800E2E7DA639A
:0424390002412783B2
:04243A00001B8B9365
:04243B00001787936C
:04243C0002F1222364
:04243D0000100793F1
:04243E0000F12C235A
:04243F00E18FF06FCA
:0424400000100793EE
:0424410000000A137A
:0424420002F12A2356
:0424430001412583AB
:0424440000B044633D
:0424450000100593EB
:042446000005869374
:0424470004B1262393
:0424480000B12E238E
:0424490000B12A2391
:04244A00C90FF06F57
:04244B00350010EF59
:04244C0000050A136A
:04244D0094050AE305
:04244E0000050A93E8
:04244F00EFCFF06F6C
:04245000E80B5463DE
:04245100028127835A
:0424520000912623AC
:04245300000C031363
:0424540001012F0350
:042455000141290315
:0424560000070C135C
:0424570046079AE3B7
:0424580000C1278315
:0424590000100693D6
:04245A0001000C135E
:04245B000107A603CC
:04245C00001D899343
:04245D003EC6D6E3BE
:04245E00000A041359
:04245F0000098B13D2
:04246000019D802337
:04246100000A8A13D0
:0424620000012983C9
:0424630000030593DA
:0424640001E1282347
:0424650000098513D2
:042466002C0010EF47
:0424670003012783C3
:0424680001012F033C
:042469000017849341
:04246A00EC0A04E391
:04246B0000040C63FA
:04246C0001440A63BA
:04246D0000040593CF
:04246E0000098513C9
:04246F0029C010EF81
:0424700001012F0334
:04247100000125033E
:04247200000A0593C4
:0424730001E1282338
:04247400288010EFBD
:0424750001012F032F
:04247600E99FF06F7B
:0424770000C12583F8
:042478000001250337
:0424790003E1202338
:04247A0000612823B2
:04247B00371010EF17
:04247C0000A1262372
:04247D0088050AE3E1
:04247E0007C12783E8
:04247F0002012F0324
:042480000101230330
:04248100D34FF06FD6
:0424820000C125036D
:0424830000030593BA
:0424840003E120232D
:0424850000612823A7
:042486004D5010EFB6
:042487000101230329
:0424880002012F031B
:04248900D2055263C3
:04248A0003012783A0
:04248B0000C12583E4
:04248C000001250323
:04248D00FFF787933B
:04248E0000000693B1
:04248F0000A0061390
:0424900001E12E2315
:0424910002F1282309
:04249200234010EFE4
:0424930000A126235B
:0424940082050CE3CE
:042495000341278355
:04249600010123031A
:0424970001C12F034D
:0424980018079CE3A2
:0424990004C12783D0
:04249A001EF05E636F
:04249B0000F12E23FB
:04249C0001C12483D3
:04249D0000C1240353
:04249E0000012A838C
:04249F00000F0D938A
:0424A000001007938E
:0424A1000003099398
:0424A200000F0B1309
:0424A3000180006F45
:0424A4001EC010EF57
:0424A5000005041317
:0424A600FE050863C4
:0424A70007C12783BF
:0424A80000178793FF
:0424A900000985930E
:0424AA000004051312
:0424AB0006F12E23E5
:0424AC0053D000EF1A
:0424AD0003050C9384
:0424AE00019D8023E9
:0424AF0007C12783B7
:0424B000000006938F
:0424B10000A006136E
:0424B200000405938A
:0424B300000A851383
:0424B400001D8D93E7
:0424B500FA97CEE3E1
:0424B6000081262358
:0424B7000009831382
:0424B800000B0F13F3
:0424B9000000041308
:0424BA000281270371
:0424BB004A07006369
:0424BC0000C1260332
:0424BD000020079361
:0424BE00010626836A
:0424BF004CF70A6369
:0424C000001007936E
:0424C10028D7CE63E7
:0424C2000146278325
:0424C30028079A63E9
:0424C40000F037B33A
:0424C50000479C131D
:0424C6000300069376
:0424C700FFFDC783CB
:0424C800000D8B1365
:0424C900FFFD8D93F3
:0424CA00FED78AE3CC
:0424CB00E5DFF06FEA
:0424CC0001C12783A0
:0424CD0002C127031E
:0424CE00FFF78693FB
:0424CF001AD746636F
:0424D00040D704B33A
:0424D1000007DEE33F
:0424D2000241278319
:0424D30001C1270319
:0424D40006012E23AC
:0424D50040E78AB39F
:0424D600B14FF06FA3
:0424D7000020079347
:0424D800BFA7D8635F
:0424D90000012503D6
:0424DA000003059363
:0424DB000000069364
:0424DC000050061393
:0424DD0001E12823CE
:0424DE00104010EFAB
:0424DF00000505935C
:0424E000F00504639C
:0424E10001C127838B
:0424E20001012F03C2
:0424E30014079463E3
:0424E40000A1282308
:0424E50000C125030A
:0424E60001E12C23C1
:0424E700351010EFAD
:0424E8000101258346
:0424E90001812F033B
:0424EA0012A0566383
:0424EB00030127833F
:0424EC0000278493AE
:0424ED00031007933E
:0424EE00001F0B13AD
:0424EF0000FF0023C7
:0424F00002000C13C7
:0424F10000012503BE
:0424F20001E12823B9
:0424F30008C010EF1E
:0424F40001012F03B0
:0424F500C80A0EE320
:0424F600DEDFF06FC6
:0424F7000010069338
:0424F8000010059338
:0424F9009D4FF06F94
:0424FA000005059341
:0424FB0000012503B4
:0424FC00000786133C
:0424FD00019010EF4B
:0424FE0000050313BF
:0424FF00E805066383
:04250000001006932E
:0425010002012F03A1
:0425020021A6DE63CD
:042503000103278326
:0425040003E12023AC
:042505000061282326
:042506000037879380
:04250700002797937F
:0425080000F307B322
:042509000047A503DF
:04250A00314010EF5D
:04250B0002012F0397
:04250C0001012303A3
:04250D0000050B13A7
:04250E0001812C23F8
:04250F00ADCFF06FED
:04251000001006931E
:04251100EFA6C6E388
:0425120002412783D8
:0425130002C124835A
:0425140000CB8BB3BA
:0425150000078A939E
:0425160000F607B311
:0425170002F1222388
:04251800A0CFF06FF1
:042519000020079304
:04251A0013A7C0E360
:04251B0004C127834D
:04251C0000F12E2379
:04251D00DFDFF06F9D
:04251E0001012C0388
:04251F0000040F1392
:04252000BF1FF06F7A
:0425210001C127834A
:04252200A8F04CE3EE
:0425230004079063B6
:042524000000D79745
:04252500B6078793DB
:042526000007A60301
:042527000047A68340
:04252800000D05138A
:04252900000D859389
:04252A0001E1282380
:04252B006EC060EF2F
:04252C00048128837B
:04252D0004012783FB
:04252E000008861308
:04252F000007869388
:042530004D0060EF0B
:0425310001012F0372
:042532006E054C6383
:04253300000005930C
:0425340000000A1386
:0425350001412783B6
:04253600000F0B1374
:0425370001000C1380
:0425380040F004B3B8
:04253900EE1FF06F32
:04253A0002C1278330
:04253B00024127032F
:04253C000000049304
:04253D0040F68633AB
:04253E00018127836D
:04253F0000070A93F4
:0425400002D126237B
:0425410000C787B395
:0425420000F12C2355
:0425430001C1278328
:0425440006F12E234B
:0425450000FB8BB359
:0425460000F707B3E0
:0425470002F1222358
:0425480094CFF06FCD
:0425490000012B035F
:04254A00000A0593EB
:04254B0000048613EF
:04254C00000B051368
:04254D0003E1202363
:04254E006D4010EFDD
:04254F0000050A1366
:04255000D405046347
:0425510000C126039C
:0425520000050593E8
:04255300000B051361
:042554003F4010EF05
:042555000005041366
:04255600D20508633F
:0425570000C1258317
:04255800000B05135C
:042559006F5000EFD0
:04255A0002C1278310
:04255B0000812623B2
:04255C0002012F0346
:04255D00409787B369
:04255E0002F126233D
:04255F0096078663F2
:04256000948FF06FF5
:04256100000A041355
:04256200000D87934E
:04256300001D89933B
:04256400000A8A13CC
:042565000390069346
:0425660000098D9348
:0425670000D78023F6
:042568000390069343
:042569000080006F7F
:04256A0025BF046322
:04256B00FFFDC78326
:04256C00000D8B13C0
:04256D00FFFD8D934E
:04256E00FED788E329
:04256F000017879337
:0425700000FD8023C7
:0425710002000C1345
:04257200BC1FF06F2B
:04257300000125033B
:04257400000A0593C1
:0425750001E12A2333
:0425760000612823B5
:04257700780010EFE9
:042578000101230337
:0425790001412F03EA
:04257A0000050A133B
:04257B0096051A6344
:04257C00C98FF06FA4
:04257D0000100793B0
:04257E0000000A133C
:04257F0002F12A2318
:04258000F95FE06FB0
:0425810000100793AC
:0425820002F12A2315
:04258300F89FE06F6E
:0425840000100793A9
:0425850002F12A2312
:04258600AF5FF06FE4
:0425870002012A2300
:04258800AEDFF06F63
:04258900DEDC94E31D
:04258A00004DA783D6
:04258B000101270320
:04258C00001787931A
:04258D00DCE7DCE3C8
:04258E00024127835C
:04258F00001B8B930F
:0425900000100C1318
:042591000017879315
:0425920002F122230D
:04259300DC1FF06FEA
:04259400000124031B
:04259500004A258350
:0425960001E12A2312
:042597000004051324
:042598000061282393
:04259900541000EFEB
:04259A0000050A939B
:04259B00C0050E6306
:04259C00010A260307
:04259D0000CA0593D8
:04259E0000C505135C
:04259F0000260613F9
:0425A00000261613E8
:0425A100F9CF90EFEF
:0425A200000A859313
:0425A300001006130B
:0425A4000004051317
:0425A5006C8010EF47
:0425A6000101230309
:0425A70001412F03BC
:0425A80000050A938D
:0425A90000050463C2
:0425AA008C8FF06FB3
:0425AB00BDCFF06F41
:0425AC00000A069388
:0425AD00000406130D
:0425AE00000A059387
:0425AF00000405130C
:0425B00005E12023FE
:0425B1000D0050EFDA
:0425B2000000D697B8
:0425B3009206869373
:0425B4000006A60374
:0425B5000046A683B3
:0425B6000BC050EF17
:0425B70004012F03E9
:0425B800FCC0073725
:0425B90000050B13FB
:0425BA0000B70A3329
:0425BB000000D697AF
:0425BC00904686932C
:0425BD000006A6036B
:0425BE00028125036E
:0425BF000046A683A9
:0425C00003812583EB
:0425C10005E12023ED
:0425C200421060EF74
:0425C300000B0613F0
:0425C400000A069370
:0425C5000005049376
:0425C6000005841375
:0425C700274060EF5A
:0425C80004012F03D8
:0425C90044A04C637B
:0425CA00800008B7CE
:0425CB000148C8B348
:0425CC00000B0613E7
:0425CD00000485136E
:0425CE0000088693E8
:0425CF00000405936C
:0425D000350060EF83
:0425D10004012F03CF
:0425D200D80542E303
:0425D30002812783D7
:0425D4000000C31729
:0425D5003683031333
:0425D60004F12423C5
:0425D70003812783D2
:0425D80004F12023C7
:0425D9000201278351
:0425DA005207C06381
:0425DB000141278310
:0425DC0002012423B1
:0425DD0000032D03C7
:0425DE0000432D8306
:0425DF00FA07D263C2
:0425E00001C127838B
:0425E100F8079E63F6
:0425E200D09FF06F27
:0425E30000C125838B
:0425E40000012503CA
:0425E50000100613C9
:0425E60001E12A23C2
:0425E7000061282344
:0425E8005BC010EFD5
:0425E90000A1262304
:0425EA00AE050063D7
:0425EB0001012303C4
:0425EC000003059350
:0425ED00738010EFF8
:0425EE0001012303C1
:0425EF0001412F0374
:0425F000DEA040E346
:0425F1000005166368
:0425F200001CF7933F
:0425F300DC079AE384
:0425F40000C1278378
:0425F50001000C13C2
:0425F6000107A683B0
:0425F7000010079336
:0425F800B2D7CCE3A7
:0425F90000C1278373
:0425FA000147A7836B
:0425FB00B25FF06F6C
:0425FC00030127832D
:0425FD0002000C13B9
:0425FE0000178793A8
:0425FF0002F128239A
:042600000310079329
:0426010000FF0023B3
:04260200981FF06FBE
:0426030002812783A6
:0426040000912623F8
:0426050001012F039D
:042606000141290362
:04260700000C0313AD
:0426080002078263E0
:0426090000C1278362
:04260A000010069323
:04260B000107A6031A
:04260C0000C6D463CD
:04260D008C8FF06F4F
:04260E000147A68357
:04260F0000068463DA
:042610008BCFF06F0D
:0426110000C125835C
:04261200000125039B
:04261300001006139A
:0426140001E12A2393
:042615000061282315
:04261600504010EF31
:0426170000A12623D5
:04261800A2050463B0
:042619000101230395
:04261A000003059321
:04261B00680010EF54
:04261C000101230392
:04261D0001412F0345
:04261E004EA05C630B
:04261F00039006938B
:04262000D0DC82E3A5
:042621000200079319
:04262200031B8C9377
:0426230002F1242379
:042624008D1FF06FA7
:04262500000A86130E
:04262600000C06930B
:0426270001E12A2380
:042628006F5040EFC0
:04262900FFFB470369
:04262A00000D061386
:04262B00000D869385
:04262C0000E128237E
:04262D0000050A9307
:04262E0000058A1306
:04262F000D4060EF0B
:04263000010127037A
:0426310001412F0331
:04263200D8A0406389
:04263300000A851301
:04263400000A059300
:04263500000D06137B
:04263600000D86937A
:04263700028060EFCE
:0426380001412F032A
:042639002E051863EF
:04263A000019F993F7
:04263B002E0984637D
:04263C00010127036E
:04263D00D54FF06F16
:04263E0003100693EC
:04263F00001404136C
:04264000D6CFF06F92
:04264100000B051372
:04264200000A0593F2
:0426430006612623E3
:0426440007E1202367
:04264500284060EFDA
:0426460004812603E2
:0426470004012683E1
:0426480006012F0355
:0426490006C12303A0
:04264A0000060A93E9
:04264B0004B12E2385
:04264C0004C1202382
:04264D0000100593E1
:04264E00000006136F
:04264F00073122230A
:042650000721242317
:0426510004A12C2391
:042652000501290352
:0426530006B12E237B
:0426540004D1242366
:0426550000068A13DE
:04265600000F0B1353
:042657000000C49724
:0426580067C484933C
:042659000006041360
:04265A0004612823CC
:04265B00000A899355
:04265C000200006F09
:04265D000004A603CC
:04265E000044A6830B
:04265F0006612E23BF
:04266000001004134F
:04266100214060EFC5
:0426620000050993D3
:0426630000058A13D1
:0426640000098513D1
:04266500000A0593CF
:04266600298070EF68
:0426670000050A93CD
:042668000205046300
:04266900310070EFDD
:04266A00000506134E
:04266B00000586934D
:04266C0000098513C9
:04266D00000A0593C7
:04266E00171060EFF2
:04266F0000050993C6
:0426700000058A13C4
:04267100001004133E
:04267200030A87933D
:042673000FF7F71353
:0426740000EB002354
:0426750007C12783EF
:04267600001B0B1327
:0426770000098513BE
:04267800000A0593BC
:0426790000178313B0
:04267A00F92796E3C3
:04267B0006012F0322
:04267C0006812903A7
:04267D00050123032D
:04267E000641298365
:04267F0000040663EA
:0426800004A120236E
:0426810005412423C8
:042682000000CA1773
:042683005F0A0A13CD
:0426840005C12A83DF
:04268500000A26031E
:04268600004A26835D
:0426870005812503A1
:04268800000A85932C
:0426890007E1202322
:04268A0004E128231C
:04268B00066122239F
:04268C00565040EF75
:04268D00040124839D
:04268E00048124039C
:04268F0000048613AA
:0426900000040693A9
:0426910004C060EF32
:042692000501270314
:0426930006012F030A
:042694002205466372
:042695000581260392
:04269600000A25030E
:04269700004A25834D
:04269800000A86931B
:0426990005E128230C
:04269A000C1060EFD1
:04269B00000486139E
:04269C00000406939D
:04269D0071D050EFB9
:04269E0005012F0300
:04269F0006412303CA
:0426A0002AA04663C3
:0426A1000281278308
:0426A20004F12423F8
:0426A3000381278305
:0426A40004F12023FA
:0426A5000201278384
:0426A600CC07DAE3A0
:0426A70002C12483C5
:0426A80002412A833E
:0426A90002012423E3
:0426AA0000000A130F
:0426AB00BDDFE06F40
:0426AC00000A041309
:0426AD0001012F03F5
:0426AE0001412903BA
:0426AF00009126234D
:0426B000000C031304
:0426B100000A8A137E
:0426B200821FF06F24
:0426B300FFFB4703DF
:0426B400B78FF06F7D
:0426B500BC048EE3F0
:0426B60004C12483B4
:0426B700C69058E38E
:0426B8000000C697C1
:0426B9004F8686932F
:0426BA000006A6036D
:0426BB000046A683AC
:0426BC00000A059378
:0426BD0000040513FD
:0426BE0007E12023ED
:0426BF0009C060EFFF
:0426C0000000C697B9
:0426C1004E068693A8
:0426C2000006A60365
:0426C3000046A683A4
:0426C40004A1242326
:0426C50004A12E231B
:0426C60004B1202318
:0426C70004B12C230B
:0426C800078060EF38
:0426C9000000C697B0
:0426CA004C46869361
:0426CB000006A6035C
:0426CC000046A6839B
:0426CD00461040EF84
:0426CE00FCC007370E
:0426CF00FFF007937E
:0426D0000581280355
:0426D10005C12E838E
:0426D20006012F03CB
:0426D30000050B13E0
:0426D40000B70A330E
:0426D5000491282321
:0426D60004F12A23BE
:0426D7008F0FF06F02
:0426D8000241270391
:0426D90006F12E23B5
:0426DA0000FB8BB3C3
:0426DB0000F707B34A
:0426DC0000070A9356
:0426DD0002F12223C1
:0426DE00AF5FE06F9B
:0426DF000020049340
:0426E000000005935E
:0426E10000000A13D8
:0426E20082DFF06F34
:0426E3000091262319
:0426E40003900693C6
:0426E50001012F03BD
:0426E6000141290382
:0426E700000C0313CD
:0426E8009EDC82E30F
:0426E900001C8793B7
:0426EA00000A0413CB
:0426EB00001D8B1330
:0426EC0000FD80234A
:0426ED00000A8A1342
:0426EE0002000C13C7
:0426EF00DCCFF06FDD
:0426F0000301278338
:0426F100000005934D
:0426F20000000A13C7
:0426F30000278493A5
:0426F400FE4FF06F36
:0426F500000B07933C
:0426F60001000C13C0
:0426F70003000613C3
:0426F800FFF7C7031E
:0426F90000078B1338
:0426FA00FFF78793CC
:0426FB00FEC70AE329
:0426FC00000404933F
:0426FD00C7CFF06FE4
:0426FE0000012503AF
:0426FF00000A059335
:04270000000006933C
:0427010000A006131B
:04270200075000EF8D
:0427030000050A13B0
:042704000005146355
:04270500E75FE06F3B
:0427060004C1278360
:0427070001012303A6
:0427080001C12F03D9
:0427090000F0566323
:04270A0000F12E2389
:04270B00B2DFE06FEA
:04270C00002007930F
:04270D0015A7CA63DF
:04270E0004C1278358
:04270F0000F12E2384
:04271000B19FE06F26
:0427110004812F030D
:042712000501290391
:042713000004851326
:04271400000A05931F
:0427150000000613A7
:042716000000069326
:0427170001E1282391
:042718004A5050EFE4
:0427190000A037B332
:04271A0000479C13C5
:04271B0005412783CA
:04271C0001012F0385
:04271D00001784938A
:04271E00BF8FF06F0A
:04271F0005412783C6
:042720000017841307
:042721009C4FF06F6A
:042722000201242369
:04272300971FE06FAD
:0427240001C1278345
:0427250002C12703C3
:04272600FFF78693A0
:0427270084D746E32A
:042728000241260341
:0427290000FB8BB373
:04272A0006F12E2363
:04272B0000F607B3FA
:04272C0000060A9306
:04272D0040D704B3DA
:04272E0002F122236F
:04272F009B1FE06F9D
:042730000281278378
:0427310004812F03ED
:0427320006012B83EE
:0427330004F1242366
:042734000381278373
:0427350006412A83AC
:04273600050129036D
:0427370004F1202366
:0427380002012783F0
:0427390006812303EF
:04273A00A807D2E337
:04273B000201242350
:04273C00915FE06F5A
:04273D0000912623BE
:04273E00039006936B
:04273F0001012F0362
:042740000141290327
:04274100000C031372
:0427420086DC8EE3C0
:042743000F6056636A
:04274400031B8C9354
:0427450002000C136F
:04274600000A04136E
:04274700001D8B13D3
:04274800019D80234C
:04274900000A8A13E5
:04274A00C60FF06F57
:04274B0000040593EE
:04274C0000048513ED
:04274D00000006136F
:04274E0000000693EE
:04274F0001E1282359
:042750003C5050EFBA
:042751000541270314
:0427520000A037B3F9
:0427530000479C138C
:0427540001012F034D
:04275500000B0793DB
:042756000017041351
:04275700E81FF06F18
:042758000147A6830C
:04275900C0069A63B9
:04275A0002812C03C9
:04275B00C0CFF06F8C
:04275C0000051663FB
:04275D00001CF693D3
:04275E00B00692E34C
:04275F0002000793DA
:0427600002F124233B
:04276100BDCFF06F89
:0427620004C1278304
:0427630000F12E2330
:04276400DD4FF06FE6
:042765000091262396
:042766000390069343
:04276700000B03134D
:04276800000C0F133F
:0427690000DC8E639F
:04276A00001C8C9330
:04276B0002000C1349
:04276C00BC8FF06FBF
:04276D0001000C1348
:04276E00001D89932E
:04276F00BBCFF06F7D
:04277000000A041344
:04277100000D87933D
:04277200000A8A13BC
:04277300FC8FF06F78
:042774000104A603B3
:0427750000100693B7
:042776000004879341
:0427770000C6D46361
:04277800B1DFE06F7E
:042779000147A683EB
:04277A00000684636E
:04277B00B11FE06F3B
:04277C00001D899320
:04277D00B84FF06FF2
:04277E0000C12783EC
:04277F0000100693AD
:0427800001000C1335
:042781000107A603A3
:04278200F0C6C8E3F2
:042783000147A683E1
:0427840000D036B398
:0427850000469C135B
:04278600F01FF06FE1
:04278700020B42639C
:04278800016D6B3341
:04278900000B1863C6
:04278A000009A78318
:04278B000017F793A9
:04278C000007886357
:04278D0000D04463D1
:04278E00991FE06F40
:04278F00981FE06F40
:042790000281270398
:04279100009126236A
:0427920001012F030F
:0427930001412903D4
:04279400000C03131F
:0427950002070863CC
:042796000104A58312
:042797000010061315
:0427980000B65463D0
:04279900A99FE06FA5
:04279A000144A6034D
:04279B0000060463CD
:04279C00A8DFE06F63
:04279D009CD048E3A1
:04279E0000000C1318
:04279F00001D8993FD
:0427A000AF8FF06F98
:0427A100ACD05E63F7
:0427A2009BDFF06F5A
:0427A300FF0101131E
:0427A4000000C697D4
:0427A500878686930A
:0427A6000000061316
:0427A7000390059303
:0427A8000000C51751
:0427A90087C50513C8
:0427AA0000112623D1
:0427AB007DD010EFDE
:0427AC00FF01011315
:0427AD000081242360
:0427AE0000112623CD
:0427AF00017006931C
:0427B0000005041309
:0427B10000100713FA
:0427B2000040079349
:0427B30004B6F06315
:0427B40000179793E0
:0427B50001478693BF
:0427B60000070613FF
:0427B70000170713ED
:0427B800FED5F8E36F
:0427B900000605937E
:0427BA0002C42E2304
:0427BB0000040513FE
:0427BC004B4000EF9F
:0427BD0002050263AC
:0427BE0000C12083B3
:0427BF0002A42C2321
:0427C000008124036D
:0427C10001010113FE
:0427C200000080672C
:0427C30002052E23BA
:0427C4000000059379
:0427C500FD9FF06F15
:0427C600F75FF0EFDA
:0427C700FF010113FA
:0427C8000081242345
:0427C9000091222336
:0427CA0001212023A6
:0427CB0000112623B0
:0427CC00017008137D
:0427CD00000504936C
:0427CE00000584136B
:0427CF0000060913E4
:0427D00000100713DB
:0427D100004007932A
:0427D20006D87A6348
:0427D30000179793C1
:0427D400014788131E
:0427D5000007059361
:0427D60000170713CE
:0427D700FF06F8E31E
:0427D80002B4AE2376
:0427D9000004851360
:0427DA0043C000EF09
:0427DB00060502638A
:0427DC0002A4AC2384
:0427DD00000447832A
:0427DE00001405934B
:0427DF0000F50023DE
:0427E0000407846303
:0427E1000005079355
:0427E2000005C70324
:0427E30000178793C1
:0427E40000158593C4
:0427E50000E7802366
:0427E600FE0718E3EF
:0427E700000904637E
:0427E80000F92023B1
:0427E90000C1208388
:0427EA000081240343
:0427EB000041248302
:0427EC0000012903BC
:0427ED0001010113D2
:0427EE000000806700
:0427EF0002052E238E
:0427F000000005934D
:0427F100FA1FF06F6C
:0427F2000005079344
:0427F300FD1FF06F67
:0427F400EBDFF0EF38
:0427F50003C526836F
:0427F60000100713B5
:0427F70000D71733BD
:0427F80000D5A22343
:0427F90000E5A42330
:0427FA004700006F25
:0427FB00FB010113CA
:0427FC0004912223FF
:0427FD000105278328
:0427FE000105A483AA
:0427FF000411262378
:0428000000B12423DC
:042801002297C263F5
:04280200FFF48493C8
:0428030003512A2330
:042804000371262313
:0428050000249A937E
:0428060001458B936A
:042807000521202364
:0428080003312E2347
:04280900015B8933B3
:04280A0001450993E8
:04280B00015987B335
:04280C0003812423FD
:04280D0000092C038F
:04280E0003912223ED
:04280F000007AC838F
:04281000001C0C1389
:0428110003412C2330
:04281200000C05931E
:0428130000050A139F
:04281400000C85131C
:0428150004812423F3
:0428160000F1262384
:042817003000A0EFFE
:0428180000050413A0
:042819000F8CE263DB
:04281A0000010CB7F6
:04281B0003A12023D2
:04281C0001B12E23B5
:04281D000361282308
:04281E00000B8D938B
:04281F0000098D130C
:0428200000000C1395
:0428210000000A9316
:04282200FFFC8C9398
:04282300000DAB03F6
:042824000004059314
:04282500004D0D1342
:04282600019B75336A
:042827002940A0EFB5
:04282800000507930D
:04282900000405930F
:04282A00010B551336
:04282B0001878C3362
:04282C002800A0EFF1
:04282D00FFCD278331
:04282E00019C763360
:04282F00010C5C1329
:042830000197F733E2
:0428310040C7073362
:0428320041570733D0
:0428330001850533E3
:0428340001075693AF
:042835000016F69300
:04283600019576335F
:0428370000C686B39E
:042838000107D7932A
:0428390040D787B34A
:04283A000107969369
:04283B000197773357
:04283C0000E6E73398
:04283D000107D79325
:04283E00004D8D9329
:04283F00FEED2E2359
:0428400001055C131F
:042841000017FA93EF
:04284200F9B972E38B
:0428430000C12703A6
:0428440000072783DF
:04284500120794637F
:04284600FFC70A932B
:042847000159E863E8
:042848000180006F9C
:04284900FFF4849381
:04284A000159F863D5
:04284B00000AA78355
:04284C00FFCA8A93A2
:04284D00FE0788E317
:04284E0003012B0354
:04284F0002012D0352
:0428500001C12D8312
:04285100009A28239E
:042852000081258359
:04285300000A05135F
:0428540059D000EF68
:042855000A054063CD
:042856000001053741
:04285700000985935C
:0428580000000693E3
:04285900FFF505136F
:04285A000005A7834B
:04285B00000BA603C5
:04285C00004585931B
:04285D0000A7F733A6
:04285E0000A6783325
:04285F0041070733F3
:0428600040D7073323
:042861000107569382
:042862000016F693D3
:042863000106561301
:0428640000C686B371
:042865000107D793FD
:0428660040D787B31D
:04286700010796933C
:0428680000A777331B
:0428690000E6E7336B
:04286A000107D793F8
:04286B00004B8B9300
:04286C00FEE5AE23B4
:04286D000017F693C7
:04286E00FB7978E397
:04286F000024979317
:0428700000F987B331
:042871000007A703B2
:0428720002071463E2
:04287300FFC7879381
:0428740000F9E8631C
:042875000180006F6F
:04287600FFF4849354
:0428770000F9F86309
:042878000007A703AB
:04287900FFC787937B
:04287A00FE0708E36A
:04287B00009A282374
:04287C00001404132D
:04287D0004C12083EF
:04287E00000405133A
:04287F0004812403A9
:042880000401290323
:0428810003C12983E3
:0428820003812A03A1
:0428830003412A8360
:0428840002C12B83DF
:0428850002812C039D
:0428860002412C835C
:042887000441248361
:042888000501011332
:042889000000806764
:04288A0004C12083E2
:04288B00044124835D
:04288C000000051330
:04288D00050101132D
:04288E00000080675F
:04288F00008125831C
:04289000000A051322
:0428910003012B0311
:0428920002012D030F
:0428930001C12D83CF
:0428940049D000EF38
:04289500F00552E315
:04289600F9DFF06F07
:04289700010528030C
:042898004055DE13B6
:04289900010E486381
:04289A0000052823EA
:04289B0000052A23E7
:04289C000000806751
:04289D0001450313DB
:04289E0000281613E5
:04289F00002E17935D
:0428A00001F5F593B6
:0428A10000C3063337
:0428A20000F307B385
:0428A3000605826341
:0428A4000007A68300
:0428A50002000E938C
:0428A60000478793CD
:0428A70040BE8EB3EE
:0428A80000B6D6B3ED
:0428A90008C7F46305
:0428AA00000308938C
:0428AB000007A70378
:0428AC0000488893C5
:0428AD0000478793C6
:0428AE0001D7173304
:0428AF0000D76733B4
:0428B000FEE8AE236D
:0428B100FFC7A68334
:0428B20000B6D6B3E3
:0428B300FEC7E0E399
:0428B40041C80833DC
:0428B50000281813CC
:0428B600FFC808133C
:0428B70001030833DE
:0428B80000D8202301
:0428B90002068A6326
:0428BA0000480813B7
:0428BB0002C0006FE8
:0428BC0000030713FB
:0428BD00F6C7FAE37D
:0428BE000007A683E6
:0428BF0000478793B4
:0428C00000470713B3
:0428C100FED72E23ED
:0428C200FEC7E8E382
:0428C30041C80833CD
:0428C40000281813BD
:0428C50001030833D0
:0428C600406807B3AC
:0428C7004027D7933C
:0428C80000F52823CC
:0428C900F46804E3C8
:0428CA000000806723
:0428CB0000D52A23E7
:0428CC00F2068CE3A1
:0428CD0000030813E9
:0428CE0000480813A3
:0428CF00FDDFF06FCA
:0428D00001052703D4
:0428D100FE010113F0
:0428D20001450513A4
:0428D30000271713B0
:0428D40000812C2330
:0428D50000112E239D
:0428D60000E50733DF
:0428D70000000413E6
:0428D80000E56A634A
:0428D90002C0006FCA
:0428DA00004505139D
:0428DB0002040413DC
:0428DC0002E570633E
:0428DD000005278348
:0428DE00FE0788E386
:0428DF0000E57A6333
:0428E00000C105131B
:0428E10000F12623B9
:0428E20042C000EF01
:0428E30000A4043316
:0428E40001C120838B
:0428E50000040513D3
:0428E6000181240345
:0428E70002010113D6
:0428E8000000806705
:0428E90004452783F8
:0428EA00FF010113D6
:0428EB000081242321
:0428EC000091222312
:0428ED00001126238D
:0428EE0000050413CA
:0428EF0000058493C9
:0428F00002078C63EC
:0428F1000024971315
:0428F20000E787B3C1
:0428F3000007A50332
:0428F4000405046370
:0428F50000052703B0
:0428F60000E7A02334
:0428F700000528238D
:0428F800000526238E
:0428F90000C1208377
:0428FA000081240332
:0428FB0000412483F1
:0428FC0001010113C2
:0428FD0000008067F0
:0428FE0002100613AB
:0428FF0000400593FD
:042900002F1010EF95
:0429010004A42223E5
:042902000005079332
:04290300FA051CE3D2
:0429040000000513B7
:04290500FD1FF06F53
:042906000121202368
:0429070000100913A0
:0429080000991933E6
:042909000059061358
:04290A00002616137A
:04290B000010059320
:04290C0000040513AB
:04290D002BD010EFCC
:04290E0000050A6353
:04290F000125242357
:0429100000952223E9
:042911000001290395
:04291200F95FF06F0A
:042913000001290393
:0429140000000513A7
:04291500F91FF06F47
:0429160002058063D3
:042917000045A703CD
:0429180004452783C8
:042919000027171369
:04291A0000E787B398
:04291B000007A70307
:04291C0000E5A0230F
:04291D0000B7A0233C
:04291E0000008067CE
:04291F00FD010113A2
:0429200001412C2322
:042921000105AA03FF
:0429220001912223DA
:0429230000010CB7EC
:0429240002912223D7
:042925000321202347
:0429260001312E232A
:0429270001512A230D
:0429280001612823FE
:0429290001712623EF
:04292A00021126234D
:04292B0002812423DE
:04292C0001812423DE
:04292D0000058A9384
:04292E0000050B1382
:04292F000006099302
:042930000006849386
:0429310001458913C0
:0429320000000B9303
:04293300FFFC8C9386
:0429340000092C0367
:04293500000985937D
:042936000049091338
:04293700019C753357
:04293800651090EFA7
:04293900000504137E
:04293A000009859378
:04293B00010C551323
:04293C0000940433CC
:04293D0063D090EFE4
:04293E0001045793A6
:04293F0000F5053367
:0429400001051793E3
:042941000194743356
:04294200008787B3D0
:04294300FEF92E2348
:04294400001B8B9356
:0429450001055493A1
:04294600FB4BCCE398
:0429470002048263A1
:04294800008AA783D7
:0429490004FA5A63CF
:04294A00004A0793A5
:04294B000027979337
:04294C0000FA87B353
:04294D000097A2232A
:04294E00001A0A134E
:04294F00014AA8236E
:0429500002C120831D
:0429510002812403D8
:042952000241248397
:042953000201290351
:0429540001C1298311
:0429550001812A03CF
:0429560001012B034D
:0429570000C12B830D
:0429580000812C03CB
:0429590000412C838A
:04295A00000A8513D7
:04295B0001412A8389
:04295C00030101135F
:04295D00000080678F
:04295E00004AA58303
:04295F00000B051351
:042960000015859346
:04296100E21FF0EF92
:042962000005041355
:0429630004050C63F8
:04296400010AA603BB
:0429650000CA85938C
:0429660000C5051390
:04296700002606132D
:04296800002616131C
:0429690087DF80EF95
:04296A00004AA70375
:04296B00044B27836F
:04296C000027171316
:04296D0000E787B345
:04296E000007A703B4
:04296F0000EAA023B7
:042970000157A02348
:04297100004A07937E
:0429720000040A93C0
:04297300002797930F
:0429740000FA87B32B
:042975000097A22302
:04297600001A0A1326
:04297700014AA82346
:04297800F61FF06FE7
:042979000000B6970D
:04297A0012468693E8
:04297B00000006133F
:04297C000BA0059314
:04297D000000B5178A
:04297E0015C5051363
:04297F0008D010EF7D
:04298000FE01011340
:0429810000812C2382
:0429820001212823E4
:0429830000058413B4
:04298400000509132E
:042985000090059326
:04298600008685132F
:0429870000912A236E
:0429880001312623D0
:0429890001412423C1
:04298A0000112E23E7
:04298B00000684932B
:04298C0000060993A5
:04298D0000070A1322
:04298E0051D090EFA5
:04298F00009007931A
:042990000C97DA6363
:042991000010079398
:0429920000000593A9
:0429930000179793FF
:042994000015859312
:04299500FEA7CCE3EA
:04299600000905131C
:04299700D49FF0EFEA
:04299800000505939E
:042999000A050C63BC
:04299A00001007938F
:04299B0000F52823F8
:04299C0001452A23A4
:04299D00009007930C
:04299E000937D863BA
:04299F00015122239D
:0429A00000940A9302
:0429A10001340A33C0
:0429A200000A841390
:0429A3000004468363
:0429A40000A0061376
:0429A500000905130D
:0429A600FD06869311
:0429A700DE1FF0EF50
:0429A8000014041300
:0429A900000505938D
:0429AA00FF4412E3F1
:0429AB00FF89841309
:0429AC00008A8433E6
:0429AD0000412A8338
:0429AE000299D66351
:0429AF00413484B378
:0429B000009404B3D8
:0429B1000004468355
:0429B20000A0061368
:0429B30000090513FF
:0429B400FD06869303
:0429B500DA9FF0EFC6
:0429B60000140413F2
:0429B700000505937F
:0429B800FE9412E394
:0429B90001C12083B5
:0429BA000181240370
:0429BB00014124832F
:0429BC0001012903E9
:0429BD0000C12983A9
:0429BE0000812A0367
:0429BF000005851377
:0429C00002010113FC
:0429C100000080672B
:0429C20000A4041356
:0429C30000900993E4
:0429C400FA9FF06F17
:0429C5000000059376
:0429C600F41FF06F9B
:0429C7000000B697BF
:0429C800FEC686932E
:0429C90000000613F1
:0429CA000D30059334
:0429CB000000B5173C
:0429CC0002450513A8
:0429CD00015122236F
:0429CE00750010EF91
:0429CF000005079365
:0429D00000010737C4
:0429D10000000513EA
:0429D20000E7F663C1
:0429D30001079793CE
:0429D40001000513E6
:0429D50001000737BF
:0429D60000E7F663BD
:0429D700008505135F
:0429D800008797934A
:0429D90010000737AC
:0429DA0000E7F663B9
:0429DB00004505139B
:0429DC000047979386
:0429DD004000073778
:0429DE0000E7EA63C1
:0429DF00FFF7C793A4
:0429E00001F7D79391
:0429E10000F50533C5
:0429E200000080670A
:0429E300002797939F
:0429E4000007CA63BB
:0429E500001797132D
:0429E60000074A6339
:0429E70002000513D2
:0429E8000000806704
:0429E90000250513AD
:0429EA000000806702
:0429EB00003505139B
:0429EC000000806700
:0429ED000005278337
:0429EE0000050713C6
:0429EF000077F693E4
:0429F00002068463F4
:0429F1000017F69342
:0429F20000000513C9
:0429F30004069E63D5
:0429F4000027F6932F
:0429F5000A068863E3
:0429F6000017D7935C
:0429F70000F72023A2
:0429F80000100513B3
:0429F90000008067F3
:0429FA0001079693A8
:0429FB000106D69368
:0429FC0000000513BF
:0429FD0006068E63D9
:0429FE000FF7F69346
:0429FF0006068063E5
:042A000000F7F69352
:042A010004068263E2
:042A02000037F69310
:042A030002068463E0
:042A04000017F6932E
:042A050000069C63C8
:042A06000017D7934B
:042A0700001505139E
:042A080000079663CA
:042A090002000513AF
:042A0A0000008067E1
:042A0B0000F720238D
:042A0C0000008067DF
:042A0D000027D79334
:042A0E000017F69324
:042A0F000025051386
:042A1000FE0696E345
:042A1100FD5FF06F06
:042A12000047D7930F
:042A13000037F693FF
:042A14000045051361
:042A1500FA069EE33C
:042A1600FDDFF06F81
:042A17000087D793CA
:042A180000F7F6933A
:042A1900008505131C
:042A1A00FA0690E345
:042A1B00FDDFF06F7C
:042A1C000107D79344
:042A1D000FF7F69326
:042A1E00010005139B
:042A1F00F80692E340
:042A2000FDDFF06F77
:042A21000027D79320
:042A220000F7202376
:042A23000020051377
:042A240000008067C7
:042A250004452783BA
:042A2600FF01011398
:042A270000812423E3
:042A280000912223D4
:042A2900001126234F
:042A2A00000504138C
:042A2B00000584938B
:042A2C0002078C63AE
:042A2D000047A503B6
:042A2E000605026334
:042A2F000005270374
:042A300000E7A223F6
:042A310000C120833D
:042A320000812403F8
:042A330000100793F5
:042A340000952A23BC
:042A3500000526234F
:042A360000F528235C
:042A370000412483B3
:042A38000101011384
:042A390000008067B2
:042A3A00021006136D
:042A3B0000400593BF
:042A3C00600010EF37
:042A3D0004A42223A8
:042A3E0000050793F5
:042A3F00FA051CE395
:042A40000000B69745
:042A4100E086869312
:042A42000000061377
:042A43001450059393
:042A44000000B517C2
:042A4500E40505138C
:042A4600570010EF36
:042A470001C00613B1
:042A480000100593E2
:042A4900000405136D
:042A4A005C8010EFAD
:042A4B00FC050AE399
:042A4C0000100793DC
:042A4D0000F522234B
:042A4E0000200793CA
:042A4F0000F5242347
:042A5000F85FF06FCC
:042A5100FB01011371
:042A520003312E23FB
:042A530003812423B4
:042A540001062983CB
:042A55000105AC03C8
:042A560004812423B0
:042A570003412C23E8
:042A5800041126231C
:042A590003712623BC
:042A5A0000058A13D6
:042A5B00000604135A
:042A5C00013C4C638A
:042A5D0000098713D2
:042A5E0000058413D8
:042A5F00000C0993CB
:042A600000060A134F
:042A610000070C134B
:042A62000084278342
:042A63000044258383
:042A640001898BB3A6
:042A65000177A7B39B
:042A660000F585B33F
:042A6700A09FF0EF4D
:042A680000A1262380
:042A690022050863D7
:042A6A0000C12783FD
:042A6B0003512A23C6
:042A6C0003612823B7
:042A6D00002B9A930D
:042A6E0001478B137E
:042A6F00015B0AB34A
:042A7000000B0793BD
:042A7100015B78632A
:042A72000007A02396
:042A730000478793FE
:042A7400FF57ECE339
:042A7500014A0A13F5
:042A7600002C1C1301
:042A7700014407937C
:042A7800018A073395
:042A79000029999304
:042A7A0000F1242320
:042A7B0000E1202333
:042A7C00013789B3E2
:042A7D0016EA7C6376
:042A7E0000400713FA
:042A7F000491222379
:042A800005212023E9
:042A81000391222378
:042A820003A1202369
:042A830001B12E234C
:042A8400015407935F
:042A850000E1222327
:042A86001AF9F263E4
:042A8700000104370F
:042A8800FFF4041340
:042A890001C0006F19
:042A8A0001095913D2
:042A8B000A091063C1
:042A8C00000127839B
:042A8D00004A0A13DE
:042A8E00004B0B13DB
:042A8F0010FA7E6358
:042A9000000A29030C
:042A9100008974B391
:042A9200FE0480E3DB
:042A930000812C830F
:042A9400000B0D1313
:042A950000000C131E
:042A9600000CAD8300
:042A9700000D290302
:042A9800000485931E
:042A9900008DF53384
:042A9A000C9090EF1D
:042A9B000089773304
:042A9C0000E5073317
:042A9D000004859319
:042A9E00010DD5133E
:042A9F0001870C336C
:042AA00001095913BC
:042AA1000AD090EFD8
:042AA200010C5713B9
:042AA30001250533D1
:042AA40000E5053311
:042AA500008C77B377
:042AA60001051713FC
:042AA700004D0D13BE
:042AA80000F767B319
:042AA900004C8C93BE
:042AAA00FEFD2E23DC
:042AAB0001055C13B2
:042AAC00FB3CE4E328
:042AAD00004127833A
:042AAE0000FB0733EF
:042AAF000187202358
:042AB000000A2903EC
:042AB10001095913AB
:042AB200F60904E33A
:042AB300000B2C8365
:042AB40000812D036D
:042AB500000B0C13F3
:042AB600000C8493F9
:042AB70000000D937B
:042AB800000D2503E5
:042AB9000009059378
:042ABA000104D493AC
:042ABB0000857533EA
:042ABC00041090EF83
:042ABD0001B5073325
:042ABE0000970DB3BD
:042ABF00010D9593DD
:042AC000008CF7B3DC
:042AC10000F5E7B382
:042AC20000FC2023D1
:042AC300002D55038A
:042AC400004C24831B
:042AC500000905936C
:042AC600019090EFFC
:042AC7000084F7B3DD
:042AC800010DD71312
:042AC90000F507B35A
:042ACA00004D0D139B
:042ACB0000E78CB3E1
:042ACC00004C0C139B
:042ACD00010CDD9388
:042ACE00FB3D64E385
:042ACF000041278318
:042AD000004A0A139B
:042AD10000FB0733CC
:042AD2000001278355
:042AD3000197202324
:042AD400004B0B1395
:042AD500EEFA66E3CC
:042AD6000441248310
:042AD70004012903CA
:042AD80002412C8308
:042AD90002012D03C6
:042ADA0001C12D8386
:042ADB0001704863DB
:042ADC000180006F06
:042ADD00FFFB8B93DD
:042ADE00000B8863FE
:042ADF00FFCAA78300
:042AE000FFCA8A930C
:042AE100FE0788E381
:042AE20000C1278385
:042AE30004C1208387
:042AE4000481240342
:042AE5000177A823AA
:042AE60003412A83FB
:042AE70003012B03B9
:042AE80003C129837A
:042AE90003812A0338
:042AEA0002C12B8377
:042AEB0002812C0335
:042AEC000007851347
:042AED0005010113CB
:042AEE0000008067FD
:042AEF00408987B3E0
:042AF000FEB7879313
:042AF100FFC7F79391
:042AF200004787937F
:042AF30000F12223A9
:042AF400E4DFF06FBC
:042AF5000000B69790
:042AF600B3468693CA
:042AF70000000613C2
:042AF800162005930C
:042AF9000000B5170D
:042AFA00B6C5051345
:042AFB0004912223FD
:042AFC00052120236D
:042AFD0003512A2334
:042AFE000361282325
:042AFF0003912223FA
:042B000003A12023EA
:042B010001B12E23CD
:042B0200280010EFA8
:042B0300FE010113BB
:042B040000812C23FD
:042B0500012128235F
:042B06000131262350
:042B070000112E2368
:042B08000036779389
:042B090000060413AB
:042B0A000005099326
:042B0B000005891325
:042B0C000A079C63B5
:042B0D0040245413F9
:042B0E0006040A634C
:042B0F0000912A23E4
:042B10000409A4838D
:042B11000C048663C7
:042B120000147793A1
:042B130002079063C2
:042B14004014541302
:042B150004040A6347
:042B16000004A5030F
:042B17000605066346
:042B1800000504931D
:042B1900001477939A
:042B1A00FE0784E34B
:042B1B000004861319
:042B1C000009059314
:042B1D000009851313
:042B1E00CCDFF0EF29
:042B1F000209006344
:042B2000004927033E
:042B21000449A78339
:042B2200002717135E
:042B230000E787B38D
:042B24000007A703FC
:042B250000E9202380
:042B26000127A023C0
:042B270040145413EF
:042B28000005091388
:042B2900FA041AE3AD
:042B2A0001412483BE
:042B2B0001C1208341
:042B2C0001812403FC
:042B2D0000C1298337
:042B2E000009051382
:042B2F000101290374
:042B3000020101138A
:042B310000008067B9
:042B32000004861302
:042B33000004859382
:042B340000098513FC
:042B3500C71FF0EFD7
:042B360000A4A02334
:042B37000005202352
:042B380000050493FD
:042B3900F81FF06F22
:042B3A00FFF7879387
:042B3B000000B717C8
:042B3C00DBC70713D9
:042B3D000027979343
:042B3E0000F707B3E2
:042B3F000007A603E2
:042B400000000693F8
:042B4100F78FF0EF2B
:042B4200000509136E
:042B4300F29FF06F9E
:042B440000100593E5
:042B450000098513EB
:042B4600E8CFF0EFF5
:042B470000050493EE
:042B4800020500631F
:042B490027100793B7
:042B4A0000F52A2345
:042B4B0000100793DC
:042B4C0000F5282345
:042B4D0004A9A02314
:042B4E00000520233B
:042B4F00F0DFF06F54
:042B50000000B69734
:042B51009C86869345
:042B52000000061366
:042B53001450059382
:042B54000000B517B1
:042B5500A0050513BF
:042B5600130010EF69
:042B5700FE01011367
:042B580001512223E2
:042B59000105AA8345
:042B5A000085A783C8
:042B5B0001312623FB
:042B5C0040565993F3
:042B5D0001598AB3DD
:042B5E0000812C23A3
:042B5F0000912A2394
:042B60000121282304
:042B610001412423E7
:042B620000112E230D
:042B6300001A8913B8
:042B64000005849351
:042B6500000604134F
:042B66000045A583FE
:042B670000050A1348
:042B68000127D86306
:042B69000017979327
:042B6A00001585933A
:042B6B00FF27CCE391
:042B6C00000A051343
:042B6D00DF0FF0EF97
:042B6E0010050C63DF
:042B6F000145081301
:042B70000330546377
:042B710000598993EB
:042B7200002999930A
:042B730001350733EE
:042B740000080793BB
:042B750000478793FB
:042B7600FE07AE2385
:042B7700FEE79CE3F6
:042B7800FEC9899376
:042B790001380833E4
:042B7A000104A88327
:042B7B0001448793F7
:042B7C0001F47613D7
:042B7D000028989301
:042B7E00011788B300
:042B7F000A060463DB
:042B800002000593B7
:042B810040C585B313
:042B82000008031331
:042B830000000693B5
:042B84000007A7039C
:042B850000430313F3
:042B860000478793EA
:042B870000C7173339
:042B880000D76733D8
:042B8900FEE32E2316
:042B8A00FFC7A68358
:042B8B0000B6D6B307
:042B8C00FF17E0E36C
:042B8D0001548793D5
:042B8E0000400713E9
:042B8F0000F8EA63FD
:042B9000409887B32F
:042B9100FEB7879371
:042B9200FFC7F793EF
:042B9300004787135D
:042B940000E808331A
:042B950000D8202321
:042B9600000694633E
:042B9700000A891394
:042B98000044A7034B
:042B9900044A278340
:042B9A0001C12083D2
:042B9B0000271713E5
:042B9C0000E787B314
:042B9D000007A70383
:042B9E0001252823C2
:042B9F000181240389
:042BA00000E4A0238A
:042BA1000097A023D6
:042BA2000101290301
:042BA3000141248345
:042BA40000C12983C0
:042BA50000812A037E
:042BA60000412A833D
:042BA7000201011313
:042BA8000000806742
:042BA9000007A70377
:042BAA0000478793C6
:042BAB0000480813C3
:042BAC00FEE82E23EE
:042BAD00FB17F4E33B
:042BAE000007A70372
:042BAF0000478793C1
:042BB00000480813BE
:042BB100FEE82E23E9
:042BB200FD17EEE33A
:042BB300F91FF06FA7
:042BB4000000B697D0
:042BB50083868693FA
:042BB6000000061302
:042BB7001DE0059385
:042BB8000000B5174D
:042BB9008705051374
:042BBA007A1000EF9E
:042BBB0001052703E6
:042BBC000105A783E5
:042BBD0000050813F4
:042BBE0040F70533A4
:042BBF0004F71263A2
:042BC00000279793C0
:042BC10001480813AC
:042BC20001458593B1
:042BC30000F80733DC
:042BC40000F587B3DE
:042BC5000080006F1D
:042BC60002E874634A
:042BC700FFC726031B
:042BC800FFC7A6831A
:042BC900FFC7071328
:042BCA00FFC7879327
:042BCB00FED606E349
:042BCC0000100513DD
:042BCD0000D6766355
:042BCE00FFF00513FC
:042BCF00000080671B
:042BD000000080671A
:042BD1000105A70350
:042BD200010627834E
:042BD300FF010113EA
:042BD4000081242335
:042BD5000091222326
:042BD60000112623A1
:042BD7000121202395
:042BD800000584135D
:042BD900000604935B
:042BDA0040F706B307
:042BDB0018F71E6366
:042BDC0000279693A5
:042BDD000145861315
:042BDE000144871314
:042BDF0000D607B362
:042BE00000D70733E0
:042BE1000080006F01
:042BE20018F67C6302
:042BE300FFC7A58300
:042BE400FFC726837E
:042BE500FFC787930C
:042BE600FFC707130B
:042BE700FED586E3AE
:042BE80000100913BD
:042BE90000D5EA63C6
:042BEA0000048793C9
:042BEB0000000913CA
:042BEC00000404934A
:042BED000007841346
:042BEE000044A58377
:042BEF00BE8FF0EFB6
:042BF0001A05066359
:042BF1000104A883B0
:042BF2000104228335
:042BF30001448F9377
:042BF400002893130F
:042BF500014408137C
:042BF6000022929394
:042BF70001450593FC
:042BF80000010E3793
:042BF9000125262369
:042BFA00006F8333B2
:042BFB00005802B3C9
:042BFC0000058F132E
:042BFD00000F8E93A4
:042BFE00000006933A
:042BFF00FFFE0E13B4
:042C0000000EA70318
:042C0100000826039E
:042C0200004F0F135D
:042C030001C777B3DB
:042C040001C673B3DF
:042C0500407787B3DA
:042C060000D787B3B9
:042C07000107571357
:042C08000106561358
:042C09004107D69316
:042C0A0040C7073385
:042C0B0000D70733B4
:042C0C000107169313
:042C0D0001C7F7B351
:042C0E0000D7E7B351
:042C0F00004808135E
:042C1000FEFF2E2372
:042C1100004E8E9350
:042C1200410756938D
:042C1300FA586AE31E
:042C1400015407134D
:042C15004082843342
:042C1600FEB40413F1
:042C170000E2B2B372
:042C18000012CF13C4
:042C1900002454132C
:042C1A00004007135C
:042C1B000A028463C2
:042C1C0000EF8FB383
:042C1D0000E5883313
:042C1E0000010EB7EC
:042C1F0000080E1388
:042C2000000F861308
:042C2100FFFE8E9391
:042C22000C6FF463DC
:042C230000062783FD
:042C2400004E0E133D
:042C2500004606134C
:042C260001D7F733A8
:042C270000D7073398
:042C28000107D59338
:042C290041075713F5
:042C2A0000B70733B5
:042C2B0000D787B394
:042C2C0001D7F7B322
:042C2D0001071693F2
:042C2E0000D7E7B331
:042C2F00FEFE2E2354
:042C3000410756936F
:042C3100FC6664E3F6
:042C3200FFF3031396
:042C330041F3033333
:042C3400FFC3731354
:042C350000680733F9
:042C360000079A6396
:042C3700FFC7278329
:042C3800FFF8889386
:042C3900FFC70713B7
:042C3A00FE078AE324
:042C3B0000C1208331
:042C3C0000812403EC
:042C3D000115282332
:042C3E0000412483AA
:042C3F000001290364
:042C4000010101137A
:042C410000008067A8
:042C42000010091362
:042C4300E806DEE3DE
:042C4400EA9FF06FA4
:042C4500001407135D
:042C46000027171339
:042C4700F55FF06FD6
:042C480000000593F0
:042C4900A80FF0EFF1
:042C4A000605006318
:042C4B0000C1208321
:042C4C0000812403DC
:042C4D0000100793D9
:042C4E0000F5282342
:042C4F0000052A232F
:042C50000041248398
:042C51000001290352
:042C52000101011368
:042C53000000806796
:042C54000000071362
:042C5500000F1663F3
:042C560000E58733DB
:042C5700F7DFF06F44
:042C5800002417132A
:042C590000E58733D8
:042C5A00F71FF06F01
:042C5B000000A69738
:042C5C0059C686933C
:042C5D00000006135A
:042C5E002450059366
:042C5F000000A517B5
:042C60005D450513B6
:042C6100505000EFE0
:042C62000000A69731
:042C630058068693F6
:042C64000000061353
:042C65002370059340
:042C66000000A517AE
:042C67005B85051371
:042C68004E9000EF9B
:042C69007FF007B73A
:042C6A0000B7F5B307
:042C6B00FCC007B7EB
:042C6C0000F585B337
:042C6D0000000793C9
:042C6E0000B05663F9
:042C6F0000078513C2
:042C70000000806779
:042C710040B005B3B7
:042C72004145D59370
:042C73000130079392
:042C740000B7CC6376
:042C7500000807B795
:042C760040B7D5B3DB
:042C770000000793BF
:042C780000078513B9
:042C79000000806770
:042C7A00FEC585937B
:042C7B0001E007135A
:042C7C0000100793AA
:042C7D0000B74663F3
:042C7E00800007B714
:042C7F0000B7D7B310
:042C800000000593B8
:042C810000078513B0
:042C82000000806767
:042C8300FE0101133A
:042C840000912A236E
:042C8500010524839E
:042C860000812C237A
:042C870001450413EC
:042C880000249493FD
:042C8900009404B3FC
:042C8A0001212823D9
:042C8B00FFC4A903D6
:042C8C0001312623C9
:042C8D0001412423BA
:042C8E000009051321
:042C8F000005899320
:042C900000112E23DE
:042C9100CF8FF0EF02
:042C92000200071322
:042C930040A707B39C
:042C940000F9A02380
:042C950000A0079301
:042C9600FFC48A13DA
:042C970008A7DC634B
:042C9800FF550613CB
:042C9900054470631B
:042C9A00FF84A78389
:042C9B0004060C63BC
:042C9C0040C706B374
:042C9D0000D7D73352
:042C9E0000C919331D
:042C9F0000E96933AC
:042CA000FF84859395
:042CA1003FF00737C2
:042CA20000E96733AB
:042CA30000C797B31C
:042CA40002B47E6395
:042CA500FF44A6033F
:042CA60000D656B34B
:042CA70000D7E7B3B8
:042CA80002C0006FF7
:042CA90000B00793DD
:042CAA0000F50C63C2
:042CAB0000C9193310
:042CAC003FF00737B7
:042CAD0000E96733A0
:042CAE000000079388
:042CAF000100006FB1
:042CB0000000079386
:042CB1003FF00737B2
:042CB20000E967339B
:042CB30001C12083B8
:042CB4000181240373
:042CB5000141248332
:042CB60001012903EC
:042CB70000C12983AC
:042CB80000812A036A
:042CB9000007851378
:042CBA000007059377
:042CBB0002010113FE
:042CBC00000080672D
:042CBD0000B00693CA
:042CBE0040A686B3F3
:042CBF003FF007B724
:042CC00000D95733AD
:042CC10000F767337E
:042CC2000000079374
:042CC30001447663EF
:042CC400FF84A7835F
:042CC50000D7D7B3AA
:042CC600015505139C
:042CC70000A9193314
:042CC80000F967B3F5
:042CC900FA9FF06F0F
:042CCA00FD010113F4
:042CCB0001512A2366
:042CCC0000058A93E2
:042CCD00001005935B
:042CCE00029122232A
:042CCF0001312E237E
:042CD00001412C236F
:042CD10002112623A3
:042CD2000281242334
:042CD3000321202396
:042CD400000604935F
:042CD50000068A1358
:042CD6000007099357
:042CD700848FF0EF07
:042CD800100502637E
:042CD90000100737A9
:042CDA000144D913C5
:042CDB00FFF7079365
:042CDC007FF97913F0
:042CDD0000050413D7
:042CDE000097F7B3B1
:042CDF000009046381
:042CE00000E7E7B36F
:042CE10000F12623B5
:042CE200060A9263E9
:042CE30000C1051314
:042CE400C24FF0EFFC
:042CE50000C1270300
:042CE6000010049343
:042CE700009428230A
:042CE80000E42A23B7
:042CE9000205079346
:042CEA00080908636A
:042CEB00BCD9091334
:042CEC0000F90933AF
:042CED0003500493F9
:042CEE00012A202374
:042CEF0040F48533F5
:042CF00000A9A02374
:042CF10002C1208379
:042CF20000040513C2
:042CF3000281240333
:042CF40002412483F2
:042CF50002012903AC
:042CF60001C129836C
:042CF70001812A032A
:042CF80001412A83E9
:042CF90003010113BF
:042CFA0000008067EF
:042CFB00008105133C
:042CFC00015124233B
:042CFD00BC0FF0EF29
:042CFE0000C12703E7
:042CFF000005079332
:042D000004050E6355
:042D01000081260324
:042D02000200069332
:042D030040A686B3AD
:042D040000D716B32B
:042D050000A7573399
:042D060000C6E6B36A
:042D070000E126239E
:042D080000E034B300
:042D0900001484939B
:042D0A0000D42A23A4
:042D0B0000E42C2391
:042D0C0000942823E4
:042D0D00F6091CE3C4
:042D0E0000249713F3
:042D0F0000E40733A2
:042D1000010725038F
:042D1100BCE7879301
:042D120000FA202380
:042D1300AF0FF0EF1F
:042D14000054949340
:042D150040A485331E
:042D1600F69FF06FC5
:042D1700008126838E
:042D1800FC1FF06F3D
:042D19000000A69779
:042D1A002A4686932C
:042D1B00000006139B
:042D1C0030F00593FB
:042D1D000000A517F6
:042D1E002DC50513A7
:042D1F0020D000EFD1
:042D2000FD0101139D
:042D21000321202347
:042D2200000589130C
:042D23000081059393
:042D2400021126234F
:042D250002812423E0
:042D260002912223D1
:042D270001312E2325
:042D28000005099306
:042D2900D69FF0EF52
:042D2A000005049309
:042D2B000005841308
:042D2C000009051382
:042D2D0000C1059349
:042D2E00D55FF0EF8E
:042D2F00010927036C
:042D30000109A7836B
:042D310000C1268334
:042D320040E787B33C
:042D330000812703F1
:042D3400005797931A
:042D350040D7073349
:042D360000E787B378
:042D37000005071379
:042D380002F05E63E4
:042D39000147979324
:042D3A000087843357
:042D3B000005869376
:042D3C0000048513F7
:042D3D0000040593F6
:042D3E000007061371
:042D3F00361030EF2B
:042D400002C1208329
:042D410002812403E4
:042D420002412483A3
:042D4300020129035D
:042D440001C129831D
:042D45000301011372
:042D460000008067A2
:042D47000147979316
:042D480040F585B31A
:042D4900FC9FF06F8C
:042D4A00FF01011371
:042D4B00012120231F
:042D4C000011262329
:042D4D000170079377
:042D4E000005091360
:042D4F0006A7D2639E
:042D50000000B717B1
:042D5100A9070713B4
:042D520000072783CC
:042D5300004725838D
:042D54000000B717AD
:042D5500A887071331
:042D560000812423B1
:042D570000912223A2
:042D58000007240349
:042D59000047248388
:042D5A0000078513D6
:042D5B000004061357
:042D5C000004869356
:042D5D00624040EFA1
:042D5E00FFF909135D
:042D5F0000050793D1
:042D6000FE0914E371
:042D610000812403C6
:042D620000C1208309
:042D63000041248384
:042D6400000129033E
:042D650000078513CB
:042D66000101011353
:042D67000000806781
:042D68000035191306
:042D69000000A717A8
:042D6A0050470713B4
:042D6B000127073302
:042D6C0001072783B1
:042D6D0000C12083FE
:042D6E000147258371
:042D6F000001290333
:042D700000078513C0
:042D71000101011348
:042D72000000806776
:042D730001062683AC
:042D7400FFF585934F
:042D75004055D5935D
:042D7600001585932C
:042D77000146079377
:042D78000026969308
:042D79000025959309
:042D7A0000D786B345
:042D7B0000B505B3E7
:042D7C0002D7F8631F
:042D7D000005071333
:042D7E000007A8039F
:042D7F0000478793EF
:042D800000470713EE
:042D8100FF072E23F7
:042D8200FED7E8E3AD
:042D830040C687B30C
:042D8400FEB787937C
:042D8500FFC7F793FA
:042D860000478793E8
:042D870000F505331B
:042D880000B57863B7
:042D890000450513E9
:042D8A00FE052E23F1
:042D8B00FEB56CE342
:042D8C00000080675C
:042D8D000105270312
:042D8E004055D613C3
:042D8F000145069361
:042D900002C75263C1
:042D910000271713ED
:042D920000E687B31D
:042D930004F6F263ED
:042D9400FFC7A703CB
:042D9500FFC787935A
:042D9600FE070AE347
:042D97000010051310
:042D98000000806750
:042D99000026179366
:042D9A0000F687B305
:042D9B00FEE650E31D
:042D9C0001F5F593B5
:042D9D00FC058CE3C2
:042D9E000007A60381
:042D9F000010051308
:042DA00000B65733EF
:042DA10000B717332D
:042DA200FCE602E366
:042DA3000000806745
:042DA4000000051313
:042DA5000000806743
:042DA600FD01011317
:042DA7000291222350
:042DA80002112623CB
:042DA9000006049389
:042DAA001E05886317
:042DAB00028124235A
:042DAC0003212023BC
:042DAD000005841386
:042DAE0001312E239E
:042DAF0001512A2381
:042DB00001412C238E
:042DB10000050913FD
:042DB20081DF80EF4E
:042DB300FFC427032F
:042DB40000B487934D
:042DB5000160069320
:042DB600FF840A93F9
:042DB700FFC7799346
:042DB80010F6F263BC
:042DB900FF87FA1383
:042DBA001007C263D9
:042DBB00109A6063A7
:042DBC001349D26382
:042DBD000181242349
:042DBE000000CC172E
:042DBF00C40C0C1321
:042DC000008C26035A
:042DC100013A86B39A
:042DC2000046A7839D
:042DC3001CD60863AF
:042DC400FFE7F6131C
:042DC50000C686338B
:042DC600004626039A
:042DC7000016761369
:042DC80014061A6370
:042DC900FFC7F793B6
:042DCA0000F9863353
:042DCB000D465863F6
:042DCC000017771362
:042DCD0002071C637A
:042DCE000171262346
:042DCF00FF842B83CF
:042DD0000161282352
:042DD100417A8BB305
:042DD200004BA70308
:042DD300FFC77713AC
:042DD40000E787B3DA
:042DD50001378B3304
:042DD600334B5C63BC
:042DD70000E98B3351
:042DD800294B5863C8
:042DD90001012B03C6
:042DDA0000C12B8386
:042DDB0000048593D8
:042DDC0000090513D2
:042DDD00F95F70EF3B
:042DDE000005049355
:042DDF004005086340
:042DE000FFC4278382
:042DE100FF85071350
:042DE200FFE7F7937D
:042DE30000FA87B3B8
:042DE40024E78663F7
:042DE500FFC9861389
:042DE600024007930D
:042DE7002EC7E463AC
:042DE800013007139C
:042DE90020C76A6332
:042DEA000005079346
:042DEB0000040713C6
:042DEC000007268333
:042DED0000D7A02348
:042DEE0000472683F1
:042DEF0000D7A22344
:042DF000008727032E
:042DF10000E7A42330
:042DF2000004059341
:042DF30000090513BB
:042DF400C19F70EF1C
:042DF50000090513B9
:042DF600F18F80EFEA
:042DF70000812C0328
:042DF80006C0006FA2
:042DF90001000A13B8
:042DFA00F09A74E3F4
:042DFB0000C007937A
:042DFC0000F9202397
:042DFD00000004933B
:042DFE000540006F1D
:042DFF0000C6A783E0
:042E00000086A7039E
:042E010000812C031D
:042E0200000609932A
:042E030000F726238B
:042E040000E7A4231C
:042E0500004AA78355
:042E0600414986B305
:042E070000F00613BE
:042E08000017F79325
:042E0900013A8733D0
:042E0A0008D6626321
:042E0B000137E7B3F1
:042E0C0000FAA22303
:042E0D0000472783D0
:042E0E000017E7932F
:042E0F0000F7222383
:042E1000000905139D
:042E1100EACF80EF95
:042E12000004049321
:042E13000281240311
:042E140002C1208354
:042E1500020129038A
:042E160001C129834A
:042E170001812A0308
:042E180001412A83C7
:042E19000004851319
:042E1A0002412483CA
:042E1B00030101139B
:042E1C0000008067CB
:042E1D000017771310
:042E1E00EE071AE3BE
:042E1F0001712623F4
:042E2000FF842B837D
:042E21000161282300
:042E2200417A8BB3B3
:042E2300004BA703B6
:042E2400FFC777135A
:042E2500EC9FF06FBF
:042E260002C1208342
:042E270002412483BD
:042E28000006059308
:042E2900030101138D
:042E2A00E61F706FC0
:042E2B000147E7B3C1
:042E2C0000FAA223E3
:042E2D00014A85B31E
:042E2E000016E69311
:042E2F0000D5A22305
:042E300000472783AD
:042E31000085859300
:042E3200000905137B
:042E33000017E7930A
:042E340000F722235E
:042E3500B15F70EF2A
:042E3600F69FF06FA4
:042E3700FFC7F79347
:042E3800013786B325
:042E3900010A061371
:042E3A0026C6D06375
:042E3B0000177713F2
:042E3C00E6071EE3A4
:042E3D0001712623D6
:042E3E00FF842B835F
:042E3F0001612823E2
:042E4000417A8BB395
:042E4100004BA70398
:042E4200FFC777133C
:042E430000E787B36A
:042E440001378B3394
:042E4500E4CB44E3B3
:042E460000CBA78393
:042E4700008BA70352
:042E4800FFC9861325
:042E490002400693AA
:042E4A0000F7262344
:042E4B0000E7A423D5
:042E4C00008B8493E0
:042E4D0028C6E4634C
:042E4E000130071335
:042E4F000004879361
:042E500002C77263E0
:042E5100000427034F
:042E520001B0079331
:042E530000EBA423C9
:042E5400004427030C
:042E550000EBA623C5
:042E560026C7EA633E
:042E570000840413DC
:042E5800010B879350
:042E59000004270347
:042E5A0000E7A023CA
:042E5B000044270305
:042E5C0000E7A223C6
:042E5D0000842703C3
:042E5E0000E7A423C2
:042E5F00014B873369
:042E6000414B07B328
:042E610000EC24233A
:042E62000017E793DB
:042E630000F722232F
:042E6400004BA783F5
:042E65000009051348
:042E66000017F793C7
:042E67000147E7B385
:042E680000FBA223A6
:042E6900D4CF80EF53
:042E6A0001012B0334
:042E6B0000C12B83F4
:042E6C0000812C03B2
:042E6D00E99FF06F7A
:042E6E0000042683B3
:042E6F0001B0071394
:042E700000D5202346
:042E71000044268370
:042E720000D5222342
:042E730014C76E63AF
:042E740000840713BC
:042E7500008507933A
:042E7600DD9FF06F7D
:042E7700FFC52783E9
:042E780000812C03A6
:042E7900FFC7F79305
:042E7A0000F989B31F
:042E7B00E29FF06F73
:042E7C0000CBA7835D
:042E7D00008BA7031C
:042E7E00FFC98613EF
:042E7F000240069374
:042E800000F726230E
:042E810000E7A4239F
:042E8200008B8493AA
:042E830010C6E6632C
:042E840001300713FF
:042E8500000487932B
:042E860002C77C63A0
:042E87000004270319
:042E880001B00793FB
:042E890000EBA42393
:042E8A0000442703D6
:042E8B0000EBA6238F
:042E8C0014C7F8630C
:042E8D000084278313
:042E8E0000FBA8237A
:042E8F0000C42783D1
:042E900000FBAA2376
:042E91000AD60C63EE
:042E92000104041320
:042E9300018B879395
:042E9400000427030C
:042E950000E7A0238F
:042E960000442703CA
:042E970000E7A2238B
:042E98000084270388
:042E990000E7A42387
:042E9A00000B09938D
:042E9B00000B8A930B
:042E9C0001012B0302
:042E9D0000C12B83C2
:042E9E0000812C0380
:042E9F000004841394
:042EA000D95FF06F97
:042EA1000004059391
:042EA2008F8FC0EF5F
:042EA300D3DFF06F1A
:042EA40000C6A7833A
:042EA5000086A703F9
:042EA600FFC98613C7
:042EA700024006934C
:042EA80000F72623E6
:042EA90000E7A42377
:042EAA00008BA703EF
:042EAB0000CBA7832E
:042EAC00008B849380
:042EAD0000F72623E1
:042EAE0000E7A42372
:042EAF0004C6EE6304
:042EB00001300713D3
:042EB10000048793FF
:042EB200F8C774E306
:042EB30000042703ED
:042EB40001B00793CF
:042EB50000EBA42367
:042EB60000442703AA
:042EB70000EBA62363
:042EB8000AC7F063F2
:042EB9000084270367
:042EBA000240079338
:042EBB0000EBA8235D
:042EBC0000C4270324
:042EBD0000EBAA2359
:042EBE00F4F618E32B
:042EBF0001042703E0
:042EC000020B8793E7
:042EC1000184041371
:042EC20000EBAC2352
:042EC300FFC427031E
:042EC40000EBAE234E
:042EC500F3DFF06FD8
:042EC600000405936C
:042EC700000485136B
:042EC800860FC0EFC2
:042EC900F45FF06F53
:042ECA000084270356
:042ECB0000E52423D7
:042ECC0000C4270314
:042ECD0000E52623D3
:042ECE0006F604639D
:042ECF0001040713E0
:042ED000010507935E
:042ED100C6DFF06FF9
:042ED200014A8AB374
:042ED300414687B33A
:042ED400015C242356
:042ED5000017E79368
:042ED60000FAA22339
:042ED700FFC427838A
:042ED80000090513D5
:042ED900000404935A
:042EDA000017F79353
:042EDB000147E7B311
:042EDC00FEF42E23AF
:042EDD00B7CF80EFFC
:042EDE0000812C0340
:042EDF00CD1FF06FA4
:042EE0000084041353
:042EE100010B8793C7
:042EE200EC9FF06F02
:042EE30000090513CA
:042EE400B60F80EFB6
:042EE5000000049352
:042EE60000812C0338
:042EE700CB1FF06F9E
:042EE8000104268338
:042EE9000184071346
:042EEA0001850793C4
:042EEB0000D52823C3
:042EEC0001442683F4
:042EED0000D52A23BF
:042EEE00BF9FF06F23
:042EEF000004059343
:042EF0000004851342
:042EF100FBDFB0EF64
:042EF200DB5FF06F43
:042EF30000842783AD
:042EF40000FBA82314
:042EF50000C427836B
:042EF60000FBAA2310
:042EF70000D6086396
:042EF80001040413BA
:042EF900018B87932F
:042EFA00D7DFF06FBF
:042EFB0001042703A4
:042EFC00020B8793AB
:042EFD000184041335
:042EFE0000EBAC2316
:042EFF00FFC42703E2
:042F000000EBAE2311
:042F0100D61FF06F78
:042F0200040600635E
:042F0300FF010113B6
:042F04000000A5978D
:042F0500B7458593B4
:042F060000060513A9
:042F070000812423FE
:042F0800001126236B
:042F090000060413A7
:042F0A000E4000EF86
:042F0B000205146344
:042F0C000000A51705
:042F0D00B5050513EE
:042F0E0000C120835B
:042F0F000081240316
:042F100001010113A7
:042F110000008067D5
:042F12000000A517FF
:042F1300B38505136A
:042F140000008067D2
:042F15000000A5977C
:042F1600B2C5859328
:042F1700000405139A
:042F18000AC000EFFC
:042F1900FC0506E3CA
:042F1A000000A59777
:042F1B00B94585939C
:042F1C000004051395
:042F1D00098000EF38
:042F1E00FA050CE3C1
:042F1F000000051396
:042F2000FB9FF06FB4
:042F21000000C517D0
:042F2200BE45450360
:042F230000008067C3
:042F240004058063BD
:042F2500FF01011394
:042F260000812423DF
:042F2700000584130A
:042F28000004051389
:042F29000000A59768
:042F2A00AE058593D8
:042F2B000011262348
:042F2C0005C000EFED
:042F2D000205146322
:042F2E000000A517E3
:042F2F00AC85051355
:042F300000C1208339
:042F310000812403F4
:042F32000101011385
:042F330000008067B3
:042F34000000A517DD
:042F3500AB050513D0
:042F360000008067B0
:042F37000000A5975A
:042F3800AA4585938E
:042F39000004051378
:042F3A00024000EF62
:042F3B00FC0506E3A8
:042F3C000000A59755
:042F3D00B0C5859303
:042F3E000004051373
:042F3F00010000EF9E
:042F4000FA050CE39F
:042F41000000051374
:042F4200FB9FF06F92
:042F430000B567333B
:042F4400FFF0039304
:042F450000377713C7
:042F460010071063FD
:042F47007F7F87B74A
:042F4800F7F787937D
:042F49000005260356
:042F4A000005A68355
:042F4B0000F672B367
:042F4C0000F66333F5
:042F4D0000F282B359
:042F4E000062E2B388
:042F4F001072926307
:042F500008D6166326
:042F5100004526030E
:042F52000045A6830D
:042F530000F672B35F
:042F540000F66333ED
:042F550000F282B351
:042F56000062E2B380
:042F57000C729E63F7
:042F580006D6166320
:042F590000852603C6
:042F5A000085A683C5
:042F5B0000F672B357
:042F5C0000F66333E5
:042F5D0000F282B349
:042F5E000062E2B378
:042F5F000C729863F5
:042F600004D616631A
:042F610000C526037E
:042F620000C5A6837D
:042F630000F672B34F
:042F640000F66333DD
:042F650000F282B341
:042F66000062E2B370
:042F67000C729263F3
:042F680002D6166314
:042F69000105260335
:042F6A000105A68334
:042F6B0000F672B347
:042F6C0000F66333D5
:042F6D0000F282B339
:042F6E000062E2B368
:042F6F000A729C63E3
:042F700001450513FF
:042F710001458593FE
:042F7200F4D60EE3A0
:042F73000106171329
:042F74000106979328
:042F750000F71E63E0
:042F760001065713E6
:042F77000106D793E5
:042F780040F70533E6
:042F79000FF5759348
:042F7A000205906359
:042F7B00000080676B
:042F7C0001075713DF
:042F7D000107D793DE
:042F7E0040F70533E0
:042F7F000FF5759342
:042F80000005946351
:042F81000000806765
:042F82000FF77713BB
:042F83000FF7F793BA
:042F840040F70533DA
:042F85000000806761
:042F860000054603F9
:042F87000005C683F8
:042F88000015051318
:042F89000015859317
:042F8A0000D61463F6
:042F8B00FE0616E345
:042F8C0040D60533F3
:042F8D000000806759
:042F8E0000450513E2
:042F8F0000458593E1
:042F9000FCD61CE36C
:042F91000000051324
:042F92000000806754
:042F9300008505139D
:042F9400008585939C
:042F9500FCD612E371
:042F9600000005131F
:042F9700000080674F
:042F980000C5051358
:042F990000C5859357
:042F9A00FAD618E368
:042F9B00000005131A
:042F9C00000080674A
:042F9D000105051312
:042F9E000105859311
:042F9F00F8D61EE35F
:042FA0000000051315
:042FA1000000806745
:042FA200FF01011317
:042FA300000687930A
:042FA4008201A703FC
:042FA5000006081307
:042FA60000112623CD
:042FA70000C72883B4
:042FA8000007861385
:042FA9000005069386
:042FAA000005871384
:042FAB000000A797E4
:042FAC008E47879332
:042FAD0000080C63A9
:042FAE000000A597E3
:042FAF008E858593F3
:042FB000000885137D
:042FB1002D0000EF00
:042FB20066C010EFF6
:042FB3000000A797DC
:042FB4009307879365
:042FB5000007881376
:042FB600FE1FF06F9B
:042FB700FF01011302
:042FB8000006069376
:042FB90000000613FB
:042FBA0000112623B9
:042FBB00F9DFF0EF5B
:042FBC00FE010113FE
:042FBD0000812C2340
:042FBE0000112E23AD
:042FBF000105D6939F
:042FC00000058793EE
:042FC10000050413F0
:042FC200010657139A
:042FC3000C06906305
:042FC40014071A6371
:042FC5000106159359
:042FC6000107951357
:042FC7000105D59398
:042FC8000105551397
:042FC90040C080EF95
:042FCA000005059366
:042FCB0000040513E6
:042FCC00FD8F70EF16
:042FCD0000050413E4
:042FCE0010050A637D
:042FCF00FFC5260311
:042FD00002400713A1
:042FD100FFC67613AE
:042FD200FFC606131D
:042FD30004C7686364
:042FD400013006932F
:042FD5000005079359
:042FD60002C6F263DA
:042FD70000052023AE
:042FD80000052223AB
:042FD90001B00793A9
:042FDA0004C7F863CD
:042FDB0000052423A6
:042FDC0000052623A3
:042FDD000105079350
:042FDE0010E6026394
:042FDF000007A02324
:042FE0000007A22321
:042FE1000007A4231E
:042FE20001C1208386
:042FE30000040513CE
:042FE4000181240340
:042FE50002010113D1
:042FE6000000806700
:042FE700000005934E
:042FE800DA5F60EF5D
:042FE90001C120837F
:042FEA0000040513C7
:042FEB000181240339
:042FEC0002010113CA
:042FED0000008067F9
:042FEE0000850793C0
:042FEF000007A02314
:042FF0000007A22311
:042FF1000007A4230E
:042FF200FC1FF06F61
:042FF3000C0716634E
:042FF400012128236C
:042FF500013126235D
:042FF60000912A23F9
:042FF7000006891334
:042FF8000006099333
:042FF9000107951324
:042FFA000106159324
:042FFB000105D59364
:042FFC000105551363
:042FFD0033C080EF6E
:042FFE000005049333
:042FFF00010915931C
:04300000010995131A
:043001000105D5935D
:04300200010555135C
:04300300324080EFE8
:043004000104D79359
:0430050000F505B31A
:043006000105D79356
:0430070006079863BD
:043008000104949398
:043009000104D49357
:04300A000105959394
:04300B000095E5B394
:04300C0000040513A4
:04300D0001412483D6
:04300E000101290390
:04300F0000C1298350
:04301000EC8F70EFE2
:04301100000504139F
:04301200EE051AE3CA
:0430130000000413A2
:0430140001C1208353
:04301500000405139B
:04301600018124030D
:04301700020101139E
:0430180000008067CD
:043019000121282346
:04301A000131262337
:04301B0000912A23D3
:04301C00000709138D
:04301D00000589938E
:04301E00F6DFF06F7A
:04301F00000528235D
:04302000018507938C
:0430210000052A2359
:04302200EF5FF06FFD
:0430230001412483C0
:04302400010129037A
:0430250000C129833A
:04302600494010EF1E
:0430270000C007934B
:0430280000F520236C
:04302900000004138C
:04302A00FA9FF06FAA
:04302B000000B79753
:04302C007787A78378
:04302D0000078067B1
:04302E0002058063B4
:04302F00040602632E
:0430300004068863A7
:0430310000064783CB
:0430320000F5A023E2
:04303300000645034B
:0430340000A0353390
:0430350000008067B0
:04303600FF01011382
:0430370000C105933C
:043038000206046325
:0430390002068A639E
:04303A0000064783C2
:04303B0000F5A023D9
:04303C000006450342
:04303D0000A0353387
:04303E000101011378
:04303F0000008067A6
:043040000000051374
:0430410000008067A4
:043042000000051372
:04304300FEDFF06F4D
:04304400FFE0051391
:0430450000008067A0
:04304600FFE005138F
:04304700FDDFF06F4A
:043048000000B79736
:043049007007A783E2
:04304A000007806794
:04304B000205846393
:04304C000FF00793E7
:04304D0000C7E8636D
:04304E0000C5802316
:04304F000010051355
:043050000000806795
:0430510008A0079339
:0430520000F5202342
:04305300FFF0051372
:043054000000806791
:04305500000005135F
:04305600000080678F
:04305700FC01011364
:0430580002C103139B
:0430590002D1262357
:04305A0000030693D6
:04305B0000112E230F
:04305C0002E1282342
:04305D0002F12A232F
:04305E0003012C231B
:04305F0003112E2308
:0430600000612623C2
:04306100058000EFF7
:0430620001C1208305
:043063000401011350
:043064000000806781
:04306500FC01011356
:0430660002810313CD
:0430670002C124235B
:0430680002D1262348
:0430690000058613C5
:04306A0000030693C6
:04306B0000050593C4
:04306C008201A50335
:04306D0000112E23FD
:04306E0002E1282330
:04306F0002F12A231D
:0430700003012C2309
:0430710003112E23F6
:0430720000612623B0
:04307300010000EF69
:0430740001C12083F3
:04307500040101133E
:04307600000080676F
:04307700ED01011353
:04307800129122236C
:0430790013212023DC
:04307A0011312E23BF
:04307B001181242378
:04307C0012112623E4
:04307D001171262384
:04307E0000050993AD
:04307F000005849331
:0430800000060C1327
:0430810000068913A9
:0430820000050863DA
:043083000345278357
:04308400000794634A
:043085000980106F3F
:043086000644A783D2
:0430870000C49703E7
:043088000017F693A4
:043089000006966344
:04308A002007769312
:04308B00640682E372
:04308C00012716936F
:04308D000206C06314
:04308E00FFFFE6B7A3
:04308F00FFF686932F
:0430900000002637DF
:0430910000C76733DA
:0430920000D7F7B3B9
:0430930000E496239C
:0430940006F4A22379
:043095000127971365
:043096000007546378
:043097001840106F5E
:0430980000C49703D6
:0430990000877793A2
:04309A00260788631A
:04309B000104A78302
:04309C00260784631C
:04309D0001A777937D
:04309E0000A00693F5
:04309F0026D78E633F
:0430A00000000B938E
:0430A10011412C238A
:0430A20004C10A1348
:0430A300128124234F
:0430A40011512A2379
:0430A500116128236A
:0430A60011A1202331
:0430A700119122233E
:0430A800000B8D1379
:0430A9000FB12E2312
:0430AA000541202399
:0430AB0004012423D5
:0430AC0004012223D6
:0430AD00000A07937B
:0430AE0000012023DA
:0430AF0000012C23CD
:0430B00000012E23CA
:0430B10002012023D5
:0430B2000000AB1758
:0430B300A0CB0B1390
:0430B4000100041300
:0430B5000000AA97D6
:0430B600B7CA8A9378
:0430B700000C0B936B
:0430B8000009089370
:0430B900000BC7033E
:0430BA001C070E637E
:0430BB00000B89136A
:0430BC000250069325
:0430BD0026D70863A7
:0430BE0000194703AB
:0430BF0000190913D8
:0430C000FE071AE30A
:0430C10041790C3312
:0430C2001B790E6305
:0430C30004812683DB
:0430C4000441270399
:0430C5000177A023CC
:0430C600018686B346
:0430C70000170713D4
:0430C8000187A223B7
:0430C90004D12423E7
:0430CA0004E12223D8
:0430CB0000700693F8
:0430CC00008787935F
:0430CD0024E6C063D2
:0430CE0000094703AB
:0430CF00018D0D332F
:0430D0001807026378
:0430D1000000069362
:0430D20000000813DF
:0430D3000019460397
:0430D40000190B9341
:0430D50002010DA344
:0430D600FFF00C9368
:0430D70005A0091334
:0430D80000080C13CD
:0430D90000068D93CD
:0430DA00001B8B93B9
:0430DB00FE060713D3
:0430DC0004E966633A
:0430DD00002717139E
:0430DE00016707334C
:0430DF0000072703BC
:0430E000016707334A
:0430E100000700677D
:0430E20000000D934A
:0430E300FD060713CC
:0430E4000090051340
:0430E500000BC60313
:0430E600002D959391
:0430E70001B586B3F6
:0430E80000169693A5
:0430E90000D70DB34C
:0430EA00FD060713C5
:0430EB00001B8B93A8
:0430EC00FEE572E3A8
:0430ED00FE060713C1
:0430EE00FAE97EE39A
:0430EF00000C0813B6
:0430F000000D8693B6
:0430F1001006006362
:0430F20008C10623E8
:0430F30002010DA326
:0430F40000100913AC
:0430F50000100313B1
:0430F60008C10C13EE
:0430F70000000C9336
:0430F80000000F9332
:0430F900084872937E
:0430FA000481260324
:0430FB000441270362
:0430FC0000029663D5
:0430FD0041268DB328
:0430FE0025B04EE3C8
:0430FF0003B1458351
:0431000002058863D9
:0431010003B105937E
:0431020000B7A0234F
:043103000017071397
:04310400001005931F
:043105000016061397
:0431060000B7A22349
:0431070004C12423B8
:0431080004E1222399
:0431090000700593BA
:04310A000087879320
:04310B001EE5C26398
:04310C00020F8863C3
:04310D0003C1059362
:04310E0000B7A02343
:04310F00001707138B
:043110000020059303
:04311100002606137B
:0431120000B7A2233D
:0431130004C12423AC
:0431140004E122238D
:0431150000700593AE
:043116000087879314
:0431170032E5CAE3F0
:043118000800059313
:0431190078B286639F
:04311A00406C8CB3C6
:04311B000B9046E3EC
:04311C0000C30633B3
:04311D00001707137D
:04311E000187A02362
:04311F000067A22380
:0431200004C124239F
:0431210004E1222380
:0431220000700593A1
:043123000087879307
:0431240018E5C6E301
:0431250000487813D3
:043126000008066334
:0431270041268C337E
:043128001D80426361
:043129000126D46344
:04312A0000090693FF
:04312B0000DD0D3383
:04312C000E06146314
:04312D00000BC703C9
:04312E000401222353
:04312F00000A0793F8
:04313000E20716E3B9
:04313100048127836B
:04313200000D0B93EE
:04313300680792E3B4
:04313400040122234D
:043135000E40006FD9
:043136000004859379
:0431370000098513F3
:04313800A00FB0EF45
:043139006E051CE320
:04313A0000C4970333
:04313B0000A0069357
:04313C0001A77793DD
:04313D00D8D796E366
:04313E0000E497838F
:04313F00D807C2E308
:043140000644A78317
:043141000017F793E9
:043142000007966389
:0431430020077713D7
:043144006A070AE329
:0431450012C1208310
:0431460010C12B8306
:0431470000090693E2
:04314800000C06135E
:043149001201290343
:04314A0010812C03C1
:04314B000004859364
:04314C0000098513DE
:04314D001241248384
:04314E0011C12983FF
:04314F001301011354
:043150006F50006F4D
:043151000008AD8342
:043152000048889316
:043153002C0DC66316
:04315400000BC603A3
:04315500E15FF06FD7
:04315600000BC603A1
:04315700020C6C13E7
:04315800E09FF06F95
:0431590041790C3379
:04315A00DB7912E328
:04315B00000947031D
:04315C00DD1FF06F14
:04315D000401061350
:04315E000004859351
:04315F0000098513CB
:043160000111222314
:04316100C14FA0EFCB
:0431620002051663E9
:04316300004128837C
:04316400000A0793C3
:04316500DA5FF06FCE
:043166000401061347
:043167000004859348
:0431680000098513C2
:04316900011122230B
:04316A00BF0FA0EF04
:04316B000041288374
:04316C00F00502E385
:04316D00000D0B93B3
:04316E000644A70369
:04316F0000C497837E
:0431700000177713BA
:0431710018070663D2
:043172000407F793C4
:04317300128124039E
:0431740011812A0398
:0431750011412A8357
:0431760011012B0315
:0431770010412C8354
:0431780010012D0312
:043179000FC12D83D2
:04317A0060079AE36D
:04317B0012C12083DA
:04317C001241248355
:04317D00120129030F
:04317E0011C12983CF
:04317F0010812C038C
:04318000000B8513A8
:0431810010C12B83CB
:043182001301011321
:043183000000806761
:043184000401061329
:04318500000485932A
:0431860000098513A4
:0431870003112223EB
:0431880000612A2395
:0431890000D1282326
:04318A0000512623A7
:04318B0001F1242307
:04318C0001012223F8
:04318D00B64FA0EFAA
:04318E00F6051EE341
:04318F00048126038E
:0431900004412703CC
:04319100024128834C
:0431920001412303D1
:04319300010126838D
:0431940000C12283D1
:0431950000812F8303
:0431960000412803C9
:04319700000A079390
:04319800DD1FF06FD8
:043199000100059399
:04319A0004412703C2
:04319B0000009E177B
:04319C007D4E0E1343
:04319D000985D86365
:04319E0001212423C4
:04319F000171262371
:0431A000000C091303
:0431A10001000C938A
:0431A20000700D9319
:0431A30000D1222312
:0431A40000088C1380
:0431A500000E0B937A
:0431A60000C0006FF6
:0431A700FF09091300
:0431A800052CD663B9
:0431A9000106061302
:0431AA0000170713F0
:0431AB000177A023E5
:0431AC000197A223C2
:0431AD0004C1242312
:0431AE0004E12223F3
:0431AF00008787937B
:0431B000FCEDDEE371
:0431B10004010613FC
:0431B20000048593FD
:0431B3000009851377
:0431B400AC8FA0EF4D
:0431B500EE0510E330
:0431B600FF090913F1
:0431B7000481260366
:0431B80004412703A4
:0431B900000A07936E
:0431BA00FB2CCEE339
:0431BB00000C089369
:0431BC00000B8E1363
:0431BD0000090C13E6
:0431BE000041268323
:0431BF00008129035F
:0431C00000C12B839C
:0431C100018606334A
:0431C20000170713D8
:0431C30001C7A0237D
:0431C4000187A223BA
:0431C50004C12423FA
:0431C60004E12223DB
:0431C70000700793FA
:0431C800D8E7D2E38F
:0431C90004010613E4
:0431CA0000048593E5
:0431CB00000985135F
:0431CC0001112423A6
:0431CD0000D12223E8
:0431CE00A60FA0EFB9
:0431CF00E6051CE312
:0431D000048126034D
:0431D10000812883CE
:0431D200004126830F
:0431D300D59FF06F25
:0431D4002007F713C6
:0431D500E6071AE30C
:0431D6000584A503C4
:0431D700D90F60EFBD
:0431D80000C4978315
:0431D900E65FF06F4E
:0431DA00000C0813CA
:0431DB000008AC0339
:0431DC0002010DA33C
:0431DD00000D8693C8
:0431DE0000488D9385
:0431DF00360C04E3C3
:0431E00000F12623B1
:0431E10000D12423D2
:0431E20001012223A2
:0431E3001E0CCEE30D
:0431E400000C861342
:0431E500000005934E
:0431E600000C0513C1
:0431E700884FB0EF6E
:0431E8000041280377
:0431E90000812683B8
:0431EA0000C1278376
:0431EB00000C83133E
:0431EC000005046373
:0431ED0041850333E2
:0431EE0003B14703DF
:0431EF00FFF349138E
:0431F00041F9591335
:0431F100012379330A
:0431F200000D8893B1
:0431F30000000C9339
:0431F40000000F9335
:0431F500C00708E324
:0431F60000190913A0
:0431F70000287F939A
:0431F800C00F82E39F
:0431F900002909138D
:0431FA0000200F930F
:0431FB00BF9FF06F13
:0431FC000008A7031D
:0431FD00000C0813A7
:0431FE00000D8693A7
:0431FF0002010DA319
:043200000048889367
:0432010008E10623B7
:04320200001009139C
:0432030000100313A1
:0432040008C10C13DE
:04320500BC9FF06F0B
:0432060041B00DB313
:04320700000BC603EF
:04320800004C6C13F7
:04320900B45FF06F4F
:04320A0002B00713F4
:04320B00000BC603EB
:04320C0002E10DA32B
:04320D00B35FF06F4C
:04320E00000BC603E8
:04320F00080C6C1328
:04321000B29FF06F0A
:04321100000BC603E5
:0432120002A00713FC
:04321300001B851304
:043214003AE60AE3A9
:04321500FD06071398
:04321600009005938C
:0432170000000C9314
:04321800009003130C
:0432190002E5E46383
:04321A000005460362
:04321B00002C95935B
:04321C0001958CB3D9
:04321D00001C9C9362
:04321E0000EC8CB381
:04321F00FD0607138E
:04322000001505137D
:04322100FEE372E373
:04322200060CC6E3ED
:0432230000050B9304
:04322400ADDFF06FBB
:043225000009851304
:04322600011124234B
:0432270000F122236D
:043228008F8FB0EFE5
:0432290000452783B2
:04322A000007851301
:04322B0002F1202369
:04322C00F14F60EF0F
:04322D00000507137E
:04322E0000098513FB
:04322F0000E12E2369
:043230008D8FB0EFDF
:04323100008527836A
:0432320001C12703AC
:04323300008128836B
:0432340000F12C2356
:0432350000412783AA
:04323600C6070CE3D8
:0432370001812703E7
:04323800000BC603BE
:04323900A80702E3FD
:04323A00000747033F
:04323B00A6070EE3F1
:04323C00400C6C13C3
:04323D00A75FF06F28
:04323E00000BC603B8
:04323F00001C6C13F0
:04324000A69FF06FE6
:0432410003B147038B
:04324200000BC603B4
:04324300A4071EE3DB
:04324400020007136A
:0432450002E10DA3F2
:04324600A51FF06F61
:04324700000D86935D
:04324800010C6813FA
:0432490002087713ED
:04324A0070070263A4
:04324B0000788893EC
:04324C00FF88F8936C
:04324D000048A6038C
:04324E000008A903C8
:04324F0000888893D8
:0432500000060D93D4
:043251000A064063C6
:043252000A0CCE6331
:0432530001B9663324
:04325400F7F87813FC
:043255000A061863EA
:04325600260C92E3CD
:043257000000091357
:04325800000003135C
:043259000F010C1342
:04325A000C80006F75
:04325B00000BC6039B
:04325C0006800713CE
:04325D0014E608E388
:04325E00040C6C13DD
:04325F009EDFF06F8F
:04326000000D869344
:04326100010C6313E6
:0432620002037713D9
:0432630066070C638B
:0432640000788893D3
:04326500FF88F89353
:043266000008A903B0
:043267000048AD83EB
:0432680000888893BF
:0432690002010DA3AE
:04326A000003081342
:04326B00040CCC6320
:04326C0001B966330B
:04326D00F7F37813E8
:04326E000010071332
:04326F0004061463DA
:04327000120C946345
:04327100F8071CE35B
:0432720000137313BF
:0432730068030C637D
:043274000300071339
:043275000EE107A3BC
:043276000003091335
:043277000EF10C1335
:043278000500006FDE
:0432790002D00593E7
:04327A0001203633C6
:04327B0041B00E331D
:04327C0002B10DA3EB
:04327D0040CE0DB37F
:04327E0041200933AF
:04327F00000CC46318
:04328000F7F87813D0
:043281007C0D9C63C1
:04328200009006139F
:043283007D266863D9
:043284000309071320
:043285000FF77713B5
:043286000EE107A3AB
:04328700000C89139B
:04328800019044630A
:043289000010091315
:04328A00001003131A
:04328B000EF10C1321
:04328C0003B1470340
:04328D00DA0712E367
:04328E00DA5FF06FA4
:04328F00000D869315
:04329000010C6613B4
:0432910002067713A7
:0432920058070A636C
:0432930000788893A4
:04329400FF88F89324
:043295000008A70383
:043296000048A50344
:043297000088889390
:0432980002010DA37F
:04329900BFF67813F1
:04329A00060CD263E9
:04329B000F010C1300
:04329C0001D51593B0
:04329D00007776132D
:04329E00003757138B
:04329F000306061309
:0432A00000E5E7332B
:0432A100003555138C
:0432A200FECC0FA3AC
:0432A30000A765B368
:0432A400000C031304
:0432A500FFFC0C130B
:0432A600FC059CE3A4
:0432A7000018771381
:0432A80012070C639A
:0432A9000300059386
:0432AA0012B60863ED
:0432AB00FFE3071323
:0432AC000F010613F5
:0432AD00FEBC0FA3B1
:0432AE0040E60333C0
:0432AF00000C891373
:0432B000606CCC631F
:0432B10000070C13F3
:0432B200F69FF06F24
:0432B30000A765B358
:0432B400B7F67613E0
:0432B50060059863B5
:0432B60000080313F6
:0432B70000000713F9
:0432B80000060813F1
:0432B900EE0C80E3B4
:0432BA0000100613E7
:0432BB000CC708E351
:0432BC0000200613D5
:0432BD0000C708E35B
:0432BE0000000713F2
:0432BF0000000513F3
:0432C000F6DFF06FD6
:0432C100000086374C
:0432C2008306061366
:0432C30002C11E2303
:0432C4000000961759
:0432C500BB460613EB
:0432C6000008A70352
:0432C700000D8693DD
:0432C80000000513EA
:0432C900002C68135A
:0432CA00004888939D
:0432CB0000C12023FB
:0432CC0002010DA34B
:0432CD00060CC863C0
:0432CE0000A76633BC
:0432CF00F7F8759304
:0432D00004061C6371
:0432D10000080313DB
:0432D20000200713BE
:0432D3000005881357
:0432D400E71FF06F91
:0432D500020C77135D
:0432D6005607146320
:0432D700010C77135C
:0432D80076071A63F8
:0432D900040C771357
:0432DA00000716E3F0
:0432DB00200C781338
:0432DC00760802630B
:0432DD000008A7033B
:0432DE000048889389
:0432DF0001A7002320
:0432E000F64FF06F46
:0432E100000BC60315
:0432E20006C0071308
:0432E30072E6046328
:0432E400010C6C135A
:0432E500FD4FF06F3A
:0432E60000200613AB
:0432E7000005881343
:0432E800EC0606E307
:0432E90000012303BA
:0432EA000F010C13B1
:0432EB0000F776135F
:0432EC0000C30633E2
:0432ED00000645830F
:0432EE00004757132B
:0432EF0001C51613EC
:0432F00000E667335A
:0432F100004555132C
:0432F200FEBC0FA36C
:0432F30000A7663397
:0432F400FFFC0C13BC
:0432F500FC061CE3D4
:0432F6000F010713AA
:0432F70041870333D5
:0432F800000C89132A
:0432F900E46CD6E3C8
:0432FA0000030913B1
:0432FB00E45FF06F2D
:0432FC0041268DB327
:0432FD0087B05AE359
:0432FE000100059333
:0432FF0000009F1715
:04330000254F0F1333
:043301000BB5D463D1
:04330200012128235A
:0433030001712A2307
:04330400000D89131C
:0433050001000E13A2
:0433060000700F93B1
:04330700010122237B
:0433080000D12423A9
:043309000061262316
:04330A0000088D9397
:04330B00000F0B9311
:04330C0000C0006F8E
:04330D00FF09091398
:04330E00052E5A63CB
:04330F00010606139A
:043310000017071388
:043311000177A0237D
:0433120001C7A2232A
:0433130004C12423AA
:0433140004E122238B
:043315000087879313
:04331600FCEFDEE307
:043317000401061394
:043318000004859395
:04331900000985130F
:04331A00D31F90EF3E
:04331B00940514E31E
:04331C0001000E138B
:04331D00FF09091388
:04331E0004812603FD
:04331F00044127033B
:04332000000A079305
:0433210000700F9396
:04332200FB2E4AE351
:04332300000D88937E
:04332400000B8F13F8
:0433250000090D93FB
:043326000041280337
:043327000081268378
:0433280000C12303BA
:043329000101290372
:04332A0001412B83AF
:04332B0001B60633AE
:04332C00001707136C
:04332D0001E7A023F1
:04332E0001B7A2231E
:04332F0004C124238E
:0433300004E122236F
:043331000070059390
:0433320000878793F6
:04333300F8E5DE6378
:043334000401061377
:043335000004859378
:0433360000098513F2
:043337000111282335
:0433380000612623E7
:0433390000D1242378
:04333A000101222348
:04333B00CADF90EF66
:04333C008C0512E307
:04333D0000C12303A5
:04333E0004812603DD
:04333F00044127031B
:04334000406C8CB39E
:0433410001012883DB
:04334200008126835D
:04334300004128031A
:04334400000A0793E1
:04334500F5905E633E
:0433460000009F17CD
:04334700138F0F13BE
:0433480009945A6327
:043349000121282313
:04334A0000700D936F
:04334B00000C8913D6
:04334C000101222336
:04334D0000D1242364
:04334E0000612623D1
:04334F0001112A231B
:04335000000A8C9350
:0433510000C0006F49
:04335200FF09091353
:043353000524566394
:043354000106061355
:043355000017071343
:043356000157A02358
:043357000087A22326
:0433580004C1242365
:0433590004E1222346
:04335A0000878793CE
:04335B00FCEDDEE3C4
:04335C00040106134F
:04335D000004859350
:04335E0000098513CA
:04335F00C1DF90EF4B
:0433600082051AE3E5
:04336100FF09091344
:0433620004812603B9
:0433630004412703F7
:04336400000A0793C1
:04336500FB244EE314
:04336600000C8F13B5
:0433670000412803F6
:0433680000090C93B9
:043369000081268336
:04336A0000C1230378
:04336B000141288371
:04336C00010129032F
:04336D00019606338C
:04336E00001707132A
:04336F0001E7A023AF
:043370000197A223FC
:0433710004C124234C
:0433720004E122232D
:04337300007005934E
:0433740000878793B4
:04337500E8E5DE6346
:043376000401061335
:043377000004859336
:0433780000098513B0
:0433790001112823F3
:04337A0000612623A5
:04337B0000D1242336
:04337C000101222306
:04337D00BA5F90EFB4
:04337E00FA051E63CB
:04337F00048126039C
:0433800004412703DA
:04338100010128839B
:0433820000C1230360
:04338300008126831C
:0433840000412803D9
:04338500000A0793A0
:04338600E58FF06F70
:043387000401061324
:043388000004859325
:04338900000985139F
:04338A0001112623E4
:04338B0000D1242326
:04338C0001012223F6
:04338D00B65F90EFA8
:04338E00F6051E63BF
:04338F00048126038C
:0433900000C12883CD
:04339100008126830E
:0433920000412803CB
:04339300000A079392
:04339400E44FF06FA3
:04339500010005939B
:0433960000009E177E
:04339700FE8E0E1385
:043398000BB5DC6332
:0433990003212223C7
:04339A000371242374
:04339B00000D891385
:04339C0001000F130A
:04339D000070039326
:04339E0001012223E4
:04339F0001F12423F1
:0433A000005126238F
:0433A10000D128230C
:0433A20000612A2379
:0433A30000088D93FE
:0433A400000E0B9379
:0433A50000C0006FF5
:0433A600FF090913FF
:0433A700052F5A6331
:0433A8000106061301
:0433A90000170713EF
:0433AA000177A023E4
:0433AB0001E7A22371
:0433AC0004C1242311
:0433AD0004E12223F2
:0433AE00008787937A
:0433AF00FCE3DEE37A
:0433B00004010613FB
:0433B10000048593FC
:0433B2000009851376
:0433B300ACDF90EF0C
:0433B400EE051263AD
:0433B50001000F13F1
:0433B600FF090913EF
:0433B7000481260364
:0433B80004412703A2
:0433B900000A07936C
:0433BA000070039309
:0433BB00FB2F4AE3B7
:0433BC00000D8893E5
:0433BD00000B8E1360
:0433BE0000090D9362
:0433BF00004128039E
:0433C00000812F83D6
:0433C10000C12283A2
:0433C200010126835C
:0433C300014123039E
:0433C4000241290396
:0433C50002812B83D3
:0433C60001B6063313
:0433C70000170713D1
:0433C80001C7A02376
:0433C90001B7A22383
:0433CA0004C12423F3
:0433CB0004E12223D4
:0433CC0000700593F5
:0433CD00008787935B
:0433CE00CCE5D26315
:0433CF0004010613DC
:0433D00000048593DD
:0433D1000009851357
:0433D200031122239E
:0433D30000612A2348
:0433D40000D12823D9
:0433D500005126235A
:0433D60001F12423BA
:0433D70001012223AB
:0433D800A39F90EF30
:0433D900E40518638C
:0433DA000481260341
:0433DB00044127037F
:0433DC0002412883FF
:0433DD000141230384
:0433DE000101268340
:0433DF0000C1228384
:0433E00000812F83B6
:0433E100004128037C
:0433E200000A079343
:0433E300C70FF06FB1
:0433E40004010613C7
:0433E50000048593C8
:0433E6000009851342
:0433E70001112A2383
:0433E8000061282335
:0433E90000D12623C6
:0433EA000051242347
:0433EB000101222397
:0433EC009E9F90EF21
:0433ED00E005106384
:0433EE00048126032D
:0433EF00044127036B
:0433F00001412883EC
:0433F10001012303B0
:0433F20000C126836D
:0433F30000812283B0
:0433F4000041280369
:0433F500000A079330
:0433F600C88FF06F1D
:0433F70001067593C3
:0433F8000008A7031F
:0433F900004888936D
:0433FA000C059863C3
:0433FB0004067593BC
:0433FC000C058063D9
:0433FD00010717139A
:0433FE000107571359
:0433FF0000000513B2
:04340000A61FF06FA4
:04340100010376133A
:043402000008A70314
:043403000048889362
:0434040008061A6339
:043405000403761333
:04340600080602634F
:04340700010719138D
:04340800010959134A
:0434090000000D931F
:04340A0097DFF06FE9
:04340B00010876132B
:04340C000008A7030A
:04340D000048889358
:04340E0004061A6333
:04340F000408761324
:043410000406026349
:043411000107191383
:043412004109591300
:0434130041F95D938B
:04341400000D86130E
:043415008F1FF06FA6
:04341600000C08138B
:04341700000D86938B
:043418008C5FF06F66
:043419000000091393
:04341A000F010C137F
:04341B009C5FF06F53
:04341C000584A5037B
:04341D00C61F50EF87
:04341E0000C497034C
:04341F000644A78335
:043420009B0FF06F9F
:0434210020087613F6
:043422002E061E63F1
:0434230041F75D937D
:043424000007091381
:04342500000D8613FD
:043426008ADFF06FDA
:0434270020037613F5
:043428002E061C63ED
:04342900000709137C
:04342A0000000D93FE
:04342B008F9FF06F10
:04342C00200675936E
:04342D002E0598636D
:04342E000000051382
:04342F009A5FF06F41
:043430000008A703E6
:0434310041FD569370
:043432000048889333
:0434330001A72023AA
:0434340000D7222378
:04343500A10FF06F84
:043436000003091373
:0434370000070C136B
:04343800951FF06F7D
:04343900000608136E
:04343A000000061375
:04343B00980600E30C
:04343C00AB5FF06F23
:04343D00FFF00C93FD
:04343E0000050B93E7
:04343F00A70FF06F74
:04344000000D869362
:04344100000C061362
:0434420093DFF06FB5
:04344300000D86935F
:04344400000C031362
:04344500875FF06F3E
:0434460000008717E4
:043447005C07071304
:04344800000C081359
:04344900000D869359
:04344A0000E120235A
:04344B0002087713E9
:04344C0006070A6302
:04344D0000788893E8
:04344E00FF88F89368
:04344F000008A703C7
:043450000048A50388
:0434510000888893D4
:043452000018759356
:0434530000058E637F
:0434540000A765B3B5
:0434550000058A6381
:0434560003000593D7
:0434570002B10E238D
:0434580002C10EA3FC
:0434590000286813CC
:04345A00BFF878132C
:04345B009C5FF06F13
:04345C0000008717CE
:04345D0055470713B5
:04345E00000C081343
:04345F00000D869343
:0434600000E1202344
:04346100FA9FF06F6F
:04346200000C051342
:04346300E39F50EFA4
:0434640000412803F8
:043465000081268339
:0434660000C12783F7
:043467000005031346
:04346800E18FF06F91
:04346900010875934E
:04346A000008A703AC
:04346B0000488893FA
:04346C000205926360
:04346D000408759347
:04346E0000058A6368
:04346F000107171327
:0434700001075713E6
:04347100000005133F
:04347200F81FF06FE0
:043473002008759325
:043474001E0590633E
:04347500000005133B
:04347600F71FF06FDD
:04347700400877137F
:043478000000061337
:043479000F01031329
:04347A000191262373
:04347B0001A12A235E
:04347C0003312223D3
:04347D000291242371
:04347E0001812D0398
:04347F000101222302
:0434800000D1242330
:0434810000F128230B
:0434820000070C93A0
:0434830000060993A3
:0434840000030493AA
:0434850003112623E6
:043486000280006F51
:0434870000A0061388
:0434880000000693A7
:04348900000905131E
:04348A00000D859319
:04348B000C5000EFF2
:04348C001A0D806332
:04348D00000509131A
:04348E0000058D9315
:04348F00000C049396
:0434900000A006137F
:04349100000006939E
:043492000009051315
:04349300000D859310
:0434940072D000EF03
:043495000305051313
:04349600FEA48FA35E
:04349700FFF48C139F
:0434980000198993FB
:04349900FA0C8CE3BA
:04349A00000D478357
:04349B00FB3798E380
:04349C000FF0079393
:04349D00FAF984E3D1
:04349E00080D9C6316
:04349F0000900793FF
:0434A0000927E863AD
:0434A10001A12C2336
:0434A20000412803BA
:0434A30000812683FB
:0434A40000C12C83B4
:0434A5000101278377
:0434A60001412D03B0
:0434A7000241298332
:0434A80002812483F6
:0434A90002C12883B1
:0434AA00931FF06F0D
:0434AB00838F50EFCC
:0434AC00F69FE06F38
:0434AD00001BC60337
:0434AE00020C6C138D
:0434AF00001B8B93E0
:0434B0008A8FF06FA0
:0434B100001BC60333
:0434B200200C6C136B
:0434B300001B8B93DC
:0434B400898FF06F9D
:0434B5000008A70361
:0434B60000488893AF
:0434B70001A7202326
:0434B800804FF06FE2
:0434B9000060071395
:0434BA00000C83136C
:0434BB0009976063AA
:0434BC0000030913ED
:0434BD00000D8893E3
:0434BE0000008C1767
:0434BF003F4C0C135F
:0434C0008DCFF06F4D
:0434C10000000713ED
:0434C20000000513EE
:0434C300899FF06F7E
:0434C40001C1278398
:0434C5000201258358
:0434C6000000099366
:0434C70040FC0C3386
:0434C8000007861360
:0434C900000C0513DB
:0434CA00DBCFA0EFC5
:0434CB00001D478316
:0434CC0000A0061343
:0434CD000000069362
:0434CE0000F037B320
:0434CF0000090513D8
:0434D000000D8593D3
:0434D10000FD0D33BA
:0434D2007A8000EF0D
:0434D300EE9FF06F09
:0434D40004010613D6
:0434D50000048593D7
:0434D6000009851351
:0434D700E3CF90EFC0
:0434D800A4051C63C8
:0434D90004012223A5
:0434DA00A50FF06FDB
:0434DB000060031377
:0434DC00F81FF06F76
:0434DD000008A70339
:0434DE000048889387
:0434DF0001A710230E
:0434E000F65FE06F44
:0434E1000187191333
:0434E20041895913B0
:0434E30041F95D93BB
:0434E400000D86133E
:0434E500DB0FF06F9A
:0434E6000FF7791350
:0434E70000000D9341
:0434E800E04FF06F52
:0434E9000FF777134F
:0434EA0000000513C6
:0434EB00EB4FF06F44
:0434EC000FF777134C
:0434ED0000000513C3
:0434EE00D91FF06F83
:0434EF0003000713BC
:0434F000E58FF06F05
:0434F1000584A503A6
:0434F200925F50EFA6
:0434F300948FF06F53
:0434F40000900793AA
:0434F500E727E0E302
:0434F600EADFF06FAA
:0434F7000644A7835D
:0434F8000017F7932F
:0434F90000079C63C9
:0434FA0000C4D783B0
:0434FB002007F7931C
:0434FC0000079663CC
:0434FD000584A5039A
:0434FE008F5F50EF9D
:0434FF00FFF00B933C
:043500009ECFF06FFB
:043501000008AC838F
:043502000048889362
:04350300000CD46381
:04350400FFF00C9335
:04350500001BC603DE
:0435060000050B931E
:04350700F4DFE06F9E
:043508000006069320
:043509000005861320
:04350A000005059320
:04350B008201A50391
:04350C00DADFE06FB3
:04350D00B7010113EE
:04350E0000C59783DA
:04350F0000E5D703F9
:0435100048812423A7
:04351100000584131A
:04351200000105B7F8
:04351300FFD58593C8
:043514000644230343
:0435150001C4288342
:043516000244280340
:04351700010717137E
:0435180000B7F7B34E
:0435190000E7E7B32D
:04351A0040000593D5
:04351B0049212023FF
:04351C0000F12A236D
:04351D000005091389
:04351E000701079307
:04351F000601051389
:043520004811262305
:043521004891222388
:0435220047312E23DC
:043523000006049307
:043524000006899381
:0435250006612623F2
:043526000311222348
:043527000301262353
:0435280000F1242367
:0435290000F12C235E
:04352A0000B12823A1
:04352B0000B12E239A
:04352C000201202355
:04352D00811F50EFBB
:04352E0000048613FC
:04352F000009869376
:04353000008105937E
:043531000009051375
:04353200D15FE0EF96
:0435330000050493F8
:0435340004055263D5
:043535000141578376
:043536000407F793FC
:04353700000788639E
:0435380000C45783F1
:043539000407E79309
:04353A0000F4162360
:04353B00060125035D
:04353C00FDCF50EF80
:04353D0048C12083DE
:04353E004881240399
:04353F004801290313
:0435400047C12983D3
:0435410000048513EA
:043542004841248355
:043543004901011326
:04354400000080679C
:043545000081059369
:043546000009051360
:04354700891F90EF59
:04354800FA050AE393
:04354900FFF00493F8
:04354A00FADFF06F45
:04354B008201A50351
:04354C000000806794
:04354D00FF01011366
:04354E000060051301
:04354F00001126231E
:043550002A8000EFDE
:04355100001005134E
:0435520006C070EF50
:043553001185278334
:043554000007866383
:04355500000005135A
:04355600000080678A
:04355700FF0101135C
:0435580008000593CF
:0435590000812423A6
:04355A000011262313
:04355B000005041350
:04355C00998F60EFF4
:04355D0010A42C2367
:04355E0002050463FB
:04355F0008050793C1
:04356000000520231F
:043561000045051309
:04356200FEF51CE373
:04356300000005134C
:0435640000C12083FF
:0435650000812403BA
:04356600010101134B
:043567000000806779
:04356800FFF0051358
:04356900FEDFF06F22
:04356A00FE0101134A
:04356B0000912A237E
:04356C0000112E23F9
:04356D0001F00793CF
:04356E0000050493BD
:04356F0002B7EC6350
:043570001185278317
:0435710000812C2386
:0435720000058413B9
:0435730002078C635C
:043574000024141308
:04357500008787B391
:0435760001812403A8
:043577000007A503A1
:0435780000C7A023C5
:0435790001C12083E9
:04357A000141248364
:04357B000201011335
:04357C000000806764
:04357D00016007934F
:04357E0000F5202311
:04357F00FFF0051341
:04358000FE5FF06F8B
:0435810008000593A6
:0435820000C126233B
:043583008FCF60EF97
:0435840010A4AC23C0
:0435850000C1260358
:0435860000050793A2
:043587000005071321
:043588000805069399
:0435890000050A63CC
:04358A0000072023F3
:04358B0000470713DB
:04358C00FED71CE367
:04358D00F9DFF06F03
:04358E000181240390
:04358F00FFF0051331
:04359000FA5FF06F7F
:04359100FF01011322
:04359200009122235F
:0435930000112623DA
:0435940001F00793A8
:043595000005049396
:043596000AB7E0632D
:0435970011852783F0
:043598000081242367
:043599000005841392
:04359A00040784633B
:04359B00002597135D
:04359C0000E787B30A
:04359D000007A70379
:04359E0002070C63B1
:04359F00001006937F
:0435A00000D70C63E1
:0435A100FFF006939E
:0435A20004D70863DF
:0435A3000007A0235A
:0435A4000005851386
:0435A500000700E734
:0435A6000081240379
:0435A7000000051308
:0435A80000C12083BB
:0435A9000041248336
:0435AA000101011307
:0435AB000000806735
:0435AC00000485137F
:0435AD00438000EF68
:0435AE0000040613FC
:0435AF000081240370
:0435B00000C12083B3
:0435B1000005059379
:0435B2000004851379
:0435B300004124832C
:0435B40001010113FD
:0435B5003B80006FE8
:0435B6000081240369
:0435B70000C12083AC
:0435B8000160079314
:0435B90000F52023D6
:0435BA000041248325
:0435BB0000100513E4
:0435BC0001010113F5
:0435BD000000806723
:0435BE00016007930E
:0435BF0000F52023D0
:0435C000FFF0051300
:0435C100F9DFF06FCF
:0435C20001F007937A
:0435C3000CB7EA63F4
:0435C40011852783C3
:0435C500FF010113EE
:0435C6000081242339
:0435C700009122232A
:0435C80000112623A5
:0435C9000005841362
:0435CA000005049361
:0435CB00080780630A
:0435CC0000241713AD
:0435CD0000E787B3D9
:0435CE000007A70348
:0435CF0002070C6380
:0435D000FFF006936F
:0435D10006D70063B6
:0435D200001006934C
:0435D30004D70063B6
:0435D40000040513D7
:0435D5000007A02328
:0435D600000700E703
:0435D70000000513D8
:0435D80000C120838B
:0435D9000081240346
:0435DA000041248305
:0435DB0001010113D6
:0435DC000000806704
:0435DD0000C1208386
:0435DE000081240341
:0435DF000041248300
:0435E00000100513BF
:0435E10001010113D0
:0435E20000008067FE
:0435E30000C1208380
:0435E400008124033B
:0435E50000412483FA
:0435E6000030051399
:0435E70001010113CA
:0435E80000008067F8
:0435E90000200513A6
:0435EA00FB9FF06FE4
:0435EB00080005933C
:0435EC00F59F50EF08
:0435ED0010A4AC2357
:0435EE00000507933A
:0435EF0000050E6362
:0435F00000050713B8
:0435F1000805069330
:0435F200000720238B
:0435F3000047071373
:0435F400FED71CE3FF
:0435F500F5DFF06F9F
:0435F600FFF00513CA
:0435F700F85FF06F1A
:0435F800FFF00513C8
:0435F90000008067E7
:0435FA00FF010113B9
:0435FB0000912223F6
:0435FC000011262371
:0435FD0001F007933F
:0435FE008201A4831F
:0435FF0008A7EE63C8
:043600001184A78307
:0436010000812423FD
:0436020000050413A8
:0436030004078263D3
:043604000025171373
:0436050000E787B3A0
:043606000007A7030F
:0436070002070A6349
:043608000010069315
:0436090000D70A6379
:04360A00FFF0069334
:04360B0004D7066377
:04360C000007A023F0
:04360D00000700E7CB
:04360E000081240310
:04360F00000005139F
:0436100000C1208352
:0436110000412483CD
:04361200010101139E
:0436130000008067CC
:043614000004851316
:04361500298000EF19
:043616000004061393
:043617000081240307
:0436180000C120834A
:043619000005059310
:04361A000004851310
:04361B0000412483C3
:04361C000101011394
:04361D002180006F99
:04361E000081240300
:04361F0000C1208343
:0436200001600793AB
:0436210000F4A023EE
:04362200001005137C
:0436230000412483BB
:04362400010101138C
:0436250000008067BA
:0436260001600793A5
:0436270000F4A023E8
:04362800FFF0051397
:04362900F9DFF06F66
:04362A00FF01011388
:04362B000121202336
:04362C000011262340
:04362D0001F007930E
:04362E008201A90369
:04362F0004A7E263A7
:0436300000812423CE
:043631000005041379
:0436320011892503D2
:0436330000912223BD
:043634000005849376
:0436350002050E6319
:043636000024141345
:04363700008507B350
:043638000007A503DF
:0436390000812403E5
:04363A000097A02332
:04363B0000412483A3
:04363C0000C1208326
:04363D00000129035C
:04363E000101011372
:04363F0000008067A0
:04364000016007938B
:0436410000F9202349
:04364200FFF005137D
:04364300FE5FF06FC7
:0436440008000593E2
:043645000009051360
:04364600DF1F50EF43
:0436470010A92C2377
:0436480000050793DF
:043649000805071356
:04364A0000050A630A
:04364B000007A023B1
:04364C000047879319
:04364D00FEF71CE385
:04364E00FA1FF06F00
:04364F0000812403CF
:04365000004124838E
:04365100FFF005136E
:04365200FA9FF06F7C
:04365300FF0101135F
:0436540000812423AA
:043655008201A40347
:043656001184278331
:043657000011262315
:0436580000078C6378
:043659000000051355
:04365A0000C1208308
:04365B0000812403C3
:04365C000101011354
:04365D000000806782
:04365E0008000593C8
:04365F00000405134B
:04366000D89F50EFB0
:0436610010A42C2362
:0436620000050C63F0
:0436630008050793BC
:04366400000520231A
:043665000045051304
:04366600FEF51CE36E
:04366700FC9FF06F65
:04366800FFF0051357
:04366900FC5FF06FA3
:04366A00FF01011348
:04366B000091222385
:04366C000011262300
:04366D0001F00793CE
:04366E008201A483AE
:04366F000CA7E4635D
:043670001184A78397
:04367100008124238D
:043672000005041338
:04367300080782635F
:043674000024171304
:0436750000E787B330
:043676000007A7039F
:0436770002070C63D7
:04367800FFF00693C6
:0436790006D700630D
:04367A0000100693A3
:04367B0004D700630D
:04367C00000405132E
:04367D000007A0237F
:04367E00000700E75A
:04367F00008124039F
:04368000000005132E
:0436810000C12083E1
:04368200004124835C
:04368300010101132D
:04368400000080675B
:043685000081240399
:0436860000C12083DC
:043687000041248357
:043688000010051316
:043689000101011327
:04368A000000806755
:04368B000081240393
:04368C0000C12083D6
:04368D000041248351
:04368E0000300513F0
:04368F000101011321
:04369000000080674F
:04369100008124038D
:0436920000200513FC
:04369300FB9FF06F3A
:043694000800059392
:043695000004851395
:04369600CB1F50EF07
:0436970010A4AC23AC
:04369800000507938F
:0436990000050E63B7
:04369A00000507130D
:04369B000805069385
:04369C0000072023E0
:04369D0000470713C8
:04369E00FEE69CE3C5
:04369F00F55FF06F74
:0436A000008124037E
:0436A100FFF005131E
:0436A200F7DFF06FEF
:0436A300FF0101130F
:0436A4000005871383
:0436A5000081242359
:0436A6000006059382
:0436A7000005041303
:0436A80000070513FF
:0436A9000000B797CF
:0436AA007407A823D6
:0436AB0000112623C1
:0436AC005ED060EF9D
:0436AD00FFF0079390
:0436AE0000F50A63B6
:0436AF0000C12083B3
:0436B000008124036E
:0436B10001010113FF
:0436B200000080672D
:0436B3000000B797C5
:0436B4007287A783EF
:0436B500FE0784E3A5
:0436B60000C12083AC
:0436B70000F42023D8
:0436B8000081240366
:0436B90001010113F7
:0436BA000000806725
:0436BB0040D0606F2C
:0436BC00FD010113F8
:0436BD0001312E2386
:0436BE0002112623AC
:0436BF00016128235A
:0436C0000005099365
:0436C10016069663F0
:0436C200029122232C
:0436C30001512A2364
:0436C4000281242338
:0436C500032120239A
:0436C60001412C236F
:0436C70000060A935C
:0436C8000005049362
:0436C9001CC5F063C9
:0436CA00000107B73D
:0436CB00000589135A
:0436CC002AF66E6309
:0436CD00010007B73A
:0436CE00018007135D
:0436CF0000F674632A
:0436D00001000713DB
:0436D100000167B7D6
:0436D20000E656B305
:0436D300EA078793E8
:0436D40000D787B3E1
:0436D5000007C783A0
:0436D6000200069355
:0436D70000E787B3CE
:0436D80040F68733FE
:0436D90000F68C6308
:0436DA0000E599333B
:0436DB0000F9D7B368
:0436DC0000E61AB337
:0436DD000127E933A5
:0436DE0000E994B3B8
:0436DF00010ADA13EF
:0436E000000A059344
:0436E10000090513C4
:0436E200010A9B132B
:0436E3007D0060EF17
:0436E400010B5B1368
:0436E5000005059344
:0436E60000050413C4
:0436E700000B0513BC
:0436E800790060EF16
:0436E900000507933E
:0436EA00000A05933A
:0436EB0000090513BA
:0436EC000007891337
:0436ED007F0060EF0B
:0436EE0001051513AA
:0436EF000104D79368
:0436F00000A7E7B395
:0436F1000127FC634E
:0436F20000FA87B3A0
:0436F300FFF40713C6
:0436F4000157E46333
:0436F5005927E86306
:0436F60000070413B2
:0436F70041278933AB
:0436F800000A05932C
:0436F90000090513AC
:0436FA00774060EFC6
:0436FB00000505932E
:0436FC000005099329
:0436FD00000B0513A6
:0436FE00738060EF86
:0436FF000005079328
:04370000000A059323
:0437010000090513A3
:043702000104949397
:04370300000789131F
:04370400794060EFB9
:043705000105151392
:043706000104D49353
:0437070000A4E4B383
:043708000124FC6339
:04370900009A84B3EB
:04370A00FFF98793A9
:04370B002F54EC63E8
:04370C00FFE98993B5
:04370D002F24F8630A
:04370E00010414138B
:04370F0001346533E9
:0437100000000B1397
:04371100028124030A
:0437120002C120834D
:0437130002412483C8
:043714000201290382
:0437150001812A0301
:0437160001412A83C0
:0437170001C1298340
:04371800000B05930A
:0437190001012B037C
:04371A000301011393
:04371B0000008067C3
:04371C0002D5F2637D
:04371D0000000B138A
:04371E00000005138F
:04371F0002C1208340
:0437200001C1298337
:04372100000B059301
:0437220001012B0373
:04372300030101138A
:0437240000008067BA
:04372500000107B7E1
:0437260026F6EE6332
:04372700010007B7DF
:043728000180051304
:0437290000F6F4634F
:04372A000100051382
:04372B00000167B77B
:04372C0000A6D733E9
:04372D00EA0787938D
:04372E0000E787B376
:04372F000007C703C5
:0437300002000793F9
:0437310000A70733B3
:0437320040E78B33AE
:0437330026E7906392
:0437340044B6EE6346
:0437350000C9B533DF
:043736000015351332
:0437370000000B1370
:04373800F9DFF06F56
:0437390010060C6307
:04373A00000107B7CC
:04373B0042F6766379
:04373C001006371329
:04373D000017371327
:04373E000037171326
:04373F0000E656B397
:04374000000167B766
:04374100EA07879379
:0437420000D787B372
:043743000007C403B4
:0437440002000793E5
:0437450000E4043365
:0437460040878733FE
:0437470010879463F0
:0437480001061993CA
:0437490040C58433C0
:04374A000106591308
:04374B000109D99304
:04374C0000100B134B
:04374D0000090593D7
:04374E00000405135B
:04374F00620060EFC5
:043750000009859354
:0437510000050A1352
:043752005E8060EF46
:0437530000050793D3
:0437540000090593D0
:043755000004051354
:0437560000078413D1
:04375700648060EF3B
:04375800010515133F
:043759000104D7137D
:04375A0000A767332A
:04375B0000877C6304
:04375C0000EA8733C5
:04375D00FFFA0793D5
:04375E000157646348
:04375F003C876E63D2
:0437600000078A13C1
:043761004087043366
:0437620000090593C2
:043763000004051346
:043764005CC060EFF6
:04376500000985933F
:0437660000050993BE
:04376700594060EF76
:0437680000050793BE
:0437690000090593BB
:04376A00000405133F
:04376B00010494932E
:04376C0000078413BB
:04376D005F0060EFAA
:04376E000105151329
:04376F000104D493EA
:0437700000A4E4B31A
:043771000084FE636F
:04377200009A84B382
:04377300FFF9879340
:043774000154E663B3
:04377500FFE989934C
:043776000084E46384
:04377700000789932B
:04377800010A179398
:043779000137E533FC
:04377A00E5DFF06F28
:04377B0010063713EA
:04377C0000173713E8
:04377D0000371713E7
:04377E00D4DFF06F35
:04377F00000167B727
:0437800000000693AC
:04378100EA07879339
:0437820000D787B332
:043783000007C40374
:043784000000071327
:0437850002000793A4
:0437860000E4043324
:0437870040878733BD
:04378800F08780E363
:0437890000E61AB389
:04378A000171262380
:04378B00010AD91343
:04378C000085DBB326
:04378D0000E597B309
:04378E0000E994B307
:04378F000089D433A6
:043790000009059394
:04379100000B851391
:04379200010A9993FC
:0437930000F46433A7
:043794000109D993BB
:04379500508060EF11
:043796000005059392
:0437970000050B130B
:04379800000985138C
:043799004CC060EFD1
:04379A0000050A1309
:04379B000009059389
:04379C00000B851386
:04379D00530060EF86
:04379E0001051513F9
:04379F000104579337
:0437A00000A7E7B3E4
:0437A1000147FE637B
:0437A20000FA87B3EF
:0437A300FFFB07130E
:0437A4002B57EC6350
:0437A5002B47FA6351
:0437A600FFEB0B1317
:0437A700015787B38C
:0437A80041478A33D8
:0437A900000905937B
:0437AA00000A0513F9
:0437AB004B0060EF80
:0437AC00000505937C
:0437AD0000050B9375
:0437AE000009851376
:0437AF00474060EF40
:0437B0000005079376
:0437B1000009059373
:0437B200000A0513F1
:0437B30001041413E6
:0437B40000078A136D
:0437B5004D0060EF74
:0437B60001051513E1
:0437B70001045413A2
:0437B80000A46433D2
:0437B90001447E63E6
:0437BA00008A8433CA
:0437BB00FFFB8793F6
:0437BC0025546463C9
:0437BD0025447263CA
:0437BE00FFEB8B93FF
:0437BF00015404337A
:0437C000010B1B13CB
:0437C100017B6B33EA
:0437C2004144043347
:0437C30000C12B8393
:0437C400E25FF06F61
:0437C5001006B51322
:0437C60000153513A2
:0437C70000351513A1
:0437C800D8DFF06FE7
:0437C90000078993D9
:0437CA00D11FF06FAC
:0437CB00016696B34A
:0437CC000191222322
:0437CD0000E65CB303
:0437CE0000DCECB37C
:0437CF0001512A2357
:0437D000017126233A
:0437D100010CDA937A
:0437D20000E5DBB380
:0437D300016597B342
:0437D40000E9D733FE
:0437D5000181242327
:0437D600000A8593CD
:0437D700000B85134B
:0437D800010C9C1331
:0437D9000281242322
:0437DA000291222313
:0437DB000321202383
:0437DC0000F764B3DB
:0437DD000166193335
:0437DE0001412C2356
:0437DF00010C5C136A
:0437E0003DC060EF99
:0437E1000005059347
:0437E20000050413C7
:0437E300000C0513BE
:0437E4003A0060EF58
:0437E50000050A13BE
:0437E600000A8593BD
:0437E700000B85133B
:0437E800404060EF0E
:0437E90001051513AE
:0437EA000104D7936C
:0437EB0000A7E7B399
:0437EC000147FE6330
:0437ED0000FC87B3A2
:0437EE00FFF40713CA
:0437EF001997EA63D9
:0437F0001947F8631A
:0437F100FFE40413DA
:0437F200019787B301
:0437F30041478A338D
:0437F400000A8593AF
:0437F500000A0513AE
:0437F600384060EF08
:0437F7000005059331
:0437F80000050B932A
:0437F900000C0513A8
:0437FA00348060EFC8
:0437FB00000507932B
:0437FC00000A8593A7
:0437FD00000A0513A6
:0437FE0000078A1323
:0437FF003A8060EFBD
:043800000104971315
:043801000105151395
:043802000107571350
:0438030000A7673380
:0438040001477E6397
:0438050000EC873319
:04380600FFFB8793AA
:04380700139762634E
:04380800134770638F
:04380900FFEB8B93B3
:04380A0001970733E8
:04380B0000010E3773
:04380C00010414138C
:04380D0001746433AB
:04380E00FFFE07931F
:04380F0000F4783316
:0438100000F977B391
:0438110041470733F1
:0438120001045E93BC
:04381300010959133B
:043814000008051390
:043815000007859390
:043816002D8060EFB2
:043817000005031392
:04381800000905930B
:04381900000805138B
:04381A002C8060EFAF
:04381B000005081389
:04381C000007859389
:04381D00000E851301
:04381E002B8060EFAC
:04381F000005089305
:043820000009059303
:04382100000E8513FD
:043822002A8060EFA9
:0438230001035793B3
:04382400011808334C
:04382500010787B35D
:043826000117F4632F
:0438270001C505339F
:043828000107D6932B
:0438290000A686B3BC
:04382A0006D76463F6
:04382B0004D7026359
:04382C00000405137C
:04382D0002812403ED
:04382E0002C1208330
:04382F0000000B1377
:0438300002412483AA
:043831000201290364
:0438320001812A03E3
:0438330001412A83A2
:0438340000C12B8321
:0438350000812C03DF
:0438360000412C839E
:0438370001C129831F
:04383800000B0593E9
:0438390001012B035B
:04383A000301011372
:04383B0000008067A2
:04383C000001073749
:04383D00FFF7071377
:04383E0000E7F7B3F5
:04383F000107979353
:0438400000E37333FB
:043841000169953351
:04384200006787B3E1
:04384300FAF572E33D
:04384400FFF4051375
:04384500FA1FF06F07
:04384600010007B7BF
:0438470004F67A63A6
:04384800010656938C
:043849000100071360
:04384A00BD9FF06FBF
:04384B0000000B135B
:04384C000010051350
:04384D00B49FF06FC5
:04384E0000078B9351
:04384F00DC5FF06FDB
:0438500000078B934F
:04385100EE9FF06F87
:0438520000070B134D
:04385300D55FF06FDE
:043854000007041352
:04385500E79FF06F8A
:04385600FFEA0A1368
:0438570001570733DB
:04385800C25FF06FEC
:04385900FFE4041371
:04385A00015787B3D8
:04385B00A71FF06F44
:04385C0001865693F8
:04385D0001800713CC
:04385E00B89FF06FB0
:04385F00FD01011353
:043860000211262308
:0438610000050793C4
:04386200140696634F
:0438630003212023FA
:0438640001412C23CF
:043865000281242395
:043866000291222386
:0438670001312E23DA
:0438680001512A23BD
:0438690000060A1338
:04386A000005091339
:04386B001AC5F66321
:04386C000001073719
:04386D0000058413BB
:04386E0026E66A637D
:04386F000100073716
:04387000018006933A
:0438710000E6746396
:0438720001000693B8
:0438730000016737B2
:0438740000D65533F2
:04387500EA07071344
:0438760000A707336D
:0438770000074703FC
:043878000200051332
:0438790000D707333A
:04387A0040E504B36E
:04387B0000E50C63F5
:04387C0000959433EC
:04387D0000E7D73356
:04387E0000961A3363
:04387F000087643327
:0438800000979933E1
:04388100010A59934C
:043882000009859321
:043883000004051325
:04388400010A1A9388
:04388500148060EF5C
:04388600010ADA93C6
:04388700000A85931B
:04388800110060EFDC
:04388900000507939C
:04388A000009859319
:04388B00000405131D
:04388C00000784139A
:04388D00170060EFD1
:04388E000105151308
:04388F000109579341
:0438900000A7E7B3F3
:043891000087F86351
:0438920000FA07B37E
:043893000147E463A2
:043894005287E8630C
:0438950040878433B1
:04389600000985930D
:043897000004051311
:043898000FC060EF0E
:04389900000A859309
:04389A000C8060EF4F
:04389B00000507938A
:04389C000009859307
:04389D00000405130B
:04389E000007841388
:04389F00128060EF44
:0438A0000109179370
:0438A10001051513F5
:0438A2000107D793B0
:0438A30000A7E7B3E0
:0438A4000087FA633C
:0438A50000FA07B36B
:0438A6000147E6638D
:0438A7000087F4633F
:0438A800014787B39A
:0438A900408787B31A
:0438AA000097D5337B
:0438AB00028124036F
:0438AC00024124832E
:0438AD0002012903E8
:0438AE0001C12983A8
:0438AF0001812A0366
:0438B00001412A8325
:0438B100000005937B
:0438B20002C12083AC
:0438B30003010113F9
:0438B4000000806729
:0438B500000508936F
:0438B600FED5E8E370
:0438B7000291222335
:0438B80001312E2389
:0438B90000010737CC
:0438BA00000588136A
:0438BB0024E6E463B8
:0438BC0001000737C9
:0438BD00018005136E
:0438BE0000E6F463C9
:0438BF0001000513EC
:0438C0000001673765
:0438C10000A6D33357
:0438C200EA070713F7
:0438C3000067073360
:0438C4000007448332
:0438C50002000713E3
:0438C60000A484B323
:0438C700409709B36A
:0438C80022971263CE
:0438C90000B6E463FE
:0438CA0000C7EA63E6
:0438CB0040C788B3B7
:0438CC0040D586B3AA
:0438CD000117B833F4
:0438CE0041068833F4
:0438CF0002C120838F
:0438D000024124830A
:0438D10001C1298385
:0438D2000008851352
:0438D3000008059351
:0438D40003010113D8
:0438D5000000806708
:0438D6000E06026375
:0438D70000010737AE
:0438D8003EE67E63E7
:0438D900100636930C
:0438DA000016B6938B
:0438DB00003696938A
:0438DC0000D655338A
:0438DD000001673748
:0438DE00EA070713DB
:0438DF0000A7073304
:0438E0000007498311
:0438E10002000713C7
:0438E20000D989B3CD
:0438E300413704B3B2
:0438E4000D371A631F
:0438E50001061413B1
:0438E60040C589B39D
:0438E70001065A93E9
:0438E8000104541370
:0438E900000A8593B9
:0438EA000009851339
:0438EB007B1050EF0F
:0438EC00000405933C
:0438ED0077D050EF51
:0438EE000005079337
:0438EF00000A8593B3
:0438F0000009851333
:0438F10000078993B0
:0438F2007DD050EF46
:0438F30001051513A3
:0438F40001095793DC
:0438F50000A7E7B38E
:0438F6000137FA6339
:0438F70000FA07B319
:0438F8000147E6633B
:0438F9000137F4633C
:0438FA00014787B348
:0438FB00413789B315
:0438FC00000A8593A6
:0438FD000009851326
:0438FE00765050EFC1
:0438FF000004059329
:04390000731050EF01
:0439010000050413A6
:04390200000A85939F
:04390300000985131F
:04390400795050EFB7
:043905000109191388
:04390600010517930D
:043907000109591346
:0439080000F967B3A8
:04390900E887F0E378
:04390A00E6DFF06F95
:04390B0010063693D9
:04390C000016B69358
:04390D000036969357
:04390E00D95FF06F1E
:04390F000001673715
:04391000000005139B
:04391100EA070713A7
:0439120000A70733D0
:0439130000074983DD
:043914000000069316
:043915000200071392
:0439160000D989B398
:04391700413704B37D
:04391800F3370AE394
:0439190000961A33C7
:04391A0001712623EE
:04391B00010A5A93B0
:04391C000135DBB3E3
:04391D000095973347
:04391E000137D9B3E1
:04391F00000A859382
:04392000000B851300
:04392100010A141370
:0439220000E9E9B31C
:04392300009799333D
:0439240001612823F2
:043925000104541332
:043926006C5050EFA2
:043927000004059300
:04392800691050EFE3
:0439290000050B1377
:04392A00000A859377
:04392B00000B8513F5
:04392C006F5050EF99
:04392D000105151368
:04392E000109D79321
:04392F0000A7E7B353
:043930000167FA63CE
:0439310000FA07B3DE
:043932000147E66300
:043933000167F463D1
:04393400014787B30D
:0439350041678B3328
:04393600000A85936B
:04393700000B051369
:0439380067D050EF15
:0439390000040593EE
:04393A00649050EF56
:04393B0000050793E9
:04393C00000A859365
:04393D00000B051363
:04393E00010999934F
:04393F0000078B13DF
:043940006A5050EF8A
:043941000105151354
:043942000109D9930B
:0439430000A9E9B33B
:043944000169FA63B8
:04394500013A09B387
:043946000149E663EA
:043947000169F463BB
:04394800014989B3F5
:04394900416989B394
:04394A0000C12B830A
:04394B0001012B0348
:04394C00E75FF06FD2
:04394D001006B51398
:04394E000015351318
:04394F000035151317
:04395000DC1FF06F19
:0439510001512A23D3
:04395200013696B3F1
:0439530000965AB3CD
:0439540000DAEAB3F8
:0439550001712623B3
:0439560001A1202388
:04395700010ADB93F3
:043958000095DD33C6
:04395900013597336A
:04395A000097D6B349
:04395B000191222391
:04395C00000B859344
:04395D00000D051341
:04395E00010A9C932B
:04395F00028124239A
:0439600003212023FC
:0439610001361433E4
:04396200013799335D
:0439630001412C23CF
:0439640001612823B2
:0439650000E6EA335B
:043966000181242394
:04396700010CDC93E0
:043968005BD050EFF1
:0439690000050593BD
:04396A0000050B1336
:04396B00000C8513B4
:04396C00581050EFB0
:04396D0000050C1332
:04396E00000B859332
:04396F00000D05132F
:043970005E5050EF66
:043971000105151324
:04397200010A57935C
:0439730000A7E7B30F
:043974000187FE6366
:0439750000FA87B31A
:04397600FFFB071339
:043977001957EE638B
:043978001987FC634C
:04397900FFEB0B1342
:04397A00015787B3B7
:04397B0041878C33C1
:04397C00000B859324
:04397D00000C051322
:04397E00565050EF60
:04397F0000050593A7
:0439800000050D131E
:04398100000C85139E
:04398200529050EF20
:0439830000050793A1
:04398400000B85931C
:04398500000C05131A
:0439860000078B9318
:04398700589050EF15
:04398800010A159388
:04398900010515130C
:04398A000105D593CB
:04398B0000A5E5B3FB
:04398C000175FE6360
:04398D0000BA85B344
:04398E00FFFD07939F
:04398F001355EA637F
:043990001375F86350
:04399100FFED0D1326
:04399200015585B3A3
:04399300010B17937A
:0439940000010E37E9
:0439950001A7E7B3EC
:04399600FFFE03131A
:043997000067F8B31A
:043998000064733321
:0439990041758733BA
:04399A000107D793B7
:04399B0001045E9332
:04399C000008851387
:04399D00000305938B
:04399E004B9050EF0B
:04399F000005081304
:0439A000000E8593FD
:0439A1000008851382
:0439A2004A9050EF08
:0439A3000005089380
:0439A4000003059384
:0439A500000785137F
:0439A600499050EF05
:0439A7000005031301
:0439A800000E8593F5
:0439A900000785137B
:0439AA00489050EF02
:0439AB000108579325
:0439AC00006888B374
:0439AD00011787B3C4
:0439AE000067F46357
:0439AF0001C5053316
:0439B00000010637D5
:0439B100FFF6061304
:0439B2000107D693A0
:0439B30000C7F7B39F
:0439B40001079793DD
:0439B50000C878339B
:0439B60000A686B32E
:0439B700010787B3CA
:0439B80006D7626369
:0439B90004D70E63BE
:0439BA0040F907B316
:0439BB0000F93933A3
:0439BC00028124035D
:0439BD0002C12083A0
:0439BE0040D705B336
:0439BF00412585B366
:0439C000009594B327
:0439C1000137D7B340
:0439C20002012903D2
:0439C30001812A0351
:0439C40001412A8310
:0439C50001012B03CE
:0439C60000C12B838E
:0439C70000812C034C
:0439C80000412C830B
:0439C90000012D03C9
:0439CA0000F4E533ED
:0439CB000135D5B33A
:0439CC00024124830D
:0439CD0001C1298388
:0439CE0003010113DD
:0439CF00000080670D
:0439D000FAF974E3A9
:0439D1004087863372
:0439D20000C7B7B3C0
:0439D30001578AB35B
:0439D400415686B31F
:0439D500000607934E
:0439D600F91FF06F76
:0439D70001000737AD
:0439D80002E674632C
:0439D900010655137B
:0439DA00010006934F
:0439DB00C09FF06F2A
:0439DC0000078D1340
:0439DD00ED9FF06FFB
:0439DE0000070B13C0
:0439DF00E71FF06F7F
:0439E000014787B361
:0439E100AD1FF06FB7
:0439E20001865513F2
:0439E30001800693C6
:0439E400BE5FF06F63
:0439E500001007B710
:0439E600FE010113CA
:0439E700FFF78E93C5
:0439E80000BEF833F2
:0439E90000DEF7B352
:0439EA000146D313AC
:0439EB00012128236B
:0439EC000145D913A5
:0439ED000037979375
:0439EE0000812C2305
:0439EF000038181371
:0439F00001F5D413F6
:0439F10001D5571392
:0439F20001D658930F
:0439F3007FF97913CC
:0439F4007FF37313D7
:0439F50000112E236C
:0439F60000912A23EF
:0439F7000131262351
:0439F80001F6D6936B
:0439F90000F8E8B337
:0439FA000107673327
:0439FB0000351593EB
:0439FC0000361F135F
:0439FD00406907B363
:0439FE001ED404636C
:0439FF0016F0526309
:043A0000280306632E
:043A01007FF00693B9
:043A020042D906633C
:043A030003800693A3
:043A04000010061395
:043A050002F6CE6394
:043A0600008006B77F
:043A070000D8E8B348
:043A080001F0069330
:043A090052F6CE6340
:043A0A00020006931D
:043A0B0040F686B348
:043A0C0000D8963315
:043A0D0000FF55332E
:043A0E0000DF16B30C
:043A0F0000A6663374
:043A100000D036B3F9
:043A110000F8D8B32E
:043A120000D6663341
:043A1300411707331D
:043A140040C58633F0
:043A150000C5B5B380
:043A1600000604930F
:043A170040B709B3F8
:043A180000899793F7
:043A19003207DA6333
:043A1A00008007B76A
:043A1B00FFF7879397
:043A1C0000F9F9B301
:043A1D002C09886385
:043A1E000009851303
:043A1F0038D050EF5C
:043A2000FF85079384
:043A21000200069306
:043A220040F68733B0
:043A230000E4D733B1
:043A240000F999B359
:043A250001376733CB
:043A260000F494B361
:043A27004B27C863FE
:043A2800412787B3F8
:043A29000017879368
:043A2A0040F686B329
:043A2B0000D49633FA
:043A2C0000F4D9B316
:043A2D0000C036336C
:043A2E0001366633C4
:043A2F0000D716B3F3
:043A300000C6E4B335
:043A310000F759B38E
:043A32000000091374
:043A33000074F79391
:043A340002078063A2
:043A350000F4F7930F
:043A36000040071332
:043A370000E78A63B7
:043A3800004487932C
:043A39000097B63309
:043A3A0000C989B383
:043A3B000007849369
:043A3C0000899793D3
:043A3D006E07DA63D3
:043A3E0000190793D1
:043A3F007FF00713FA
:043A400000040E135D
:043A41002AE7866387
:043A4200FF800737C3
:043A4300FFF707136F
:043A440000E9F7336B
:043A45007FF7F7937D
:043A460001D7181379
:043A47000034D6135E
:043A480000971713B9
:043A490000C8683316
:043A4A0000C7571347
:043A4B0001C1208312
:043A4C0001812403CD
:043A4D000147979303
:043A4E0000E7E7B3F3
:043A4F0001FE17134A
:043A500000E7E7B3F1
:043A51000141248388
:043A52000101290342
:043A530000C1298302
:043A5400000805134E
:043A5500000785934E
:043A56000201011355
:043A57000000806784
:043A580014078C6360
:043A5900412307B34B
:043A5A003C091263AE
:043A5B0000B7653318
:043A5C004C050463AE
:043A5D00FFF78513D7
:043A5E00600502639A
:043A5F007FF00813D9
:043A6000570786631B
:043A61000380079344
:043A62000010061337
:043A630002A7CC6387
:043A640000050793BF
:043A650001F0061353
:043A660056F64C6361
:043A67000200051341
:043A680040F50533ED
:043A690000A7163369
:043A6A0000F5D83358
:043A6B0000A59533EA
:043A6C0001066633B6
:043A6D0000A035334D
:043A6E0000F75733D3
:043A6F0000A6663314
:043A700040E888B3EF
:043A710040CF063309
:043A720000CF373317
:043A730000060493B2
:043A740040E889B3EA
:043A7500000309132E
:043A760000068413AF
:043A7700E85FF06FA5
:043A78001EF0506389
:043A790014031063BF
:043A7A0001E8E6B3C6
:043A7B0026068C632C
:043A7C00FFF7869337
:043A7D004806806314
:043A7E007FF00613BC
:043A7F0022C78C636B
:043A80000380079325
:043A81000010099395
:043A820002D7CC6338
:043A8300000687931F
:043A840001F00693B4
:043A85004AF6C063DA
:043A860002000693A1
:043A870040F686B3CC
:043A880000D899B316
:043A890000FF5633B1
:043A8A0000DF16B390
:043A8B0000C9E9B3D2
:043A8C0000D036B37D
:043A8D0000F8D8B3B2
:043A8E0000D9E9B3BF
:043A8F0001170733E1
:043A900000B985B341
:043A91000135B9B38F
:043A92000005849314
:043A930000E989B30A
:043A9400008997937B
:043A95001407D263DD
:043A960000190913F7
:043A97007FF0079322
:043A980036F90C638C
:043A9900FF8007B7EC
:043A9A00FFF7879318
:043A9B000014F6130A
:043A9C0000F9F7B383
:043A9D000014D71327
:043A9E0000C76733C3
:043A9F0001F7961382
:043AA00000E664B325
:043AA1000017D9939E
:043AA200E45FF06F7E
:043AA30001E8E6B39D
:043AA4001C068A630F
:043AA500FFF786930E
:043AA60040068063F3
:043AA7007FF0061393
:043AA80018C78A634E
:043AA90003800793FC
:043AAA0000100613EF
:043AAB00DAD7C2E3C1
:043AAC0000068793F6
:043AAD00D6DFF06F01
:043AAE0000190813E0
:043AAF007FE8781321
:043AB00022081C6369
:043AB10000B76333C4
:043AB20001E8E8330C
:043AB300380910635B
:043AB40046030E6354
:043AB500400806635C
:043AB60041E589B3AA
:043AB7000135B533ED
:043AB8004117063379
:043AB90040A60633EA
:043ABA00008615135A
:043ABB0050055E63F1
:043ABC0040BF05B34F
:043ABD0040E8873323
:043ABE0000BF3F33D3
:043ABF0041E70733A1
:043AC0000087161352
:043AC10000058493E5
:043AC20052065E63E7
:043AC300FF8007B7C2
:043AC400FFF78793EE
:043AC50000F777335C
:043AC60000068E1355
:043AC7000010079351
:043AC800DF9FF06F1D
:043AC9007FF00693F1
:043ACA0010D90663A6
:043ACB0003800693DB
:043ACC00001009934A
:043ACD00F0F6C6E366
:043ACE00008006B7B7
:043ACF0000D8E8B380
:043AD000ED1FF06F87
:043AD1000004851355
:043AD2000C1050EF95
:043AD30001850793CF
:043AD40001F0069364
:043AD500D2F6D8E36A
:043AD600FF8507134E
:043AD70000E497333D
:043AD8002327C66377
:043AD90041278933C5
:043ADA000019079335
:043ADB0048F6D66370
:043ADC00FE190913B3
:043ADD00020006934A
:043ADE00012754B3B5
:043ADF0000D78C631D
:043AE0000400069345
:043AE10040F687B371
:043AE20000F717339F
:043AE30000E0373395
:043AE40000E4E4B363
:043AE50000000913C1
:043AE6000074F793DE
:043AE700D2079CE383
:043AE8000009079337
:043AE9000034D613BC
:043AEA000009871335
:043AEB000C00006F5C
:043AEC007FF00793CD
:043AED0000000713BB
:043AEE0000000813B9
:043AEF00D71FF06F7E
:043AF0000C078A63D2
:043AF100412307B3B3
:043AF2001E09026344
:043AF3007FF00693C7
:043AF40032D308635E
:043AF50003800693B1
:043AF6000010099320
:043AF70002F6CE63A2
:043AF800008006B78D
:043AF90000D7673358
:043AFA0001F006933E
:043AFB003CF6C8636A
:043AFC00020006932B
:043AFD0040F686B356
:043AFE0000D719B321
:043AFF0000F5D633C5
:043B000000D596B3A3
:043B010000C9E9B35B
:043B020000D036B306
:043B030000F757333D
:043B040000D9E9B348
:043B050000E888B399
:043B060001E9873317
:043B0700013739B396
:043B0800000704931B
:043B0900011989B362
:043B0A000003091398
:043B0B00E25FF06F16
:043B0C000208106338
:043B0D000035161356
:043B0E000036561314
:043B0F0001D71813AF
:043B100000C868334E
:043B1100003757130F
:043B1200010767330D
:043B13001807066326
:043B140000000E138C
:043B15007FF00793A3
:043B16000008073765
:043B1700000008138F
:043B1800CCDFF06F9F
:043B1900003516134A
:043B1A000036561308
:043B1B0001D71813A3
:043B1C007FF006939D
:043B1D0000C8683341
:043B1E000037571302
:043B1F00FCD786E366
:043B200000C71713B0
:043B210000C757136F
:043B22007FF7F7939F
:043B230000040E1379
:043B2400C9DFF06F96
:043B250000190693EA
:043B26007FE6F8132B
:043B27001408186303
:043B280000B766B3C9
:043B290028091C63E8
:043B2A00300682637C
:043B2B0001E8E6B314
:043B2C002206886382
:043B2D0001E587B374
:043B2E0000B7B5B374
:043B2F000117073340
:043B300000B70733A0
:043B31000037D8136E
:043B3200008717935E
:043B330000040E1369
:043B34003407DE6311
:043B3500FF8007B74F
:043B3600FFF787937B
:043B370000F77733E9
:043B380001D7179307
:043B390000375713E7
:043B3A000107E83364
:043B3B0001D7773304
:043B3C0000100793DB
:043B3D00C39FF06FC3
:043B3E0041E58833A2
:043B3F000105B7B312
:043B4000411709B36D
:043B410040F989B30B
:043B420000899793CC
:043B430000080493DF
:043B44001007C6633D
:043B450001386833A8
:043B4600B4081EE3BE
:043B470000000E1359
:043B480000000793DF
:043B4900000007135E
:043B4A00C05FF06FF9
:043B4B007FF00513EF
:043B4C001AA30E6347
:043B4D0003800513D9
:043B4E00001006134A
:043B4F00C8F544E38E
:043B500000800637B4
:043B510000C767330F
:043B5200C4DFF06F6D
:043B5300FF8009B72F
:043B5400FFF9899359
:043B550040F90933F7
:043B5600013779B307
:043B5700B71FF06F35
:043B5800FE0786934B
:043B5900020006134D
:043B5A0000D8D6B306
:043B5B0000C78A63B2
:043B5C000400061348
:043B5D0040F607B374
:043B5E0000F897B321
:043B5F0000FF6F33C1
:043B600001E0363317
:043B610000D66633F1
:043B6200AC9FF06FB5
:043B6300FF8006B722
:043B6400FFF686934F
:043B650040F907B369
:043B660000D77733DA
:043B670001D7181357
:043B68000138683385
:043B690000375713B7
:043B6A00ED9FF06F6C
:043B6B0000B766B386
:043B6C001E06866348
:043B6D00FFF7869345
:043B6E000A068E6352
:043B6F007FF00513CB
:043B700014A78063B3
:043B71000380079333
:043B720000100993A3
:043B7300E4D7C6E3EA
:043B7400000687932D
:043B7500E15FF06FAD
:043B760000040E1326
:043B77007FF0079341
:043B7800000007132F
:043B7900000008132D
:043B7A00B45FF06FD5
:043B7B007FF007933D
:043B7C00FEF684E3EA
:043B7D0001E58F339C
:043B7E0000BF35B39C
:043B7F00011707B370
:043B800000B787B350
:043B810001F796139F
:043B8200001F5F13AE
:043B830001E664B340
:043B84000017D993BA
:043B8500000689139A
:043B8600AB5FF06FD2
:043B870040BF063302
:043B880040E887B3D7
:043B890000CF3733FF
:043B8A00000604939A
:043B8B0040E789B3D3
:043B8C000006841398
:043B8D00A41FF06F12
:043B8E0000361613D4
:043B8F000036561393
:043B90000006841394
:043B9100000887138E
:043B9200E25FF06F8F
:043B9300DE0312E358
:043B94001C080663A0
:043B95000038D7130A
:043B960000361613CC
:043B970001D8989326
:043B98000117673377
:043B99000036561389
:043B9A0000C76733C6
:043B9B000006841389
:043B9C00DDDFF06F0A
:043B9D0001E58F337C
:043B9E00011708B350
:043B9F0000BF35B37B
:043BA00000B889B32D
:043BA100008997936D
:043BA200000F049379
:043BA3000E07D463D2
:043BA40000200913E1
:043BA500BD1FF06FE1
:043BA60041E58F3333
:043BA700411708B307
:043BA80001E5B5B3CB
:043BA900000F049372
:043BAA0040B889B3E3
:043BAB0000100913EA
:043BAC009B1FF06FFC
:043BAD00FE078693F6
:043BAE0002000613F8
:043BAF0000D8D6B3B1
:043BB00000C78A635D
:043BB10004000613F3
:043BB20040F607B31F
:043BB30000F897B3CC
:043BB40000FF6F336C
:043BB50001E039B33F
:043BB60000D9E9B396
:043BB700B65FF06F96
:043BB80000351613AB
:043BB90000365993E6
:043BBA00EB5FF06F5E
:043BBB0000361613A7
:043BBC000036561366
:043BBD000006841367
:043BBE000008871361
:043BBF00D41FF06FB0
:043BC00000361613A2
:043BC1000036561361
:043BC200000887135D
:043BC300D31FF06FAD
:043BC400FE07851360
:043BC50002000613E1
:043BC60000A75533CC
:043BC70000C78A6346
:043BC80004000613DC
:043BC90040F607B308
:043BCA0000F717B336
:043BCB0000F5E5B369
:043BCC0000B03633DC
:043BCD0000A66633B5
:043BCE00A8DFF06F0D
:043BCF00FC0682E38B
:043BD00001E8EF33E6
:043BD100D00F16E318
:043BD200CEDFF06FE3
:043BD300DC0808E31F
:043BD400003618138C
:043BD50001D89793E9
:043BD6000038581348
:043BD7000038D713C8
:043BD80000F8683356
:043BD90001D7773366
:043BDA0000068E1340
:043BDB00000007934C
:043BDC009BDFF06F0C
:043BDD00001007933A
:043BDE00C2DFF06FE3
:043BDF0040BF05B32B
:043BE00040E888B37E
:043BE10000BF3733B7
:043BE20000058493C3
:043BE30040E889B37A
:043BE4000006841340
:043BE50000100913B0
:043BE6008C9FF06F51
:043BE700003616137B
:043BE800003656133A
:043BE9000008871336
:043BEA00CC5FF06F4D
:043BEB000036161377
:043BEC0000365993B3
:043BED000008871332
:043BEE00DE5FF06F37
:043BEF00FE078693B4
:043BF00002000613B6
:043BF10000D756B3F0
:043BF20000C78A631B
:043BF30004000613B1
:043BF40040F607B3DD
:043BF50000F717B30B
:043BF60000F5E5B33E
:043BF70000B039B32E
:043BF80000D9E9B354
:043BF900C35FF06F47
:043BFA000034D613AA
:043BFB000009079323
:043BFC000009871322
:043BFD00C79FF06FFF
:043BFE000200069328
:043BFF0040F686B353
:043C000000000613A7
:043C01008B5FF06F76
:043C020000C9E833DA
:043C0300D00808E3FA
:043C04000039D99317
:043C0500000607139B
:043C0600D85FF06F24
:043C070000000E1398
:043C08007FF00793AF
:043C09000008073771
:043C0A00905FF06F68
:043C0B0001D7179333
:043C0C000037571313
:043C0D000107E83390
:043C0E0001D7773330
:043C0F000000079317
:043C10008EDFF06FE4
:043C110001D71813AC
:043C12000035D59311
:043C130000B868335A
:043C1400003757130B
:043C1500000684130E
:043C1600C29FF06FEA
:043C1700FB01011399
:043C18000145D793F8
:043C190004812423DB
:043C1A0004912223CC
:043C1B00052120233C
:043C1C0003412C2311
:043C1D0003512A2302
:043C1E0000C59493B6
:043C1F000411262343
:043C200003312E231B
:043C210003612823F0
:043C220003712623E1
:043C230003812423D2
:043C24007FF7F7939C
:043C2500000504137F
:043C260000060A1377
:043C270000068913F7
:043C280000C4D4936D
:043C290001F5DA9334
:043C2A0018078A638A
:043C2B007FF007130C
:043C2C0008E78863BA
:043C2D0001D55B134F
:043C2E000034949337
:043C2F00009B64B3DF
:043C300000800737D2
:043C310000E4EB338D
:043C320000351B93AB
:043C3300C01789939A
:043C340000000493F5
:043C350000000C136C
:043C36000149579356
:043C370000C9141399
:043C38007FF7F79388
:043C390000C454135C
:043C3A0001F9591320
:043C3B000807826391
:043C3C007FF00713FB
:043C3D0018E78A6397
:043C3E000034141327
:043C3F0001DA57133C
:043C4000008767335F
:043C4100C01787938E
:043C420000800437C3
:043C430040F989B308
:043C4400008764335E
:043C4500003A181316
:043C460000000793E0
:043C470000F007136F
:043C4800012ACA3350
:043C490024976463F5
:043C4A0000016737D7
:043C4B00E60707136E
:043C4C000024949329
:043C4D0000E484B358
:043C4E000004A703C4
:043C4F000007006703
:043C500000A4EB33AE
:043C51001C0B1E63C7
:043C5200014957933A
:043C530000C914137D
:043C54007FF7F7936C
:043C550000000B93CD
:043C56000080049353
:043C57007FF009935E
:043C580000200C1329
:043C590000C454133C
:043C5A0001F9591300
:043C5B00F80792E3F1
:043C5C000144683384
:043C5D001C080263DA
:043C5E005C04066399
:043C5F000004051345
:043C6000288050EF79
:043C610000050793C0
:043C6200FF55069371
:043C630001D0071372
:043C6400FF8788133B
:043C650040D707330A
:043C6600010414330E
:043C670000EA5733E5
:043C6800008764333A
:043C6900010A183301
:043C6A00013787B3E4
:043C6B003F378993C3
:043C6C0000000793BA
:043C6D00F69FF06F5F
:043C6E0040F70733E1
:043C6F000380069335
:043C700060E6D063D7
:043C710000000793B5
:043C720000000693B5
:043C73000000071333
:043C740004C12083E4
:043C7500048124039F
:043C760001479793D8
:043C770000D7E7B3D8
:043C780001FA1693A4
:043C790000D7E7B3D6
:043C7A00044124835A
:043C7B000401290314
:043C7C0003C12983D4
:043C7D0003812A0392
:043C7E0003412A8351
:043C7F0003012B030F
:043C800002C12B83CF
:043C810002812C038D
:043C8200000705131F
:043C8300000785931E
:043C84000501011322
:043C85000000806754
:043C86007FF0079331
:043C870000000693A0
:043C8800000007131E
:043C8900FADFF06FFF
:043C8A0000000A1319
:043C8B007FF007932C
:043C8C00000806B76F
:043C8D000000071319
:043C8E00F99FF06F3B
:043C8F0000A4EB336F
:043C9000100B0C63A6
:043C910052048463F2
:043C92000004851392
:043C93001BC050EF13
:043C9400000507130D
:043C9500FF5507933D
:043C960001D00B133B
:043C9700FF870B9305
:043C980040FB0B33AF
:043C9900017494B36B
:043C9A0001645B3333
:043C9B00009B6B33EC
:043C9C0001741BB3E1
:043C9D00C0D00793F9
:043C9E0040E789B3BF
:043C9F00000004938A
:043CA00000000C1301
:043CA100E55FF06F7C
:043CA200014468333E
:043CA3008019899368
:043CA4000A081C638B
:043CA5000024E49380
:043CA6000000041303
:043CA700002007935F
:043CA800E7DFF06FF3
:043CA900000A891371
:043CAA00000B0413F4
:043CAB00000B88136F
:043CAC00002007935A
:043CAD0060FC08634C
:043CAE000030079348
:043CAF00F6FC06E336
:043CB0000010079366
:043CB10000090A13E9
:043CB200EEFC0EE333
:043CB3003FF98793BB
:043CB4003CF052632B
:043CB5000078771309
:043CB6005C0716632E
:043CB700007417136B
:043CB80000075A6344
:043CB900FF0007B74A
:043CBA00FFF78793F6
:043CBB0000F474336A
:043CBC0040098793A1
:043CBD007FE007138A
:043CBE00F2F740E3F6
:043CBF00003858135E
:043CC00001D4171301
:043CC10000941693C2
:043CC200010767335C
:043CC30000C6D693CE
:043CC4007FF7F793FC
:043CC500EBDFF06FD2
:043CC60000078C1354
:043CC700F95FF06F42
:043CC80000048B1356
:043CC90000050B9354
:043CCA0000C004939F
:043CCB007FF00993EA
:043CCC0000300C13A5
:043CCD00DA5FF06F5B
:043CCE000014E49367
:043CCF0000000413DA
:043CD0000010079346
:043CD100DD9FF06F14
:043CD2000034E49343
:043CD300000A0813C8
:043CD4000030079322
:043CD500DC9FF06F11
:043CD60000000B934C
:043CD7000040049312
:043CD800000009934C
:043CD90000100C13B8
:043CDA00D71FF06F91
:043CDB00039122230C
:043CDC0003A12023FD
:043CDD0001B12E23E0
:043CDE003B646A6376
:043CDF003A8B0663B3
:043CE000FFF98993CC
:043CE100000B8C1335
:043CE200000B04933C
:043CE30000000D13BD
:043CE40001885C9364
:043CE5000084141330
:043CE6000104591369
:043CE700008CECB3AE
:043CE8000009059337
:043CE900000485133B
:043CEA00010C9B131B
:043CEB0000881A93A0
:043CEC00010B5B135A
:043CED007A9040EF9A
:043CEE000005059335
:043CEF0000050413B5
:043CF000000B0513AD
:043CF10076D040EF5A
:043CF200000507932F
:043CF300000905932C
:043CF4000004851330
:043CF50000078493AD
:043CF6007CD040EF4F
:043CF700010515139B
:043CF800010C5793D1
:043CF90000A7E7B386
:043CFA000097FA63D2
:043CFB0000FC87B38F
:043CFC00FFF40713B7
:043CFD003B97FE6390
:043CFE0000070413A4
:043CFF00409784B3B3
:043D0000000905931E
:043D01000004851322
:043D0200755040EFC9
:043D0300000505931F
:043D040000050B9318
:043D0500000B051397
:043D0600719040EF89
:043D07000005079319
:043D08000009059316
:043D0900000485131A
:043D0A000007849397
:043D0B00779040EF7E
:043D0C00010C1793FC
:043D0D000105151384
:043D0E000107D7933F
:043D0F0000A7E7B36F
:043D10000097FA63BB
:043D110000FC87B378
:043D1200FFFB871319
:043D13003597FA6383
:043D140000070B9306
:043D1500000103376F
:043D1600010414137D
:043D1700017464339C
:043D1800FFF30D9315
:043D190001B478B3C6
:043D1A0001BAFDB33A
:043D1B0040978BB38F
:043D1C00010ADC13A9
:043D1D0001045793B3
:043D1E000008851301
:043D1F00000D85937B
:043D20006B1040EFF5
:043D2100000508137E
:043D2200000C0593F9
:043D230000088513FC
:043D24006A1040EFF2
:043D250000050893FA
:043D2600000D859374
:043D270000078513F9
:043D2800691040EFEF
:043D290000050E1370
:043D2A00000C0593F1
:043D2B0000078513F5
:043D2C00681040EFEC
:043D2D00010857939F
:043D2E0001C888B38D
:043D2F00011787B33E
:043D300001C7F46370
:043D310000650533F1
:043D3200000106374F
:043D3300FFF606137E
:043D340000C7F4B31D
:043D35000107D69319
:043D3600010494935D
:043D370000C8783315
:043D380000A687B3A7
:043D3900010484B34A
:043D3A0020FBEA631D
:043D3B0020FB866380
:043D3C00409D04B3EF
:043D3D0040FB8BB309
:043D3E00009D3D3374
:043D3F0041AB8BB356
:043D4000377C8A63DF
:043D410000090593DD
:043D4200000B8513DA
:043D4300651040EFD8
:043D440000050593DE
:043D450000A1262390
:043D460000050D1354
:043D4700000B051355
:043D4800611040EFD7
:043D490000050793D7
:043D4A0000090593D4
:043D4B00000B8513D1
:043D4C0000078B934E
:043D4D00671040EFCC
:043D4E000105151343
:043D4F000104D79301
:043D500000A7E7B32E
:043D51000377F063A1
:043D520000FC87B337
:043D5300FFFD0693D7
:043D54003797E26358
:043D55003777F06369
:043D5600FFED071363
:043D570000E126233E
:043D5800019787B395
:043D590041778BB370
:043D5A0000090593C4
:043D5B00000B8513C1
:043D5C005ED040EF06
:043D5D0000050593C5
:043D5E0000050D133C
:043D5F00000B05133D
:043D60005B1040EFC5
:043D610000050793BF
:043D620000090593BC
:043D6300000B8513B9
:043D640000078913B8
:043D6500010494932E
:043D660060D040EFFA
:043D6700010515132A
:043D68000104D493EB
:043D690000A4E4B31B
:043D6A000124FE63CF
:043D6B00009C84B381
:043D6C00FFFD0793BD
:043D6D003194E46346
:043D6E003124F263A7
:043D6F00FFED0D1344
:043D7000019484B383
:043D710000C12783E3
:043D7200412484B3B1
:043D7300000D859327
:043D74000107981398
:043D750001A8683306
:043D7600010813131A
:043D770001035313DE
:043D78000108579354
:043D7900000305132B
:043D7A00549040EF32
:043D7B0000050893A4
:043D7C00000C05939F
:043D7D000003051327
:043D7E00539040EF2F
:043D7F000005031325
:043D8000000D85931A
:043D8100000785139F
:043D8200529040EF2C
:043D830000050E1316
:043D8400000C059397
:043D8500000785139B
:043D8600519040EF29
:043D87000108D793C5
:043D880001C303333D
:043D8900006787B395
:043D8A0001C7F66314
:043D8B0000010737F5
:043D8C0000E5053316
:043D8D00000106B774
:043D8E00FFF6869323
:043D8F000107D7133E
:043D900000D7F7B3AE
:043D910001079793FC
:043D920000D8F8B3AA
:043D930000A707334B
:043D9400011787B3D9
:043D950002E4E06301
:043D960000E48C6356
:043D970002412C8336
:043D980002012D03F4
:043D990001C12D83B4
:043D9A000018681392
:043D9B00C61FF06FE0
:043D9C001C078A6313
:043D9D00009C84B34F
:043D9E00FFF8061311
:043D9F000004869303
:043DA0001B94EC6321
:043DA10024E4EA63C9
:043DA20026E4886328
:043DA30000060813FB
:043DA400FCDFF06FE1
:043DA50000100713F0
:043DA600B20790E3ED
:043DA70041E98793D4
:043DA80000F816B356
:043DA90000D036B35D
:043DAA0000F417B357
:043DAB0000F6E7B384
:043DAC0000E85833A0
:043DAD0000F868337F
:043DAE00007877938F
:043DAF0000E45433A5
:043DB0000207806323
:043DB10000F877930C
:043DB20000400713B3
:043DB30000E78A6338
:043DB4000048079329
:043DB5000107B83317
:043DB60001040433CD
:043DB7000007881366
:043DB800008416135A
:043DB900001007935C
:043DBA00000006936C
:043DBB0000000713EA
:043DBC00AE0640E32C
:043DBD001280006F01
:043DBE00DE9D7CE327
:043DBF00015D06B3E9
:043DC00001A6B6336F
:043DC100019605B3AF
:043DC20000BB8BB304
:043DC30000068D1356
:043DC400FFF4059370
:043DC500077CFE6316
:043DC60014FBE063A7
:043DC70013778C637F
:043DC800000584135B
:043DC900DCDFF06FDC
:043DCA00C50BECE356
:043DCB0001FB1C13C9
:043DCC00001BD713EE
:043DCD00001B5493F0
:043DCE0000EC6C3366
:043DCF0001FB9D1344
:043DD000C51FF06FAC
:043DD100000A0513CC
:043DD2004C1040EF62
:043DD30001550693FD
:043DD40001C0071310
:043DD5000205079349
:043DD600A2D75AE333
:043DD700FF8505134C
:043DD80000000813CC
:043DD90000AA1433F5
:043DDA00A41FF06FC3
:043DDB0049D040EF9C
:043DDC0001550793F3
:043DDD0001C0069388
:043DDE0002050713C0
:043DDF00ACF6DEE37D
:043DE000FF850493C4
:043DE10000941B33FC
:043DE20000000B933F
:043DE300AE9FF06F30
:043DE400F97C98E3EB
:043DE500F80602E3F7
:043DE600000584133D
:043DE700D55FF06F45
:043DE800CA97F8E39B
:043DE900FFEB8B93CE
:043DEA00019787B303
:043DEB00CA9FF06F0C
:043DEC00C497F4E3A1
:043DED00FFE40413D8
:043DEE00019787B3FF
:043DEF00C41FF06F8E
:043DF00001F0069345
:043DF100ECE6DCE33D
:043DF200FE10069326
:043DF30040F686B35D
:043DF400020007932F
:043DF50000D456B3ED
:043DF60000F7086367
:043DF70043E9879382
:043DF80000F417B309
:043DF90000F8683333
:043DFA000100383359
:043DFB0000D8683351
:043DFC0000787713C1
:043DFD000000069329
:043DFE00020708634D
:043DFF0000F87793BE
:043E00000040071364
:043E010000000413A6
:043E020000E78A63E8
:043E030000480793D9
:043E04000107B833C7
:043E05000100343351
:043E06000007881316
:043E0700009416937A
:043E080001D41713B7
:043E090000C6D69386
:043E0A000038581311
:043E0B0000E8673331
:043E0C000000079318
:043E0D0099DFF06FDA
:043E0E00000608138F
:043E0F00E2E690E374
:043E1000E1579EE3F5
:043E110002412C83BB
:043E120002012D0379
:043E130001C12D8339
:043E1400A7DFF06FC5
:043E1500EC96F6E34E
:043E160000DA86B395
:043E17000156B63367
:043E180001960633D6
:043E1900FFE40413AB
:043E1A0000068D13FE
:043E1B0000CB8BB39A
:043E1C00C81FF06F5C
:043E1D00C0200713A7
:043E1E0002412C83AE
:043E1F0002012D036C
:043E200001C12D832C
:043E21003FF987934B
:043E2200FFF0081392
:043E2300E0E9C4E32B
:043E24000048071338
:043E25000107383326
:043E2600010404335C
:043E27000007081375
:043E2800A3DFF06FB5
:043E290000F8771313
:043E2A0000400693BB
:043E2B00A2D708E32F
:043E2C00FE1FF06F16
:043E2D0000D1262377
:043E2E00CADFF06F88
:043E2F0000078D13E8
:043E3000D05FF06F00
:043E310000090A1367
:043E32007FF0079383
:043E330000000693F2
:043E34000000071370
:043E35008FDFF06FBC
:043E3600001A9613C5
:043E3700015636B347
:043E3800019686B3B6
:043E390000D486B378
:043E3A00FFE8081382
:043E3B0000060A93E0
:043E3C00F4E688E33D
:043E3D00D69FF06FAD
:043E3E00FEFAE0E3C5
:043E3F00000608135E
:043E4000F41FF06F0C
:043E41000145D7134D
:043E4200001007B7AE
:043E4300FFF787936B
:043E44000146D81348
:043E45007FF7771379
:043E46007FF00313F3
:043E470000B7FE338F
:043E480000050893D6
:043E490000D7F7B3F4
:043E4A0001F5D59316
:043E4B007FF8781371
:043E4C0001F6D69312
:043E4D000010051349
:043E4E0000670C639A
:043E4F00006808639C
:043E500001071463EF
:043E510002FE066304
:043E52000000806785
:043E53000000806784
:043E5400FEE81CE385
:043E550000FE67B351
:043E560000C7E7B307
:043E57000117E7B3B5
:043E5800FE0794E3EA
:043E590040D585B318
:043E5A0000B035334C
:043E5B00000080677C
:043E5C00FCC89CE31F
:043E5D0000D58A639F
:043E5E00FC0718E362
:043E5F00011E6E339F
:043E600001C0353335
:043E61000000806776
:043E62000000051344
:043E63000000806774
:043E64000145D893A9
:043E6500001007B78B
:043E6600FFF7879348
:043E67000146D71326
:043E68007FF8F89354
:043E69007FF00E13C5
:043E6A0000B7F33377
:043E6B000005081333
:043E6C0000050E93AC
:043E6D0000D7F7B3D0
:043E6E0001F5D593F2
:043E6F0000060F1327
:043E70007FF7751350
:043E710001F6D693ED
:043E720005C8886394
:043E730003C504631C
:043E740006089A633F
:043E750001036833AA
:043E760006051063CA
:043E770000C7E63367
:043E780008060C63C9
:043E79000A081263BE
:043E7A00001005131C
:043E7B000806826350
:043E7C00000080675B
:043E7D0000C7E63361
:043E7E0008061463BB
:043E7F00000896633E
:043E800001036333A4
:043E8100FE0302E357
:043E820006D580637E
:043E8300060592633B
:043E84000010051312
:043E85000000806752
:043E8600010363339E
:043E870006031263B9
:043E8800FF1516E329
:043E890000C7E7B3D4
:043E8A0004079C632A
:043E8B00FED590E3ED
:043E8C00000005131A
:043E8D00000080674A
:043E8E00FA0808E343
:043E8F00FCD598E3E3
:043E90000280006F3D
:043E9100FC0504E345
:043E9200FCD592E3E6
:043E9300FD1540E3F6
:043E940000A8CC6353
:043E9500FA67ECE3F9
:043E960000F31863BA
:043E9700FBDF68E302
:043E9800000005130E
:043E9900F9EEF6E365
:043E9A0000100513FC
:043E9B00F80592E3B1
:043E9C00FFF005131B
:043E9D00000080673A
:043E9E00F8081AE323
:043E9F000000806738
:043EA000FFE0051327
:043EA1000000806736
:043EA200FCD586E3E2
:043EA300F81FF06FA5
:043EA4000145D89369
:043EA500001007B74B
:043EA600FFF7879308
:043EA7000146D713E6
:043EA8007FF8F89314
:043EA9007FF0031390
:043EAA0000B7FE332C
:043EAB0000050813F3
:043EAC0000050E936C
:043EAD0000D7F7B390
:043EAE0001F5D593B2
:043EAF0000060F13E7
:043EB0007FF7751310
:043EB10001F6D693AD
:043EB20004688A63B3
:043EB300026504633D
:043EB4000608986301
:043EB500010E68335F
:043EB60008051E637A
:043EB70000C7E63327
:043EB8000A0604638F
:043EB9000A0816637A
:043EBA0000100513DC
:043EBB000806806312
:043EBC00000080671B
:043EBD0000C7E63321
:043EBE0000200513C8
:043EBF00FE061AE3FE
:043EC00000089663FD
:043EC100010E6E334D
:043EC200FE0E00E30D
:043EC30004D58C6333
:043EC40004059E63F0
:043EC50000100513D1
:043EC6000000806711
:043EC700010E6E3347
:043EC800060E10636F
:043EC900FF1516E3E8
:043ECA0000C7E7B393
:043ECB0000200513BB
:043ECC00FC0790E37C
:043ECD00FCD59EE39F
:043ECE0000000513D8
:043ECF000000806708
:043ED000FC0508E302
:043ED100FCD596E3A3
:043ED200FD1544E3B3
:043ED30000A8CC6314
:043ED400FDC7E0E363
:043ED50000FE186370
:043ED600FBDF6CE3BF
:043ED70000000513CF
:043ED800F9EEF8E324
:043ED90000100513BD
:043EDA00F80594E370
:043EDB00FFF00513DC
:043EDC0000008067FB
:043EDD00F6080AE3F6
:043EDE00F8D59CE394
:043EDF00FE9FF06FE3
:043EE00000200513A6
:043EE10000008067F6
:043EE200F80814E3E5
:043EE30000008067F4
:043EE400FCD580E3A6
:043EE500F7DFF06FA4
:043EE600FD010113C6
:043EE7000145D79327
:043EE800028124230C
:043EE90002912223FD
:043EEA00032120236D
:043EEB0001312E2350
:043EEC0001512A2333
:043EED0000C59493E5
:043EEE000211262374
:043EEF0001412C233E
:043EF0000161282321
:043EF1000171262312
:043EF2000181242303
:043EF3007FF7F793CB
:043EF40000050413AE
:043EF50000060A9326
:043EF60000068993A6
:043EF70000C4D4939C
:043EF80001F5D913E4
:043EF9004E0780638D
:043EFA007FF007133B
:043EFB000AE78663E9
:043EFC000034969365
:043EFD0001D5571381
:043EFE0000D767334F
:043EFF00008006B782
:043F000000D764B3CF
:043F010000351A135A
:043F0200C0178C1345
:043F030000000B139C
:043F040000000B931B
:043F05000149D79304
:043F060000C9971344
:043F07007FF7F793B6
:043F0800000A8E130A
:043F090000C7541386
:043F0A0001F9D9934D
:043F0B000A078063BE
:043F0C007FF0071328
:043F0D0014E78E63C4
:043F0E000034171351
:043F0F0001DAD6936A
:043F100000E6E6B32E
:043F1100C0178793BB
:043F120000800737ED
:043F130000E6E433AD
:043F1400003A9E13BE
:043F1500018783336A
:043F1600000006930E
:043F170000A007936C
:043F180000130893F7
:043F19000B67CC6303
:043F1A00013945B371
:043F1B0000200793E8
:043F1C000005881301
:043F1D001567C663FB
:043F1E00FFFB0B1387
:043F1F000010071374
:043F2000176760635C
:043F210048F6866375
:043F22000004049300
:043F2300000E0A136F
:043F240000068B9375
:043F250009C0006F60
:043F260000A4EA33D6
:043F2700480A1463CD
:043F28000149D793E1
:043F290000C9971321
:043F2A007FF7F79393
:043F2B0000000493FB
:043F2C0000800B13F3
:043F2D007FF00C1302
:043F2E0000200B93D1
:043F2F00000A8E13E3
:043F300000C754135F
:043F310001F9D99326
:043F3200F60794E317
:043F3300015467B31B
:043F340046078E634B
:043F350054040C63C1
:043F3600000405136B
:043F370072C040EF25
:043F3800000503136A
:043F3900FF55071316
:043F3A0001D0079318
:043F3B00FF830E13DF
:043F3C0040E787B320
:043F3D0000FAD7B3FC
:043F3E0001C4173370
:043F3F0000E7E43380
:043F400001CA9E33E1
:043F4100406C03339A
:043F4200C0D30313D2
:043F430000A0079340
:043F440000000693E0
:043F450000130893CA
:043F4600F567D8E360
:043F470000090593D5
:043F480000200793BB
:043F49003EFB866352
:043F4A0000300793A9
:043F4B0054FB886338
:043F4C0000100793C7
:043F4D0000058813D0
:043F4E0052FB966329
:043F4F0000000793D4
:043F500000000693D4
:043F51000000071352
:043F520002C1208305
:043F530002812403C0
:043F540001479793F7
:043F550000D7E7B3F7
:043F560001F8181343
:043F57000107E7B3C4
:043F5800024124837B
:043F59000201290335
:043F5A0001C12983F5
:043F5B0001812A03B3
:043F5C0001412A8372
:043F5D0001012B0330
:043F5E0000C12B83F0
:043F5F0000812C03AE
:043F6000000705133E
:043F6100000785933D
:043F62000301011343
:043F63000000806773
:043F6400015467336A
:043F65007FFC0313C7
:043F66003C070663AB
:043F67000000173708
:043F680001394833A0
:043F690080070713B3
:043F6A00003B6B139A
:043F6B0000A0069319
:043F6C0000080593B1
:043F6D0000EC08B3A9
:043F6E004366CC6377
:043F6F000030069385
:043F70000010061324
:043F7100016616339C
:043F72005306771368
:043F7300F4071AE352
:043F74002406779315
:043F75004807906306
:043F76000886761330
:043F770038061E6387
:043F780000010FB77E
:043F7900FFFF829331
:043F7A00005A7F3337
:043F7B00005E72B3BF
:043F7C00010A5A13C9
:043F7D00010E5E13C0
:043F7E00000F051318
:043F7F000002859324
:043F8000530040EFBB
:043F8100000507131D
:043F8200000E059395
:043F8300000F051313
:043F8400520040EFB8
:043F85000005079399
:043F8600000285931D
:043F8700000A051314
:043F8800510040EFB5
:043F890000050E938E
:043F8A00000E05938D
:043F8B00000A051310
:043F8C00500040EFB2
:043F8D0001D786B31F
:043F8E000107539341
:043F8F0000D383B325
:043F9000000507938E
:043F910001D3F46301
:043F920001F507B37B
:043F9300000109B769
:043F9400FFF9891395
:043F95000123FEB353
:043F96000127773355
:043F9700010E9E93E6
:043F98000124793354
:043F99000103D393BA
:043F9A0000EE8EB3F4
:043F9B0001045413B6
:043F9C00000F0513FA
:043F9D00000905937F
:043F9E004B8040EF25
:043F9F0000050F9377
:043FA0000004059381
:043FA100000F0513F5
:043FA2004A8040EF22
:043FA30000050713FB
:043FA4000009059378
:043FA500000A0513F6
:043FA600498040EF1F
:043FA70000050F13EF
:043FA8000004059379
:043FA900000A0513F2
:043FAA00488040EF1C
:043FAB00010FD69399
:043FAC0001E70733EF
:043FAD0000E686B3F1
:043FAE0001E6F463D1
:043FAF0001350533A0
:043FB00000010A37CB
:043FB100FFFA0F13F1
:043FB20001E6F733FA
:043FB30001EFFFB368
:043FB40001071713D7
:043FB50001F70733D6
:043FB60001E4FF33F0
:043FB7000106D69396
:043FB80000A68FB31D
:043FB90000E383B3EB
:043FBA000104D49397
:043FBB00000F0513DB
:043FBC0000028593E7
:043FBD0043C040EFCE
:043FBE0000050A935D
:043FBF00000E059358
:043FC000000F0513D6
:043FC10042C040EFCB
:043FC200000509935A
:043FC30000028593E0
:043FC400000485135D
:043FC50041C040EFC8
:043FC600000502935D
:043FC700000E059350
:043FC8000004851359
:043FC90040C040EFC5
:043FCA00010AD613FF
:043FCB00005989B35D
:043FCC000136063381
:043FCD0000567463C3
:043FCE000145053371
:043FCF0000010A37AC
:043FD000FFFA06935B
:043FD10000D672B3F1
:043FD20000DAFAB364
:043FD300010656137A
:043FD40001029293C1
:043FD50000A60E3301
:043FD600015282B35F
:043FD700000F0513BF
:043FD8000009059344
:043FD9003CC040EFB9
:043FDA000005099342
:043FDB000004059346
:043FDC00000F0513BA
:043FDD003BC040EFB6
:043FDE0000050F13B8
:043FDF00000905933D
:043FE0000004851341
:043FE1003AC040EFB3
:043FE20000050913BA
:043FE300000405933E
:043FE400000485133D
:043FE50039C040EFB0
:043FE600012F06B3EE
:043FE7000109D59364
:043FE80000D5843349
:043FE90000050F13AD
:043FEA0001247463D7
:043FEB0001450F334A
:043FEC000001063793
:043FED00FFF60613C2
:043FEE0000C476B3E2
:043FEF0000C9F9B359
:043FF000010696939D
:043FF100007787B31B
:043FF200013686B35B
:043FF30001F685B39B
:043FF40000E7B733F8
:043FF50000E5873329
:043FF600005782B33B
:043FF70001C70633C5
:043FF80000F2B7B369
:043FF90000F607B314
:043FFA0000D5B6B385
:043FFB0000B735B323
:043FFC0000B6E6B372
:043FFD0000E6373370
:043FFE0001045593D2
:043FFF0000C7B6330E
:0440000000B686B3CD
:0440010000929A137C
:0440020000C7673359
:0440030000D70733A8
:0440040001DA6A3340
:0440050001E7073395
:0440060001403A3308
:044007000172D293DD
:0440080000971713F3
:044009000177D693D2
:04400A00005A6A33BB
:04400B0000979793F0
:04400C0000FA6A3319
:04400D00007717938E
:04400E0000D764B3C0
:04400F000207D06371
:04401000001A5793A8
:04401100001A7A1304
:0440120001F497130B
:044013000147E7B3C7
:0440140000E7EA33A4
:044015000014D4932C
:044016000008831308
:044017003FF30793D9
:0440180012F05663E9
:04401900007A77139F
:04401A000207006336
:04401B0000FA77131D
:04401C0000400693C7
:04401D0000D70A635B
:04401E00004A07133A
:04401F0001473A33E8
:04402000014484B320
:0440210000070A1377
:04402200007497137C
:0440230000075A63D5
:04402400FF0007B7DB
:04402500FFF7879387
:0440260000F4F4B3FB
:0440270040030793B8
:044028007FE007131B
:044029001CF74463D9
:04402A00003A5A13EB
:04402B0001D4971312
:04402C0000949693D3
:04402D0001476733AD
:04402E0000C6D6935F
:04402F007FF7F7938D
:04403000C89FF06FC6
:0440310000A4EA33CA
:04403200060A08630F
:0440330012048E6382
:0440340000048513EC
:04403500334040EFE5
:044036000005071367
:04403700FF55069398
:0440380001D0079319
:04403900FF870A13E0
:04403A0040D787B331
:04403B0000F457B383
:04403C00014496B3F2
:04403D0000D7E4B311
:04403E0001441A33EC
:04403F00C0D0079353
:0440400040E78C3396
:0440410000000B135D
:0440420000000B93DC
:04404300B09FF06FCB
:0440440000058813D8
:044045007FF007936E
:0440460000000693DD
:04404700000007135B
:04404800C29FF06FB4
:0440490000050A1351
:04404A0000C00B1394
:04404B007FF00C13E3
:04404C0000300B93A2
:04404D00AE1FF06F43
:04404E0000000493D7
:04404F0000400B130F
:0440500000000C134D
:0440510000100B93BD
:04405200ACDFF06F80
:04405300001B6B13D0
:04405400000C031346
:044055000000041350
:0440560000000E1345
:0440570000100693BC
:04405800AFDFF06F77
:04405900002B6B13BA
:04405A00000004134B
:04405B0000000E1340
:04405C0000200693A7
:04405D00AE9FF06FB3
:04405E0000040493C3
:04405F00000E0A1332
:0440600000068B9338
:04406100000985933A
:04406200B99FF06FA3
:04406300001007132F
:04406400100790634E
:0440650041E303131D
:04406600006A1633A3
:0440670000C036332C
:04406800006493332A
:0440690000EA5A33DC
:04406A000066663353
:04406B000146663371
:04406C0000767793D0
:04406D0000E4D5B3E3
:04406E000207806362
:04406F0000F677934D
:0440700000400713F2
:0440710000E78A6377
:04407200004607936A
:0440730000C7B63399
:0440740000C585B34B
:0440750000078613A7
:044076000085951319
:04407700001007939B
:0440780000000693AB
:044079000000071329
:04407A00B60540E364
:04407B0010C0006F02
:04407C0000F0071336
:04407D0012EB1063CF
:04407E000000081323
:04407F00000806B778
:044080000000071322
:04408100B45FF06FC9
:04408200200040EFEB
:04408300015506934A
:0440840001C00793DD
:044085000205071316
:04408600ECD7D4E3BC
:04408700FF85051399
:0440880000000A1317
:0440890000A414B3C8
:04408A00ED5FF06F87
:04408B00000A85138F
:04408C001D8040EF64
:04408D0001550713BF
:04408E0001C00793D3
:04408F000205031310
:04409000AAE7D4E3E4
:04409100FF8505138F
:0440920000000E1309
:0440930000AA9433B8
:04409400AB5FF06FBF
:04409500000008130C
:044096007FF007931D
:04409700000806B760
:04409800AE9FF06F78
:044099000008831385
:04409A00DF5FF06F85
:04409B007FF0079318
:04409C000000069387
:04409D000000071305
:04409E00AD1FF06FF3
:04409F000000081302
:0440A0007FF0079313
:0440A100000806B756
:0440A2000000071300
:0440A300ABDFF06F30
:0440A40040F70733A7
:0440A50003800693FB
:0440A600AAE6C2E3E1
:0440A70001F006938B
:0440A800EEE6DAE383
:0440A900FE1006936C
:0440AA0040F687B3A2
:0440AB000200069376
:0440AC0000F4D7B392
:0440AD0000D70863CD
:0440AE0043E30313D2
:0440AF0000649333E3
:0440B000006A6A3305
:0440B1000140363361
:0440B20000F666337B
:0440B3000076771309
:0440B400000006936F
:0440B5000207086393
:0440B60000F6779306
:0440B70000400713AB
:0440B800000005936C
:0440B90000E78A632F
:0440BA000046079322
:0440BB0000C7B63351
:0440BC0000C035B358
:0440BD00000786135F
:0440BE000095969340
:0440BF0001D597137D
:0440C00000C6D693CD
:0440C100003656135C
:0440C20000E667337A
:0440C300000007935F
:0440C400A39FF06F57
:0440C500000404935C
:0440C600000A8A134F
:0440C70000300B9327
:0440C80000098593D3
:0440C9009FDFF06F16
:0440CA00001007B724
:0440CB00FFF78793E1
:0440CC00FE010113DD
:0440CD0000B7F8B38D
:0440CE0000D7F833EC
:0440CF000146D7933C
:0440D0000038989389
:0440D10000812C231B
:0440D200013126236F
:0440D30001F5D4130C
:0440D4000145D99336
:0440D50001D55713A7
:0440D6000038181383
:0440D70001D6559326
:0440D80000112E2382
:0440D90000912A2305
:0440DA000121282375
:0440DB007FF7FF1359
:0440DC007FF003135B
:0440DD00011767332D
:0440DE007FF9F993DA
:0440DF0000040E13B8
:0440E00000351893FC
:0440E10001F6D6937B
:0440E2000105E5B33C
:0440E30000361E93F2
:0440E400206F0C63DA
:0440E5000016C69368
:0440E60041E987B372
:0440E70016D4026386
:0440E80000F05AE3A7
:0440E900240F0A6333
:0440EA003C69846346
:0440EB0003800693B5
:0440EC0000100513A8
:0440ED0002F6CE63A6
:0440EE00008006B791
:0440EF0000D5E5B360
:0440F00001F0069342
:0440F1004EF6C46360
:0440F200020006932F
:0440F30040F686B35A
:0440F40000D595332B
:0440F50000FED633C0
:0440F60000DE96B39F
:0440F70000C5653368
:0440F80000D036B30B
:0440F90000F5D7B344
:0440FA0000D5653355
:0440FB0040F7073350
:0440FC0040A8853320
:0440FD0000A8B6332E
:0440FE000005049322
:0440FF0040C709337A
:044100000089179388
:044101003407D86344
:04410200008007B77B
:04410300FFF78793A8
:0441040000F9793312
:044105002E09066316
:044106000009051394
:044107007ED030EF47
:04410800FF85079395
:044109000200069317
:04410A0040F68733C1
:04410B0000E4D733C2
:04410C0000F919336A
:04410D0001276733EC
:04410E0000F494B372
:04410F003F37C4630F
:04411000413787B3F9
:044111000017879379
:0441120040F686B33A
:0441130000D496330B
:0441140000F4D933A7
:0441150000C036337D
:0441160000C9663343
:0441170000D716B304
:0441180000C6E4B346
:0441190000F759331F
:04411A000000099305
:04411B000074F793A2
:04411C0002078063B3
:04411D0000F4F79320
:04411E000040071343
:04411F0000E78A63C8
:04412000004487933D
:044121000097B5331B
:0441220000A90933B4
:04412300000784937A
:044124000089179364
:044125006C07D063F0
:044126000019879362
:044127007FF007130B
:0441280024E786639F
:04412900FF800737D5
:04412A00FFF7071381
:04412B0000E97733FD
:04412C007FF7F7938F
:04412D0001D718138B
:04412E000034D51371
:04412F0000971713CB
:0441300000A8683348
:0441310000C7571359
:0441320000147E13E4
:0441330001C1208323
:0441340001812403DE
:044135000147979314
:0441360000E7E7B304
:0441370001FE17135B
:0441380000E7E7B302
:044139000141248399
:04413A000101290353
:04413B0000C1298313
:04413C00000805135F
:04413D00000785935F
:04413E000201011366
:04413F000000806795
:0441400070F0526366
:044141001C0F1663D6
:0441420001D5E6B30A
:0441430026068E635B
:04414400FFF7869368
:04414500460688633F
:0441460024678C63FB
:044147000380079357
:044148000010091347
:0441490002D7CC636A
:04414A000006879351
:04414B0001F00693E6
:04414C0048F6CA6304
:04414D0002000693D3
:04414E0040F686B3FE
:04414F0000D59933CB
:0441500000FED63364
:0441510000DE96B343
:0441520000C9693304
:0441530000D036B3AF
:0441540000F5D7B3E8
:0441550000D96933F1
:0441560000F7073334
:044157000119063311
:0441580001263933D0
:0441590000060493C5
:04415A0000E909333C
:04415B00008917932D
:04415C001E07D26305
:04415D000019899329
:04415E007FF0079354
:04415F0016F9886362
:04416000FF8007B71E
:04416100FFF787934A
:044162000014F5133D
:0441630000F977B335
:044164000014D71359
:0441650000A7673315
:0441660001F79513B5
:0441670000E564B358
:044168000017D91350
:04416900EC9FF06F68
:04416A0001D5E83360
:04416B008019831321
:04416C0006080863D6
:04416D0006D40A6307
:04416E000E030463D5
:04416F0026098E632C
:0441700000361513ED
:0441710000355513AD
:0441720000068413AC
:0441730000058713A9
:0441740001D7181344
:0441750000A8683303
:0441760000375713A4
:0441770001076733A2
:0441780010070663C3
:0441790000000E1321
:04417A007FF0079338
:04417B0000080737FA
:04417C000000081324
:04417D00ED9FF06F53
:04417E0001D5E6B3CE
:04417F001806866335
:04418000FFF786932C
:044181003A06826315
:0441820016678463D5
:04418300038007931B
:04418400001005130F
:04418500DCD7CEE3D2
:044186000006879315
:04418700DA5FF06F9C
:044188000016C693C4
:04418900F8D41AE369
:04418A0018030863AB
:04418B002C09906308
:04418C007FF0079326
:04418D00011766B3FD
:04418E0048068863F4
:04418F00FFF786931D
:04419000340682630C
:044191007FF00513A3
:044192002AA7826373
:04419300038007930B
:0441940000100913FB
:0441950002D7CA6320
:0441960001F007939A
:044197004CD7C663D8
:044198000200079387
:0441990040D787B3D1
:04419A0000F71933DE
:04419B0000D8D6333F
:04419C0000F897B3DD
:04419D0000C96933B9
:04419E0000F037B343
:04419F0000D756B33C
:0441A00000F9693386
:0441A10000D585B30D
:0441A20001D9073305
:0441A3000127393384
:0441A4000007049379
:0441A50000B9093321
:0441A600000F09936A
:0441A700ED1FF06FA9
:0441A80000198793E0
:0441A9007FE7F79322
:0441AA0014079463FF
:0441AB0001D5E8331F
:0441AC00011767B3DD
:0441AD002A099463E4
:0441AE0038078E63DD
:0441AF003C08106355
:0441B00000351513AE
:0441B1000035591369
:0441B200000007936F
:0441B3001140006F48
:0441B4000A698063B1
:0441B50003800693EA
:0441B60000100913D9
:0441B700E8F6C0E383
:0441B800008006B7C6
:0441B90000D5E5B395
:0441BA00E45FF06F5F
:0441BB0000147E135B
:0441BC007FF00793F6
:0441BD0000000713E4
:0441BE0000000813E2
:0441BF00DD1FF06FA1
:0441C000000485135F
:0441C100505030EF3B
:0441C20001850793D9
:0441C30001F006936E
:0441C400D0F6DAE374
:0441C500FF85071358
:0441C60000E4973347
:0441C7001B37CE6371
:0441C800413789B33F
:0441C90000198793BF
:0441CA0042F6DE6378
:0441CB00FE198993BD
:0441CC000200069354
:0441CD00013754B3AF
:0441CE0000D78C6327
:0441CF00040006934F
:0441D00040F687B37B
:0441D10000F71733A9
:0441D20000E037339F
:0441D30000E4E4B36D
:0441D400000009934B
:0441D5000074F793E8
:0441D600D0079EE38D
:0441D70000098793C1
:0441D8000034D513C7
:0441D90000090713BF
:0441DA000280006FF0
:0441DB00E6081CE3F3
:0441DC000035151382
:0441DD0001D71813DB
:0441DE000035551340
:0441DF0000A8683399
:0441E000003757133A
:0441E100E59FF06FF7
:0441E200003515137C
:0441E300003555133B
:0441E40001D71813D4
:0441E5007FF00693CE
:0441E60000A8683392
:0441E7000037571333
:0441E800E2D78EE3A9
:0441E90000C71713E1
:0441EA0000C75713A0
:0441EB007FF7F793D0
:0441EC0000147E132A
:0441ED00D19FF06FFF
:0441EE00001986939B
:0441EF007FE6F793DD
:0441F00012079E63B1
:0441F100011767B398
:0441F20024099A639F
:0441F30030078663A8
:0441F40001D5E7B357
:0441F50030079A6392
:0441F6000035151368
:0441F7000035591323
:0441F80001D71813C0
:0441F90001286833FE
:0441FA000037571320
:0441FB00FB9FF06FC7
:0441FC0041D88833EB
:0441FD000108B7B34B
:0441FE0040B709338A
:0441FF0040F9093347
:044200000089179387
:04420100000804931A
:044202001207C2637A
:0442030001286833F3
:04420400C00812E3F9
:0442050000000E1394
:04420600000007931A
:044207000000071399
:04420800CADFF06FAA
:04420900FF800937F2
:04420A00FFF909139C
:04420B0040F989B33A
:04420C0001277933DA
:04420D00C39FF06FEC
:04420E007FF00793A3
:04420F0001176533FB
:04421000100504632E
:04421100FFF7881318
:044212001E0802631D
:044213007FF0051320
:04421400D6A788E3BE
:044215000380079388
:044216000006841307
:04421700001005137B
:044218000307CA636B
:0442190001F0079316
:04421A001907C46359
:04421B000200079303
:04421C00410787B31C
:04421D0000F715335E
:04421E000108D6B30A
:04421F0000F897B359
:0442200000D565332D
:0442210000F037B3BF
:044222000107583305
:0442230000F565330A
:04422400410585B318
:0442250040AE8533EF
:0442260000AEB733FC
:0442270000050493F7
:0442280040E58933B1
:04422900000F0993E6
:04422A00B59FF06FDD
:04422B00FE07869371
:04422C000200061373
:04422D0000D5D6B32F
:04422E0000C78A63D8
:04422F00040006136E
:0442300040F607B39A
:0442310000F597B34A
:0442320000FEEEB3E9
:0442330001D035334E
:0442340000D5653319
:04423500B1DFF06F96
:04423600FF8006B748
:04423700FFF6869375
:0442380040F987B30F
:0442390000D7773300
:04423A00EF9FF06F93
:04423B000036151321
:04423C0000355513E1
:04423D0000058713DE
:04423E00CD9FF06FB1
:04423F007FF0079372
:04424000DEF686E33D
:0442410001D88EB35F
:04424200011EB63370
:0442430000B707B306
:0442440000C787B375
:0442450001F79513D5
:04424600001EDE93E5
:0442470001D564B386
:044248000017D9136F
:04424900000689934F
:04424A00B45FF06FFE
:04424B00411E863357
:04424C0040E587B30F
:04424D0000CEB733B5
:04424E0000060493CF
:04424F0040E7893388
:0442500000068413CD
:04425100AD1FF06F3E
:044252000036161309
:0442530000365513C9
:0442540000068413C9
:0442550000058713C6
:04425600E39FF06F83
:04425700E00798E301
:0442580022080663CF
:044259000035D71342
:04425A000036161301
:04425B0001D5959361
:04425C0000B767330D
:04425D0000365613BE
:04425E0000C76733FB
:04425F0000068413BE
:04426000C61FF06F16
:0442610001D88EB33F
:0442620000B705B3E9
:04426300011EB6334F
:0442640000C58933D5
:044265000089179322
:04426600000E84932F
:044267000A07D86307
:044268000020099396
:04426900BDDFF06F56
:04426A0041D88EB3F6
:04426B0040B705B3A0
:04426C0001D8B6338C
:04426D00000E849328
:04426E0040C589338B
:04426F00001009939F
:04427000A41FF06F28
:04427100FE0786932B
:04427200020006132D
:0442730000D5D6B3E9
:0442740000C78A6392
:044275000400061328
:0442760040F607B354
:0442770000F597B304
:0442780000FEEEB3A3
:0442790001D0393304
:04427A0000D96933CB
:04427B00B71FF06F0A
:04427C00FE0807939E
:04427D0002000693A2
:04427E0000F757B33B
:04427F0000D80A63F6
:04428000040006939D
:04428100410686B3B9
:0442820000D7173317
:0442830000E8E8B3B4
:0442840001103533BD
:0442850000F56533A8
:04428600E7DFF06F0F
:04428700EC0788E3D5
:0442880001D5EEB3BB
:04428900BC0E90E3F4
:04428A00D49FF06F5E
:04428B00411E863317
:04428C0040E585B3D1
:04428D0000CEB73375
:04428E00000604938F
:04428F0040E589334A
:04429000000684138D
:04429100001009937D
:044292009B9FF06F8F
:04429300001007937D
:04429400D11FF06FD7
:04429500DC0800E35E
:0442960000361613C5
:044297000036579303
:0442980001D59813A1
:0442990000959713E2
:04429A0000F868338D
:04429B0000C75713EE
:04429C0000068E1377
:04429D000000079383
:04429E00A55FF06FB9
:04429F0041D8893346
:0442A0000128B7B387
:0442A10040B70633E9
:0442A20040F60633A9
:0442A30000861793E7
:0442A4000E07D263CC
:0442A500411E8633FD
:0442A60040E5873335
:0442A70000CEBEB3D4
:0442A80041D70733C0
:0442A90000871793E0
:0442AA000006049373
:0442AB001207DE63B5
:0442AC00FF8007B7D1
:0442AD00FFF78793FD
:0442AE0000F777336B
:0442AF00000684136E
:0442B0000010079360
:0442B1009F1FF06FEC
:0442B20000361613A9
:0442B3000036551369
:0442B4000005871367
:0442B500CBDFF06FFC
:0442B60000361613A5
:0442B7000036591361
:0442B8000005871363
:0442B900CFDFF06FF4
:0442BA0001D886B3EE
:0442BB0000B707B38E
:0442BC000116B633FE
:0442BD0000C787B3FC
:0442BE0000879713CB
:0442BF000036D813DA
:0442C00008075E632A
:0442C100FF8007373C
:0442C200FFF70713E8
:0442C30000E7F7B366
:0442C40001D7971374
:0442C5000097979334
:0442C6000107683351
:0442C70000C7D71342
:0442C8000010079348
:0442C9009A9FF06F59
:0442CA00FE068793D2
:0442CB0002000613D4
:0442CC0000F757B3ED
:0442CD0000C68A633A
:0442CE0004000613CF
:0442CF0040D606B31C
:0442D00000D71733C9
:0442D10000E8E8B366
:0442D200011039336B
:0442D30000F9693352
:0442D400B39FF06F35
:0442D5000034D513C9
:0442D60000098793C1
:0442D70000090713C0
:0442D800C31FF06FA1
:0442D9000200069346
:0442DA0040F686B371
:0442DB0000000613C6
:0442DC008E9FF06F52
:0442DD0000C9683379
:0442DE00C8080EE31B
:0442DF000039591336
:0442E0000000079340
:0442E10000060713B9
:0442E200C59FF06F15
:0442E30000000E13B6
:0442E4007FF00793CD
:0442E500000807378F
:0442E600935FF06F83
:0442E70001D7971351
:0442E8000097979311
:0442E900010768332E
:0442EA0000C7D7131F
:0442EB000000079335
:0442EC0091DFF06FFF
:0442ED00AE0786E3AF
:0442EE00413F083311
:0442EF000008079329
:0442F000C6098EE38A
:0442F10003800793AC
:0442F2000107CA6393
:0442F300008007B789
:0442F40000F7673335
:0442F5000006841328
:0442F600C8DFF06FBE
:0442F7000006841326
:0442F800001005139A
:0442F900CB1FF06F78
:0442FA0001D71813BD
:0442FB000036561320
:0442FC0000C868335B
:0442FD00003757131C
:0442FE000000079322
:0442FF00000684131E
:04430000BA5FF06F41
:04430100BA078AE38A
:04430200413F06B37E
:0443030000099663B4
:044304000006879395
:04430500A21FF06F94
:044306000380079396
:044307000010091386
:04430800A6D7C4E38D
:04430900008007B772
:04430A0000F767331E
:04430B00A2DFF06FCE
:04430C000145D793FD
:04430D00001006B7DF
:04430E00FFF687131C
:04430F007FF7F793AA
:044310003FE0061371
:0443110000B7773347
:0443120001F5D59349
:0443130000F65E63EF
:0443140041D006137B
:0443150000F65E63ED
:0443160080000537E7
:04431700FFF5051396
:0443180000A5853344
:0443190000008067B9
:04431A000000051387
:04431B0000008067B7
:04431C004330061311
:04431D0040F606332D
:04431E0001F008138F
:04431F0000D7673329
:0443200002C850631C
:04432100413006938E
:0443220040F687B327
:0443230000F7573315
:0443240040E005333D
:04432500FC059CE314
:044326000007051374
:0443270000008067AB
:04432800BED78793E2
:0443290000F717334F
:04432A0000C5553342
:04432B0000A767334D
:04432C00FE1FF06F11
:04432D00FF01011378
:04432E000011262331
:04432F0000812423C2
:0443300000912223B3
:0443310004050A6312
:0443320041F55713E7
:0443330000A744B3E8
:0443340040E484B32A
:0443350000050793E5
:0443360000048513E7
:0443370001F7D413A3
:04433800728030EF70
:0443390041E00793C5
:04433A0040A787B35E
:04433B0000A00713C4
:04433C007FF7F7937D
:04433D0006A740632C
:04433E0000B00713B1
:04433F0040A7073359
:0443400000E4D7338B
:04434100015505130A
:0443420000C7171386
:0443430000A494B38B
:0443440000C7571344
:044345000140006FC4
:04434600000004135C
:0443470000000793D8
:044348000000071357
:0443490000000493D9
:04434A0001479793FD
:04434B0001F4141352
:04434C0000E7E7B3EC
:04434D0000C1208308
:04434E000087E7B34A
:04434F0000812403C2
:0443500000048513CD
:044351000007859349
:04435200004124837F
:044353000101011350
:04435400000080677E
:04435500FF550513F8
:0443560000A49733F5
:0443570000C7171371
:0443580000C7571330
:0443590000000493C9
:04435A00FC1FF06FE5
:04435B0000C527036F
:04435C0000C5A6836F
:04435D00000087B71E
:04435E00FFF787934B
:04435F0001075613E9
:044360000106D81367
:0443610001071293AB
:04436200010693932A
:0443630000F67633B7
:0443640000052883A5
:0443650000452E03DE
:0443660000852F039C
:044367000005A303A7
:044368000045AE83DB
:044369000085AF8399
:04436A00FF0101133B
:04436B000102D293E6
:04436C0001F75713EB
:04436D000103D393E2
:04436E0000F875B32B
:04436F0001F6D693EA
:044370000010051321
:0443710000F60C63E3
:0443720000F5866369
:0443730000C594638A
:0443740002688E63EA
:04437500010101132E
:04437600000080675C
:04437700FEC59CE300
:0443780001C8E7B3DE
:0443790001E7E7B3BE
:04437A000057E7B34E
:04437B000067E7B33D
:04437C0001D7E7B3CB
:04437D0001F7E7B3AA
:04437E000077E7B32A
:04437F00FC079CE3B8
:0443800040D70733E8
:0443810000E03533F0
:04438200FCDFF06FFD
:04438300FDDE14E364
:04438400FDFF12E344
:04438500FC7290E353
:0443860000D70E63EB
:04438700FA059CE3B4
:0443880001C8E7B3CE
:0443890001E7E7B3AE
:04438A000057E7B33E
:04438B0000F03533D6
:04438C00FA5FF06F75
:04438D000000051314
:04438E00F9DFF06FF4
:04438F0000C523033F
:0443900000C5A88339
:04439100000087B7EA
:04439200FFF7879317
:0443930001035613B9
:044394000108D71332
:0443950001031F13EE
:044396000005A683F5
:044397000045AE83AC
:044398000085AE03EB
:0443990000F6763381
:04439A0001089593EE
:04439B000005228374
:04439C0000452803AD
:04439D0000852F83E5
:04439E00FF01011307
:04439F00010F5F1398
:0443A00001F35313BF
:0443A1000105D593AA
:0443A20000F7753378
:0443A30001F8D893B2
:0443A40006F60A63AC
:0443A50002F50E63AC
:0443A6000C061C6382
:0443A700005867B3A0
:0443A80001F7E7B37F
:0443A90001E7E7B38E
:0443AA000E05126387
:0443AB0001D6E7331D
:0443AC0001C76733AB
:0443AD0000B76733BB
:0443AE0006071E637D
:0443AF00000786631A
:0443B00002031E6383
:0443B10000100513E0
:0443B20001010113F1
:0443B300000080671F
:0443B40001D6E6B395
:0443B50001C6E6B3A4
:0443B60000B6E6B3B4
:0443B7000A069463FB
:0443B800080614637C
:0443B900005868330D
:0443BA0001F868336B
:0443BB0001E868337A
:0443BC0006081C6370
:0443BD0000100513D4
:0443BE00FC0898E37C
:0443BF00FFF00513F3
:0443C000FC9FF06FFF
:0443C1000058683305
:0443C20001F8683363
:0443C30001E8683372
:0443C40006081A636A
:0443C500FAC516E33C
:0443C60001D6E6B383
:0443C70001C6E6B392
:0443C80000B6E6B3A2
:0443C90006069063F1
:0443CA00F8689CE310
:0443CB0000000513D6
:0443CC00F99FF06FF6
:0443CD00FC0780E386
:0443CE00F86894E314
:0443CF00F9E5E2E347
:0443D00000BF1E63A9
:0443D100F7FE6EE3A2
:0443D20001CF9A631A
:0443D300F70EEAE314
:0443D40001D8166393
:0443D500F656E6E3CF
:0443D600FCD2FAE338
:0443D70000100513BA
:0443D800F60314E3F1
:0443D900F99FF06FE9
:0443DA00F4689CE304
:0443DB00FF1FF06F61
:0443DC00F40508E3F9
:0443DD00F46896E307
:0443DE00F4C544E3FB
:0443DF00FCA650E305
:0443E000FDDFF06F9E
:0443E100FFE00513E1
:0443E200F41FF06F65
:0443E300F60784E372
:0443E400F26898E300
:0443E500FAA654E3FD
:0443E600FC5FF06F19
:0443E70000C52303E7
:0443E80000C5A883E1
:0443E900000087B792
:0443EA00FFF78793BF
:0443EB0001035693E1
:0443EC000108D713DA
:0443ED0001031F1396
:0443EE000005A6031D
:0443EF000045AE8354
:0443F0000085AE0393
:0443F10000F6F6B329
:0443F2000108959396
:0443F300000522831C
:0443F4000045280355
:0443F50000852F838D
:0443F600FF010113AF
:0443F700010F5F1340
:0443F80001F3531367
:0443F9000105D59352
:0443FA0000F7753320
:0443FB0001F8D8935A
:0443FC0008F68463D8
:0443FD0002F50A6358
:0443FE000A069A63AE
:0443FF00005867B348
:0444000001F7E7B326
:0444010001E7E7B335
:0444020004051E632C
:0444030001D6673344
:0444040001C7673352
:0444050000B7673362
:04440600040716632E
:0444070002079C63A9
:04440800010101139A
:0444090000008067C8
:04440A0001D666333E
:04440B0001C666334D
:04440C0000B666335D
:04440D000020051373
:04440E00FE0614E3AF
:04440F0000069A63A6
:0444100000586833B5
:0444110001F8683313
:0444120001E8683322
:0444130000080E632C
:04441400086886634B
:0444150000031E631F
:04441600001005137A
:04441700010101138B
:0444180000008067B9
:044419000807986395
:04441A000010051376
:04441B00FA089AE31E
:04441C00FFF0051395
:04441D00FADFF06F63
:04441E0000586833A7
:04441F0001F8683305
:0444200001E8683314
:044421000608126314
:04442200FCD516E3CC
:0444230001D6663325
:0444240001C6663334
:0444250000B6663344
:04442600002005135A
:04442700F80612E39E
:04442800FA689AE3B1
:044429000000051377
:04442A00F79FF06F99
:04442B00FA0504E3A7
:04442C00FA6892E3B5
:04442D00FAD540E399
:04442E0002A6C263BD
:04442F00F9E5ECE3DC
:0444300000BF1E6348
:04443100F9FE68E345
:0444320001CF9A63B9
:04443300F90EE4E3B7
:0444340001D8166332
:04443500F85660E3F2
:04443600FCC2F6E3EB
:044437000010051359
:04443800F40310E396
:04443900F8DFF06F49
:04443A000020051346
:04443B000101011367
:04443C000000806795
:04443D00F66890E3AA
:04443E00FC1FF06F00
:04443F0000C5A80309
:04444000F60101136D
:044441000045A68309
:044442000085A883C6
:0444430008912A238F
:044444000005A48348
:044445000108171340
:04444600000085B736
:0444470001075713FF
:04444800010857937D
:04444900FFF5859363
:04444A0008812C2396
:04444B0009212823F8
:04444C0009312623E9
:04444D0009412423DA
:04444E0009512223CB
:04444F0007712E23A0
:0444500008112E23FE
:0444510009612023BA
:0444520007812C238F
:04445300049120238D
:0444540004D122234A
:044455000511242306
:044456000501262313
:044457000091282385
:0444580000D12A2342
:0444590001112C23FE
:04445A0000E12E232C
:04445B0000B7F7B3FC
:04445C0000062A83A9
:04445D000046298369
:04445E0000862B8326
:04445F0000C6290367
:04446000000504133C
:0444610001F85A13F1
:044462003207846336
:0444630018B78A6399
:04446400000106B796
:0444650000D76733E2
:0444660000E12E2320
:044467000101051337
:0444680001C10693F5
:044469000037159370
:04446A00FFC6A703DF
:04446B00FFC686936F
:04446C0001D756130B
:04446D0000B66633FC
:04446E0000C6A223BF
:04446F00FED514E37F
:04447000FFFFC7374C
:0444710000349493EC
:044472000017071315
:044473000091282369
:0444740000000B1326
:0444750000E784B325
:0444760000000C1323
:04447700010915130F
:04447800000086B703
:0444790001095713CB
:04447A0001055513D0
:04447B00FFF687932E
:04447C0005212623CD
:04447D0005512023A2
:04447E0005312223BF
:04447F00057124237C
:0444800003512023A1
:0444810003312223BE
:04448200037124237B
:0444830002A1262349
:0444840000F7773393
:0444850001F95913CD
:044486001C070063AC
:0444870012F70263C3
:04448800000107B771
:0444890000F56533A2
:04448A0002A1262342
:04448B000201059392
:04448C0002C10693D0
:04448D0000351613CD
:04448E00FFC6A503BD
:04448F00FFC686934B
:0444900001D5579368
:0444910000C7E7B3C6
:0444920000F6A2236B
:04449300FED594E3DB
:04449400FFFFC7B7A8
:0444950000178793F2
:04449600003A9A93BB
:0444970000F70733F0
:044498000351202389
:04449900009707334E
:04449A000000061305
:04449B0000A00693E4
:04449C00001707936B
:04449D001166C6637B
:04449E00012A483374
:04449F000020069360
:0444A00000080A13F3
:0444A1003366D26349
:0444A200001006936D
:0444A300016696B365
:0444A4005306F59333
:0444A5000E05966307
:0444A6000886F593FC
:0444A7000005846325
:0444A8007890006F99
:0444A9002406F6935C
:0444AA0036068463EB
:0444AB00000087B7CF
:0444AC0000000813F1
:0444AD00FFF78793FB
:0444AE00000087374C
:0444AF000000069370
:0444B00000000613EF
:0444B100000005936F
:0444B20000F81813E3
:0444B3000107E7B363
:0444B40004E11623E6
:0444B50004F11723D4
:0444B60004C1278393
:0444B70009C1208394
:0444B80000B4202309
:0444B90000C42223F6
:0444BA0000D42423E3
:0444BB0000F42623C0
:0444BC0000040513E0
:0444BD00098124034A
:0444BE000941248309
:0444BF0009012903C3
:0444C00008C1298383
:0444C10008812A0341
:0444C20008412A8300
:0444C30008012B03BE
:0444C40007C12B837E
:0444C50007812C033C
:0444C6000A010113D3
:0444C700000080670A
:0444C80000D4E6B383
:0444C9000116E6B33F
:0444CA0000E6E6B36F
:0444CB002C069463C4
:0444CC0000800B134E
:0444CD0000078493CD
:0444CE0000200C13AB
:0444CF00EA1FF06F81
:0444D000013AE9B311
:0444D1000179E9B3D1
:0444D20000A9E9B3A1
:0444D30000E4873347
:0444D4002A098A63C4
:0444D500012A48333D
:0444D600003B6B1329
:0444D70000A0061328
:0444D80000080A13BB
:0444D90000D487B3D1
:0444DA006B6648E3E2
:0444DB000010069334
:0444DC00016696B32C
:0444DD005306F593FA
:0444DE000030061391
:0444DF00F0058EE373
:0444E00001412683ED
:0444E10001C12703EB
:0444E200000C0613B1
:0444E30002D12A23B5
:0444E4000101268329
:0444E50002D12823B5
:0444E60001812683A7
:0444E70002D12C23AF
:0444E80002E12E239C
:0444E9000020071395
:0444EA001EE6006367
:0444EB000030071383
:0444EC00EEE60EE307
:0444ED0000100713A1
:0444EE00000A0813A5
:0444EF0056E61AE390
:0444F000000007932E
:0444F10000000713AD
:0444F200000006932D
:0444F30000000613AC
:0444F400000005932C
:0444F500EF5FF06F16
:0444F600013AE7B3ED
:0444F7000177E7B3AF
:0444F80000A7E7B37F
:0444F90020078063B5
:0444FA000005146342
:0444FB000180106FBD
:0444FC00018030EF1C
:0444FD00FF450893DC
:0444FE0002000E1397
:0444FF00411E0E3319
:04450000000006931E
:04450100011A9AB34E
:0445020040D003336F
:04450300002313136B
:044504000201081395
:044505000068073310
:0445060000300593E9
:0445070040600333DA
:0445080000C727833E
:0445090000872603FE
:04450A0000670EB385
:04450B00011797B34A
:04450C0001C656335B
:04450D0000C7E7B349
:04450E0000FEA623E2
:04450F00FFF585939C
:04451000FFC70713C7
:04451100FCB6CEE343
:0445120000269713D5
:0445130005070793FE
:044514000101071387
:0445150000E7873301
:04451600FD5720230A
:04451700FFF6879391
:04451800FFF0071396
:0445190002E78A63C8
:04451A00001787936C
:04451B00002797934B
:04451C000080069382
:04451D000008071378
:04451E0000D7EA6375
:04451F000201202352
:04452000000822234A
:04452100FF878793F6
:0445220002810713F8
:0445230000400693BB
:0445240000D7E46375
:044525000007202348
:04452600FFFFC73795
:04452700011707135E
:0445280040A707336E
:0445290000970733BD
:04452A000000061374
:04452B00DC1FF06F32
:04452C0000D4E7B31D
:04452D000117E7B3D8
:04452E0000E7E7B308
:04452F0010078C6382
:044530006E0704E32B
:044531000007051367
:04453200741020EFF2
:04453300FF450893A5
:0445340002000E1360
:04453500411E0E33E2
:0445360000000693E8
:04453700011494B324
:0445380040D0033339
:044539000023131335
:04453A000101081360
:04453B0000680733DA
:04453C0000300593B3
:04453D0040600333A4
:04453E0000C7278308
:04453F0000872603C8
:0445400000670EB34F
:04454100011797B314
:0445420001C6563325
:0445430000C7E7B313
:0445440000FEA623AC
:04454500FFF5859366
:04454600FFC7071391
:04454700FCB6CEE30D
:04454800002697139F
:0445490005070793C8
:04454A000101071351
:04454B0000E78733CB
:04454C00FA9728238F
:04454D00FFF687935B
:04454E00FFF0071360
:04454F0002E78A6392
:044550000017879336
:044551000027979315
:04455200008006934C
:044553000008071342
:0445540000D7EA633F
:044555000001282316
:044556000008222314
:04455700FF878793C0
:0445580001810713C3
:044559000040069385
:04455A0000D7E4633F
:04455B000007202312
:04455C00FFFFC7B7DF
:04455D000117879328
:04455E0040A784B33B
:04455F0000000B133A
:0445600000000C1338
:04456100C59FF06F93
:04456200000087B717
:04456300000A08132F
:04456400FFF7879343
:044565000000071338
:0445660000000693B8
:044567000000061337
:0445680000000593B7
:04456900D25FF06FBE
:04456A00FFFB0B1335
:04456B0000100693A3
:04456C000766E0639B
:04456D00024126835E
:04456E0002C127035C
:04456F0002D12A2328
:04457000020126839B
:0445710002D1282328
:044572000281268319
:0445730002D12C2322
:04457400DD1FF06FE8
:0445750000400B13E4
:0445760000000493AA
:0445770000100C1311
:04457800BFDFF06F42
:04457900001B6B13A5
:04457A00000487139F
:04457B000010061313
:04457C00C7DFF06F36
:04457D0000C00B135C
:04457E00000784931B
:04457F0000300C13E9
:04458000BDDFF06F3C
:04458100002B6B138D
:0445820000200613FC
:04458300C61FF06FF0
:0445840001012A0304
:044585000201298383
:0445860000010FB76A
:04458700FFFF83139C
:04458800006A78B39A
:044589000069F3339F
:04458A0007912A2348
:04458B0007A1282339
:04458C0007B126232A
:04458D00010A5F13AD
:04458E000109DE93AE
:04458F000008851388
:04459000000305938C
:044591004ED020EFF9
:0445920000050E13FF
:04459300000E8593FE
:044594000008851383
:044595004DD020EFF6
:044596000005089381
:044597000003059385
:04459800000F0513F8
:044599004CD020EFF3
:04459A000005031302
:04459B00000E8593F6
:04459C00000F0513F4
:04459D004BD020EFF0
:04459E00010E569321
:04459F00006888B375
:0445A000011686B3C7
:0445A1000066F46359
:0445A20001F50533E7
:0445A30000010EB74E
:0445A400FFFE8593FE
:0445A5000241248328
:0445A60000B6F63332
:0445A70000BE7E33A1
:0445A80001061613DF
:0445A9000106D6939E
:0445AA0000A686B32E
:0445AB0000BA7333AC
:0445AC0001C605330C
:0445AD0000B4F8B3AB
:0445AE0004A1202321
:0445AF0004D12223EE
:0445B000010A5F138A
:0445B1000104DF938F
:0445B20000030513EA
:0445B30000088593E4
:0445B400461020EF9E
:0445B50000050E13DC
:0445B600000F8593DA
:0445B70000030513E5
:0445B800451020EF9B
:0445B90000050313E3
:0445BA0000088593DD
:0445BB00000F0513D5
:0445BC00441020EF98
:0445BD00000508935A
:0445BE00000F8593D2
:0445BF00000F0513D1
:0445C000431020EF95
:0445C100010E5F1375
:0445C20001130333AB
:0445C300006F0F3343
:0445C40000050C934F
:0445C500011F7463FB
:0445C60001D50CB35C
:0445C7000141290382
:0445C800000102B735
:0445C900FFF28593E5
:0445CA0000BF78B303
:0445CB0000BE753386
:0445CC0000B973338C
:0445CD0000B9FEB380
:0445CE0001089893B5
:0445CF0000A888B305
:0445D000010F5F1365
:0445D10001095393F6
:0445D2000109DF9369
:0445D30000030513C9
:0445D400000E8593BD
:0445D5003DD020EFC6
:0445D60000050E13BB
:0445D700000F8593B9
:0445D80000030513C4
:0445D9003CD020EFC3
:0445DA0000050313C2
:0445DB00000E8593B6
:0445DC000003851340
:0445DD003BD020EFC0
:0445DE0000050E9333
:0445DF00000F8593B1
:0445E000000385133C
:0445E1003AD020EFBD
:0445E200010E5F93D4
:0445E30001D30333CA
:0445E400006F8FB322
:0445E50001DFF4639B
:0445E6000055053344
:0445E700000102B716
:0445E800FFF28E93BD
:0445E90001DFFAB341
:0445EA0001DE7E333D
:0445EB0001D973334C
:0445EC00010FDF9349
:0445ED0001D4FEB344
:0445EE00010A9A9391
:0445EF0000AF8FB3D7
:0445F00001CA8AB3BF
:0445F10001095B134E
:0445F2000104D3935A
:0445F30000030513A9
:0445F400000E85939D
:0445F50035D020EFAE
:0445F60000050E139B
:0445F70000038593A5
:0445F80000030513A4
:0445F90034D020EFAB
:0445FA0000050313A2
:0445FB00000E859396
:0445FC00000B051398
:0445FD0033D020EFA8
:0445FE0000050B9316
:0445FF00000385939D
:04460000000B051393
:0446010032D020EFA4
:04460200010E5E93B4
:044603000173033309
:04460400006E8EB303
:04460500017EF463DB
:044606000055053323
:044607000281228387
:04460800000103B7F3
:04460900FFF38593A3
:04460A0000BEF333C8
:04460B0000BE76B3C4
:04460C0000BA7BB3C2
:04460D0000B2FB33C9
:04460E00010EDE9328
:04460F00010313137D
:0446100000AE8EB3B7
:0446110000D303339C
:04461200010A5D1329
:044613000102DC13B1
:04461400000B8513FF
:04461500000B0593FE
:044616002D9020EFD4
:0446170000050E1379
:04461800000C0593FA
:04461900000B8513FA
:04461A002C9020EFD1
:04461B0000050B93F8
:04461C00000B0593F7
:04461D00000D051374
:04461E002B9020EFCE
:04461F0000050B1374
:04462000000C0593F2
:04462100000D051370
:044622002A9020EFCB
:04462300010E56939B
:04462400016B8BB3E8
:04462500017686B3E1
:044626000166F463D2
:0446270000750533E2
:0446280000010DB7C9
:04462900FFFD8B13F3
:04462A000181238364
:04462B000166F5B37C
:04462C000106D6931A
:04462D00016E763371
:04462E0000A686B3A9
:04462F000105959359
:044630000163FE33F1
:0446310000D124236D
:044632000169FB33EC
:0446330000C586B385
:0446340000D1262368
:044635000103DD138D
:044636000109DC1387
:04463700000E051359
:04463800000B0593DB
:0446390024D020EF7A
:04463A0000050B93D9
:04463B00000C0593D7
:04463C00000E051354
:04463D0023D020EF77
:04463E0000050E1352
:04463F00000B0593D4
:04464000000D051351
:0446410022D020EF74
:0446420000050B1351
:04464300000C0593CF
:04464400000D05134D
:0446450021D020EF71
:04464600016E0E33C0
:04464700010BD693FA
:0446480000DE0E334F
:04464900016E746327
:04464A0001B505337E
:04464B00044126837D
:04464C0000010B3727
:04464D00FFFB0593D7
:04464E00011688B316
:04464F0000D8B6B326
:0446500000DF0F3345
:04465100019F0F3383
:0446520001588AB3CE
:0446530001FF0FB3A1
:04465400011AB8B3DC
:04465500011F88B306
:0446560001EFB63387
:0446570001F8BFB3F4
:0446580000DF3F330D
:0446590001F66633CD
:04465A0001E606333C
:04465B0000C12F0368
:04465C00006886B3B9
:04465D0000812F8326
:04465E0001D60EB3C0
:04465F0000BE7333F3
:044660000116B8B3D4
:04466100011E88B3FB
:0446620001E68F33AB
:044663000103131329
:0446640000BBFBB3E9
:0446650001F88FB316
:04466600010E5E13D0
:0446670001730BB31D
:0446680000DF36B386
:0446690000DF86B335
:04466A00017F033396
:04466B0000AE053365
:04466C0000A68533EC
:04466D0001E33F33F3
:04466E0002C12E0354
:04466F0001E50F331F
:0446700000CEB6338F
:0446710001D8BEB3FB
:04467200011FB8B3B9
:0446730001F6BFB3DA
:0446740001F8E8B3AE
:0446750001D66633D1
:0446760000D536B382
:0446770000AF353328
:0446780001160633EE
:0446790000A6E6B3FE
:04467A0000BA78B357
:04467B0000C686B33C
:04467C0000BE7FB34A
:04467D0005E126230A
:04467E00055122239D
:04467F00046124238B
:0446800004D1282316
:04468100010A5A13BD
:04468200010E5F13B3
:044683000008851393
:04468400000F85930B
:0446850011D020EF41
:0446860000050E938A
:04468700000F059388
:04468800000885138E
:0446890010D020EF3E
:04468A00000508938C
:04468B00000F859304
:04468C00000A051308
:04468D000FD020EF3B
:04468E00000503130D
:04468F00000F059380
:04469000000A051304
:044691000ED020EF38
:04469200010ED693AC
:04469300006888B380
:04469400011686B3D2
:044695000066F46364
:044696000165053382
:0446970001C1230337
:0446980000010A37DC
:04469900FFFA05938C
:04469A0000B6FFB3B4
:04469B0000B378B33D
:04469C0000B9FF332F
:04469D000106DB1324
:04469E00010F9F93D6
:04469F0000BEF6B3B0
:0446A00000AB0B332D
:0446A10000DF8FB3F4
:0446A20001035A9323
:0446A3000109D9939D
:0446A4000008851372
:0446A500000F05936A
:0446A600099020EF68
:0446A70000050E9369
:0446A80000098593ED
:0446A900000885136D
:0446AA00089020EF65
:0446AB00000508936B
:0446AC00000F059363
:0446AD00000A851367
:0446AE00079020EF62
:0446AF0000050F13E0
:0446B00000098593E5
:0446B100000A851363
:0446B200069020EF5F
:0446B30001E886B3E1
:0446B400010ED6130A
:0446B50000C686B302
:0446B60001E6F463C2
:0446B7000145053381
:0446B800000109B73D
:0446B900FFF98593ED
:0446BA0000B6FA3319
:0446BB0000BEF63314
:0446BC0000B97BB313
:0446BD000106D69389
:0446BE0000B2FEB395
:0446BF00010A1A13BF
:0446C00000A68F338E
:0446C10000CA0A33EE
:0446C20001095893FF
:0446C3000102DA9383
:0446C400000B85134F
:0446C500000E8593CB
:0446C600019020EF50
:0446C70000050C13CB
:0446C800000A8593CC
:0446C900000B85134A
:0446CA00009020EF4D
:0446CB0000050B9348
:0446CC00000E8593C4
:0446CD000008851349
:0446CE007F8020EFDA
:0446CF0000050E9341
:0446D000000A8593C4
:0446D1000008851345
:0446D2007E8020EFD7
:0446D300010C5A93E9
:0446D40001DB8BB3C8
:0446D500017A8AB329
:0446D60001DAF463AE
:0446D7000135053371
:0446D800000108B71E
:0446D900FFF88593CE
:0446DA0000BAFBB374
:0446DB0000BC76B3F6
:0446DC0000B3F9B37B
:0446DD0000B4FEB374
:0446DE00010ADA9360
:0446DF00010B9B939D
:0446E00000AA8AB3EF
:0446E10000DB8BB3BC
:0446E2000103DD13E0
:0446E3000104DC935F
:0446E4000009851331
:0446E500000E8593AB
:0446E600798020EFC8
:0446E70000050C13AB
:0446E800000C8593AA
:0446E900000985132C
:0446EA00788020EFC5
:0446EB00000509932A
:0446EC00000E8593A4
:0446ED00000D0513A4
:0446EE00778020EFC2
:0446EF0000050E9321
:0446F000000C8593A2
:0446F100000D0513A0
:0446F200768020EFBF
:0446F300010C5D1346
:0446F40001D989B3AC
:0446F500013D0D3343
:0446F60000050C931C
:0446F70001DD74630A
:0446F80001150CB3E9
:0446F90004C129834C
:0446FA00050128830B
:0446FB0000010EB7F5
:0446FC0001F9863307
:0446FD0001688B3392
:0446FE00013639B395
:0446FF00FFFE8593A2
:04470000014606B3B5
:04470100013B09B3BC
:0447020001E98F3307
:0447030000BD7A3348
:0447040000C6B63302
:0447050000CF0633A8
:0447060001768BB3FA
:0447070000BC7C3343
:04470800010A1A1375
:0447090001560AB398
:04470A00018A0FB35E
:04470B00010D551334
:04470C0000DBB6B365
:04470D0001FB8A33EF
:04470E0000DA86B394
:04470F0001950533D8
:0447100000A6853347
:04471100017A3BB33B
:04471200011B38B39C
:044713000169BB334A
:04471400013F39B375
:0447150001E63F3347
:0447160001750FB367
:0447170001E9E9B318
:044718000168E8B399
:0447190000CAB633E9
:04471A000156BAB3D7
:04471B00013888B326
:04471C0001566633A9
:04471D0000D536B3DA
:04471E0000AFB53300
:04471F000116063346
:0447200000A6E6B356
:0447210000B3F8B336
:0447220000C686B394
:0447230000B2FAB333
:044724000541262302
:0447250005F128234F
:0447260004D12A236D
:044727000103DA139D
:044728000102D9931E
:0447290000088513EC
:04472A00000A859369
:04472B00684020EFD3
:04472C0000050F1362
:04472D000009859367
:04472E0000088513E7
:04472F00674020EFD0
:0447300000050893E5
:04473100000A859362
:04473200000A051361
:04473300664020EFCD
:0447340000050F93DA
:04473500000985935F
:04473600000A05135D
:04473700654020EFCA
:0447380001F886B34B
:04473900010F561303
:04473A0000C686B37C
:04473B0001F6F4632C
:04473C0001D505336B
:04473D0000010FB7B1
:04473E00FFFF859361
:04473F0000B6FAB313
:0447400000BF76330D
:0447410000B978B390
:044742000106D69303
:0447430000BE7F3302
:04474400010A9A9339
:0447450000A68B330C
:0447460000CA8AB368
:0447470001095913F8
:04474800010E599372
:0447490000088513CC
:04474A00000F0593C4
:04474B00604020EFBB
:04474C0000050E93C3
:04474D000009859347
:04474E0000088513C7
:04474F005F4020EFB8
:0447500000050893C5
:04475100000F0593BD
:044752000009051342
:044753005E4020EFB5
:0447540000050F133A
:04475500000985933F
:04475600000905133E
:044757005D4020EFB2
:04475800010EDC135F
:0447590001E888B338
:04475A00011C0C33FF
:04475B0001EC746396
:04475C0001F505332B
:04475D0000010FB791
:04475E00FFFF859341
:04475F0000BC7633F1
:0447600000BEF6B3EE
:0447610000B378B376
:0447620000B4FEB3EE
:044763000106161322
:04476400010C5C13D5
:0447650000AC0C3365
:0447660000D609333D
:04476700010359935E
:044768000104D493E1
:0447690000088513AC
:04476A00000E859325
:04476B00584020EFA3
:04476C0000050F1322
:04476D00000485932C
:04476E0000088513A7
:04476F00574020EFA0
:0447700000050893A5
:04477100000E85931E
:0447720000098513A2
:04477300564020EF9D
:0447740000050E939B
:044775000004859324
:04477600000985139E
:04477700554020EF9A
:04477800010F5B933F
:0447790001D888B328
:04477A00011B8BB3E1
:04477B0001DBF46307
:04477C0001F505330B
:04477D0000010EB772
:04477E00FFFE859322
:04477F0000BBFFB3C9
:0447800000B3F8B3D7
:0447810000BF76B34C
:0447820000BE79B349
:04478300010BDB93B8
:04478400010F9F93EF
:0447850000AB8BB347
:0447860000DF8FB30E
:044787000103D393C4
:04478800010E549337
:04478900000885138C
:04478A00000985930A
:04478B00504020EF8B
:04478C0000050F1302
:04478D00000485930C
:04478E000008851387
:04478F004F4020EF88
:044790000005089385
:044791000009859303
:044792000003851388
:044793004E4020EF85
:044794000005099380
:044795000004859304
:044796000003851384
:044797004D4020EF82
:04479800010F539327
:04479900013888B3A8
:04479A00011383B3D1
:04479B000133F4638F
:04479C0001D505330B
:04479D0000010EB752
:04479E00FFFE859302
:04479F0000B3F4B3BC
:0447A00000BF76B32D
:0447A10000B37A33B4
:0447A20000B2FF332F
:0447A3000103D393A8
:0447A40001049493E5
:0447A50000A383B337
:0447A60000D484B304
:0447A700010358931F
:0447A8000102D293A5
:0447A900000A0513EA
:0447AA00000F059364
:0447AB00484020EF73
:0447AC000005099368
:0447AD0000028593EE
:0447AE00000A0513E5
:0447AF00474020EF70
:0447B00000050A13E3
:0447B100000F05935D
:0447B2000008851363
:0447B300464020EF6D
:0447B40000050F13DA
:0447B50000028593E6
:0447B600000885135F
:0447B700454020EF6A
:0447B80001EA06B359
:0447B9000109D89387
:0447BA0000D888B3E8
:0447BB0000050A13D8
:0447BC0001E8F463B9
:0447BD0001D50A33E5
:0447BE000501258349
:0447BF0005412F037E
:0447C00000010EB72F
:0447C100015582B369
:0447C200016F0B3345
:0447C30000B2B5B3D8
:0447C4000122863315
:0447C50000BB05B37D
:0447C60001858C33AA
:0447C700005632B3B3
:0447C800005C06B3D8
:0447C90001F60FB333
:0447CA0001768BB336
:0447CB0000CFB63332
:0447CC0000CB863365
:0447CD0001EB3F338A
:0447CE000165BB3393
:0447CF0000BC35B342
:0447D0000186BC336F
:0447D100FFFE8293D2
:0447D2000185E5B3C5
:0447D300016F6F33D0
:0447D40000DBB6B39D
:0447D50001763BB37B
:0447D6000058F9335B
:0447D70000BF0F33DD
:0447D8000176E6B3CD
:0447D900009605330E
:0447DA0001E686B3BB
:0447DB000059F9B3D5
:0447DC0001091F139D
:0447DD00007685B32A
:0447DE0000C53633A9
:0447DF00013F03B3E0
:0447E0000108D89361
:0447E10000C5863356
:0447E200007503B3A8
:0447E300014888B34E
:0447E400011608B3FF
:0447E50000A3B53345
:0447E60000A885336F
:0447E70000D5B6B390
:0447E80000B635B32F
:0447E90000C8B6331B
:0447EA00011538B3CA
:0447EB00011666331A
:0447EC0000B6E6B37A
:0447ED00005374B34E
:0447EE0000C686B3C8
:0447EF00005E72B343
:0447F00004A12C23D1
:0447F10005F1282383
:0447F20004712A2301
:0447F30004D12E239C
:0447F4000103531357
:0447F500010E5893C6
:0447F6000004851323
:0447F70000028593A4
:0447F800350020EF79
:0447F90000050F9315
:0447FA00000885939B
:0447FB00000485131E
:0447FC00340020EF76
:0447FD0000050E1392
:0447FE00000285939D
:0447FF00000305139B
:04480000330020EF72
:0448010000050F138C
:044802000008859392
:044803000003051396
:04480400320020EF6F
:04480500010FD69336
:0448060001EE0E337E
:0448070001C686B3AD
:0448080001E6F4636E
:0448090001D505339D
:04480A00000103376F
:04480B00FFF30313A1
:04480C000581288377
:04480D000066F63318
:04480E00006FF5B38F
:04480F000106161375
:0448100005C12303B8
:0448110000B60633B4
:0448120000C8863321
:044813000106D69331
:04481400006686B301
:04481500011638B39D
:044816000401230373
:04481700011686B34D
:0448180004412883AC
:0448190000A686B3BC
:04481A0004C125832D
:04481B0004812503EC
:04481C000068E8B395
:04481D0004D12E2371
:04481E0000A8E8B353
:04481F0000D5951318
:0448200004C12C2380
:0448210001156533E5
:0448220004010693F4
:044823000501031375
:044824000135D893EF
:044825000106A58360
:04482600004686932F
:0448270000D596130F
:0448280001166633DC
:04482900FEC6AE23F6
:04482A00FE6694E3AF
:04482B00040126035B
:04482C0000A036B3FF
:04482D0004C125831A
:04482E0000C6E6B327
:04482F0004812603D7
:0448300002B12E2380
:0448310002D1282365
:0448320002C12C2370
:044833000441260313
:0448340002C12A2370
:0448350000B5961321
:044836003806546389
:0448370001F69513DE
:04483800030107135E
:0448390003C108931C
:04483A000016D3137E
:04483B000047268389
:04483C000047071317
:04483D0001F69613D7
:04483E000066663377
:04483F00FEC72E235F
:04484000FF1714E367
:044841000301270345
:0448420000A036B3E9
:044843000015D593F4
:0448440000D76733FF
:0448450002E1282341
:0448460007412C8377
:0448470007012D0335
:0448480006C12D83F5
:0448490002B12E2367
:04484A0000078713C9
:04484B000080006F7A
:04484C0000078713C7
:04484D0000004637EA
:04484E00FFF6061358
:04484F0000C7063365
:0448500010C05663DB
:0448510003012783B5
:0448520003C12683F5
:044853000077F59362
:044854000405826372
:0448550000F7F593E0
:044856000040051306
:0448570002A58C63C7
:0448580003412503F0
:0448590000478793FA
:04485A00038128832B
:04485B000047B593CA
:04485C0000A58533FB
:04485D0000B535B3BA
:04485E0000B885B366
:04485F000115B8B3D4
:04486000011686B304
:0448610002F1282315
:0448620002A12A2362
:0448630002B12C234F
:0448640002D12E232C
:0448650000B697936F
:044866000007DE6306
:04486700FFF007B7A0
:04486800FFF787933C
:0448690000F6F6B3AC
:04486A0000004637CD
:04486B0002D12E2325
:04486C0000C7063348
:04486D00030125839B
:04486E0003010793A8
:04486F0003C10893E6
:044870000035D51327
:044871000047A583D4
:0448720000478793E1
:0448730001D59713C1
:0448740000A76733FF
:04487500FEE7AE2389
:04487600FF1794E3B1
:04487700000087377F
:04487800000087B7FE
:04487900FFE707133B
:04487A00FFF787932A
:04487B009CC74C6327
:04487C000036D71318
:04487D0000F677B317
:04487E000107171304
:04487F000107979303
:044880000301258388
:0448810003412603C6
:044882000381268305
:0448830001075713BF
:044884000107D793BE
:044885008B4FF06FF6
:0448860000F0071324
:0448870000300613E4
:0448880000EB1463CA
:04488900888FF06FB5
:04488A00024126833E
:04488B0002C127033C
:04488C0000090A1302
:04488D0002D12A2307
:04488E00020126837A
:04488F0002D1282307
:0448900002812683F8
:0448910002D12C2301
:04489200958FF06F9F
:044893002206126384
:044894000301278372
:0448950003C1230335
:0448960000300713D4
:0448970001F79793FB
:0448980000135313A3
:044899000010059373
:04489A0001F00E1308
:04489B00030106937C
:04489C0000261613C9
:04489D0000271F13BE
:04489E0000C6853398
:04489F0000068893F4
:0448A00001E68EB3EC
:0448A10000052603E5
:0448A20000452F831B
:0448A30000488893AE
:0448A40000B65633D1
:0448A50001CF9FB3ED
:0448A60001F666337E
:0448A700FEC8AE2376
:0448A80000450513AF
:0448A900FFD890E3C1
:0448AA00050F0613DD
:0448AB00010105936F
:0448AC0000B60F3310
:0448AD0000170713D6
:0448AE00FC6F282350
:0448AF0000400613AC
:0448B00003012303DA
:0448B10002C70E63C9
:0448B20000400613A9
:0448B30040E60633A2
:0448B40000261613B1
:0448B50000271713AE
:0448B60000800593E6
:0448B70000E687335D
:0448B80000B66A6379
:0448B90000072023B1
:0448BA0000072223AE
:0448BB00FF8606135B
:0448BC000087071357
:0448BD00004005931F
:0448BE0000B6646379
:0448BF0000072023AB
:0448C00000F037B31A
:0448C1000067E7B3F2
:0448C20002F12823B4
:0448C3000077F61371
:0448C40003C1270302
:0448C5000406026380
:0448C60000F7F613EE
:0448C7000040059315
:0448C80002B60C63C5
:0448C900034126037E
:0448CA000047879389
:0448CB00038125033D
:0448CC000047B59359
:0448CD0000B605B379
:0448CE0000C5B63338
:0448CF0000C50633E7
:0448D00000A63533D6
:0448D10000A7073302
:0448D20002F12823A4
:0448D30002B12A23E1
:0448D40002C12C23CE
:0448D50002E12E23AB
:0448D60000C717936D
:0448D7001A07CE638B
:0448D80003012603AF
:0448D90000068793BB
:0448DA0003C10513FE
:0448DB0000365593BB
:0448DC000047A603E8
:0448DD000047879376
:0448DE0001D6169356
:0448DF0000B6E6B386
:0448E000FED7AE232E
:0448E100FEA794E3B7
:0448E2000037571331
:0448E300010717139F
:0448E4000301258324
:0448E5000341260362
:0448E60003812683A1
:0448E700010757135B
:0448E8000000079332
:0448E900F25FE06F2B
:0448EA0016089063B9
:0448EB001A068C63BA
:0448EC00000685132A
:0448ED00054020EF73
:0448EE0004050513A5
:0448EF00FF450793E7
:0448F00001F7F89341
:0448F1004057D693C3
:0448F20022089063A5
:0448F30040D0063378
:0448F4000026161371
:0448F50000C607935F
:0448F60001010813A1
:0448F70000F807B30B
:0448F80040C0063383
:0448F9000007A88389
:0448FA0000C785B3BB
:0448FB000007871318
:0448FC000115A023DF
:0448FD00FFC78793D7
:0448FE00FEE816E3D7
:0448FF00FFF68793A6
:04490000938FF06F32
:044901000E0B9A639C
:0449020012098463AF
:04490300000985130F
:044904007F9010EFA1
:04490500040505138D
:04490600FF450793CF
:0449070001F7F89329
:044908004057D693AB
:044909001E0892638F
:04490A0040D0063360
:04490B000026161359
:04490C0000C6079347
:04490D000201081388
:04490E0000F807B3F3
:04490F0040C006336B
:044910000007A88371
:0449110000C785B3A3
:044912000007871300
:044913000115A023C7
:04491400FFC78793BF
:04491500FEE816E3BF
:04491600FFF687938E
:04491700804FF06F6E
:0449180007412C83A4
:0449190007012D0362
:04491A0006C12D8322
:04491B00CC9FF06FCE
:04491C0000100793ED
:04491D0040C787B355
:04491E000740071334
:04491F0000F75463E6
:04492000F41FE06F31
:0449210001F7F59312
:0449220002000E136E
:044923004057D61310
:0449240040BE0E3350
:04492500160602630D
:0449260003010693F0
:0449270000261893BB
:0449280000068713EB
:0449290000D888B377
:04492A0000000793EF
:04492B000007250359
:04492C000047071326
:04492D0000A7E7B345
:04492E00FF171AE372
:04492F0000060893E3
:044930000030071339
:0449310040C7073341
:0449320000068513E3
:044933000026131334
:044934000E05946375
:04493500006508B35E
:044936000008A8834A
:04493700001585934F
:04493800004505131E
:04493900FF152E2315
:04493A00FEB756E38B
:04493B00004007131E
:04493C0040C7073336
:04493D00DC9FF06F9C
:04493E00000B8513D2
:04493F0070D010EF35
:044940000205051354
:04494100F15FF06FC3
:0449420000088513D1
:044943006FD010EF32
:044944000205051350
:04494500EA9FF06F86
:0449460000100793C3
:044947000000071352
:0449480000000693D2
:044949000000061351
:04494A0000000593D1
:04494B00D9DFE06F61
:04494C00000A8513C5
:04494D006D5010EFAA
:04494E000545079381
:04494F0001F7F893E1
:044950000605051340
:044951004057D69362
:04495200EE0880E308
:0449530000200793A6
:04495400011A9AB3F7
:0449550004F692636F
:0449560002000E133A
:04495700411E0E33BC
:04495800EA9FE06F83
:0449590000048513BE
:04495A006A1010EFE0
:04495B000545079374
:04495C0001F7F893D4
:04495D000605051333
:04495E004057D69355
:04495F00E40888E3FD
:044960000020079399
:04496100011494B3F6
:0449620002F6906366
:0449630002000E132D
:04496400411E0E33AF
:04496500F4DFE06F2C
:0449660003512623B0
:044967000020079392
:04496800020108132D
:04496900EC5FE06FB0
:04496A0000912E2367
:04496B00002007938E
:04496C00010108132A
:04496D00F8DFE06F20
:04496E000028951375
:04496F000505051322
:0449700001010893A6
:0449710001150533F4
:04497200FD05250317
:0449730003C1230356
:0449740001C5153331
:0449750000A7E7B3FD
:0449760000B3533304
:04497700C8071AE370
:044978000010071311
:04497900CE5FF06FAE
:04497A0002000E1316
:04497B00411E0E3398
:04497C00011494B3DB
:04497D00EEDFE06F1A
:04497E00000008939A
:04497F00000007939A
:044980000301069396
:04498100EBDFF06F09
:0449820002000E130E
:04498300411E0E3390
:04498400011A9AB3C7
:04498500DF5FE06FA1
:04498600FA0101131E
:0449870004912A234A
:0449880000C5A4833F
:044989000045A7033B
:04498A000005A80379
:04498B000085A78379
:04498C0001049693F9
:04498D0000062303FA
:04498E0000462F832D
:04498F0000862E036D
:0449900000C62583B5
:0449910004812C234E
:044992000106D693B1
:044993000014941365
:0449940005212823AE
:0449950002E12A23EE
:0449960002912E2339
:0449970000E12A23EE
:0449980004112E23B5
:0449990000050913F9
:04499A0003012823CA
:04499B0002F12C23D6
:04499C0001012823CA
:04499D0000F12C23D6
:04499E0000D12E23F3
:04499F000114541398
:0449A00001F4D493B7
:0449A10001010E936F
:0449A20001C1071335
:0449A3000036961331
:0449A400FFC72683A0
:0449A50000070F13E5
:0449A600FFC707132D
:0449A70001D6D793CB
:0449A80000C7E7B3AA
:0449A90000F72223CE
:0449AA00FEEE92E3A8
:0449AB000105961359
:0449AC000038189324
:0449AD000106561396
:0449AE000015981345
:0449AF0003F12A23C3
:0449B00002B12E23FF
:0449B10003F12223C9
:0449B20001112823A4
:0449B3000261282352
:0449B40003C12C23EC
:0449B5000261202358
:0449B60003C12423F2
:0449B70002C12623F0
:0449B8000118581377
:0449B90001F5D5939C
:0449BA0002010F9354
:0449BB0002C107939B
:0449BC000036151399
:0449BD00FFC7A60387
:0449BE00FFC7879315
:0449BF0001D6569334
:0449C00000A6E6B3B4
:0449C10000D7A22356
:0449C200FEFF94E37D
:0449C3000033131397
:0449C4000000863732
:0449C5000261202348
:0449C600FFF60613DF
:0449C7001CC80E6397
:0449C8000015C5937E
:0449C900410406B3EC
:0449CA000CB48A633C
:0449CB0000D0446371
:0449CC006580106F83
:0449CD00014125037C
:0449CE0001812E83B2
:0449CF0001C12E03F1
:0449D0003008066342
:0449D10000C41463A7
:0449D2000000106F62
:0449D30002C1258375
:0449D400000806379A
:0449D500074007137D
:0449D60000C5E5B380
:0449D70002B12623E0
:0449D80032D750631F
:0449D90000000613C1
:0449DA000000069340
:0449DB0000000813BD
:0449DC0000100713AD
:0449DD00410507B3D6
:0449DE0040E88733F3
:0449DF0000F5333379
:0449E00000E8B5B383
:0449E10000030F13AD
:0449E20040B787B3A0
:0449E30000E8F46391
:0449E40000A808E33C
:0449E50040DE8533F8
:0449E60000AEB5B3B7
:0449E70041E505336E
:0449E800000316E3CF
:0449E90000B606B35B
:0449EA0040DE0E336A
:0449EB0002F12A2388
:0449EC0003C12E23B2
:0449ED0002A12C23D4
:0449EE0002E1282397
:0449EF0000CE17934C
:0449F0005007D66333
:0449F100000805377E
:0449F200FFF50513B5
:0449F30000AE75336A
:0449F40002A12E23CB
:0449F5001C0512E3A8
:0449F6000381250311
:0449F70014050CE3B4
:0449F800429010EFEA
:0449F900014506135B
:0449FA0001F67893B7
:0449FB0048089EE3E7
:0449FC00001005930F
:0449FD00020006139B
:0449FE001690006FA0
:0449FF0000D044633D
:044A00005980106F5A
:044A010001412E83BE
:044A02000181250306
:044A030001C12E03BC
:044A040044081063EF
:044A05000241270340
:044A060002812F03F7
:044A070002C1258340
:044A080001E7683327
:044A090000B8683356
:044A0A0000686833A5
:044A0B006A080CE346
:044A0C00FFF6881316
:044A0D00640804E352
:044A0E006AC686E30B
:044A0F000740071342
:044A100043074663AF
:044A11000008069300
:044A12004056DF1318
:044A130001F6F6931F
:044A1400660F08E33E
:044A1500002F131348
:044A160000F302B3F4
:044A170000078713FA
:044A18000000061381
:044A19000007280367
:044A1A000047071337
:044A1B0001066633F7
:044A1C00FEE29AE339
:044A1D00003007134B
:044A1E0041E7073332
:044A1F00320686E3F2
:044A20000403081370
:044A2100002808332E
:044A2200FE0828035F
:044A230002000393F7
:044A240040D383B345
:044A250000781833CA
:044A260001066633EC
:044A270000D5D5B32E
:044A2800000714630C
:044A29003E00106FCC
:044A2A000531262309
:044A2B000027181335
:044A2C00006F833361
:044A2D0000F809B3D1
:044A2E000003270357
:044A2F00004322839B
:044A30000047879321
:044A310000D7573320
:044A3200007292B3C9
:044A3300005767338E
:044A3400FEE7AE23C8
:044A35000043031324
:044A3600FEF990E312
:044A370004080793D5
:044A38000027873399
:044A3900004007939F
:044A3A0004C1298307
:044A3B0041E787B315
:044A3C00FEB720237E
:044A3D002D50006F89
:044A3E000241278387
:044A3F0002812F833E
:044A400002C12E037E
:044A4100410406B373
:044A420001F7E6335F
:044A430001C666330F
:044A4400006666336F
:044A450020061C63C8
:044A46000015C593FF
:044A470000000E134A
:044A480000000F93C8
:044A490020B48863AA
:044A4A005806866321
:044A4B00408803B3E9
:044A4C00700414637B
:044A4D00018124833C
:044A4E0005312623E5
:044A4F000141298375
:044A500001C12683F7
:044A51000099E7B32E
:044A520000D7E7B3EF
:044A53000117E7B3AD
:044A540048078EE39E
:044A5500FFF3829356
:044A5600740280E383
:044A5700000087B71D
:044A5800FFF787934A
:044A590000F394636F
:044A5A001940106F80
:044A5B000740079376
:044A5C000057D463C8
:044A5D001B00106FBB
:044A5E0001F00793C9
:044A5F006257D4E3E3
:044A600004C12983E1
:044A61004052D513D7
:044A62000002839338
:044A630000070293B3
:044A640000000793B4
:044A650000000893B2
:044A66000002A403A3
:044A67000018889318
:044A680000428293F3
:044A69000087E7B328
:044A6A00FEA8C8E3F7
:044A6B00000504132B
:044A6C00003008937B
:044A6D0001F3F293CC
:044A6E00408888B341
:044A6F005E029EE362
:044A700000241513F6
:044A710000A706B3E1
:044A72000006A68311
:044A73000012829318
:044A740000470713DD
:044A7500FED72E2317
:044A7600FE58D6E32D
:044A770000400713E1
:044A78004087073339
:044A79000030069370
:044A7A000101228391
:044A7B0002E6CE631E
:044A7C00004006935D
:044A7D0040E686B3D6
:044A7E0000269693E5
:044A7F0000271713E2
:044A8000008005139A
:044A810000EE873389
:044A820000A6EA633D
:044A830000072023E5
:044A840000072223E2
:044A8500FF8686938F
:044A8600008707138B
:044A870000400513D3
:044A880000A6E4633D
:044A890000072023DF
:044A8A0000F03733CE
:044A8B00014128833A
:044A8C0001812683FB
:044A8D0001C12783B9
:044A8E000057673333
:044A8F0041160EB30B
:044A900040DF85334B
:044A910040FE0E33A2
:044A92006280006FCF
:044A930002412F03AA
:044A94000281280370
:044A950002C12583B2
:044A9600010F673372
:044A970000B76733CA
:044A98000067673319
:044A990054070C634F
:044A9A00FFF6871389
:044A9B0048070AE3DB
:044A9C0054C6866313
:044A9D000740069335
:044A9E00CEE6C6E3B7
:044A9F000007069373
:044AA0004056D29317
:044AA10001F6F69391
:044AA20076028EE327
:044AA3000022931347
:044AA40000F30F33D9
:044AA500000787136C
:044AA60000000613F3
:044AA70000072803D9
:044AA80000470713A9
:044AA9000106663369
:044AAA00FEEF1AE31E
:044AAB0000300713BD
:044AAC004057073335
:044AAD0046068863CE
:044AAE0004030813E2
:044AAF0000280833A0
:044AB000FE082803D1
:044AB1000200039369
:044AB20040D383B3B7
:044AB300007818333C
:044AB400010666335E
:044AB50000D5D5B3A0
:044AB600720702E39E
:044AB700053126237C
:044AB80000271813A8
:044AB900006F8333D4
:044ABA0000F809B344
:044ABB0000032703CA
:044ABC0000432F0381
:044ABD000047879394
:044ABE0000D7573393
:044ABF00007F1F3322
:044AC00001E7673370
:044AC100FEE7AE233B
:044AC2000043031397
:044AC300FEF990E385
:044AC4000408079348
:044AC500002787330C
:044AC6000040079312
:044AC70004C129837A
:044AC800405787B319
:044AC900FEB72023F1
:044ACA0041C0006F78
:044ACB000007861347
:044ACC00DEB49CE3D5
:044ACD004A068263B0
:044ACE0040880533E4
:044ACF000E0414E3DA
:044AD00001412783F6
:044AD10001812283BA
:044AD20001C1268375
:044AD3000057E5B3F0
:044AD40000D5E5B371
:044AD5000115E5B32F
:044AD6006C0588E300
:044AD700FFF505934F
:044AD80000059463DE
:044AD90009C0106F91
:044ADA00000087B79A
:044ADB00FFF78793C7
:044ADC0000F514636A
:044ADD001740106FFF
:044ADE0007400793F3
:044ADF000CB7C6E367
:044AE00001F0079347
:044AE1007AB7D4E3E9
:044AE2004055D41354
:044AE3000005851332
:044AE400000708932C
:044AE5000000079333
:044AE6000000059334
:044AE7000008A2839E
:044AE800001585939D
:044AE9000048889366
:044AEA000057E7B3D7
:044AEB00FE85C8E399
:044AEC000004089327
:044AED0000300393FF
:044AEE0001F57593C6
:044AEF00411383B339
:044AF00076059EE3C6
:044AF10000289513F1
:044AF20000A706B360
:044AF3000006A68390
:044AF4000015859391
:044AF500004707135C
:044AF600FED72E2396
:044AF700FEB3D6E351
:044AF8000040071360
:044AF900411708B3A6
:044AFA00003007136E
:044AFB00010125830D
:044AFC0003174E63EB
:044AFD0000400693DC
:044AFE00411686B324
:044AFF000026969364
:044B0000002898935E
:044B01000080051318
:044B0200011E8733D6
:044B030000A6EA63BB
:044B04000007202363
:044B05000007222360
:044B0600FF8686930D
:044B07000087071309
:044B08000040051351
:044B090000A6E463BB
:044B0A00000720235D
:044B0B0000F037334C
:044B0C0001C126833A
:044B0D0001412783B8
:044B0E0000B7673352
:044B0F000181258378
:044B100000F607B3F1
:044B110000DE0E3381
:044B120000BF85B3A8
:044B13000090006F9F
:044B140032C40EE3B6
:044B150002C1258331
:044B16000008063756
:044B17000740071339
:044B180000C5E5B33C
:044B190002B126239C
:044B1A00BED750E3CF
:044B1B00000008137B
:044B1C0000000693FC
:044B1D0000000793FA
:044B1E000010071369
:044B1F0000E88733F0
:044B200001D785B381
:044B2100011738B38D
:044B2200011588B33E
:044B230000F5B7B32F
:044B240000B8B5B36D
:044B250000A686332D
:044B260000B7E7B33A
:044B270000F607B3DA
:044B280000D636B3CA
:044B290000C7B633D8
:044B2A0000C6E6B328
:044B2B0001C8063384
:044B2C0000C68E33FE
:044B2D0002F12C2342
:044B2E0002E1282355
:044B2F0003112A2321
:044B300000CE179309
:044B31001007CA633C
:044B320003C12E236A
:044B330000777693FE
:044B340003010793DF
:044B3500240682636D
:044B360000F776937B
:044B37000040061321
:044B380002C68C63C2
:044B3900034126838B
:044B3A000047071316
:044B3B00038125834A
:044B3C0000473613E5
:044B3D0000C68633F5
:044B3E0000D636B3B4
:044B3F0000D586B364
:044B400000B6B5B353
:044B410000BE0E3371
:044B420002E1282341
:044B430002C12A235E
:044B440002D12C234B
:044B450003C12E2357
:044B46000008073725
:044B470000EE7733D2
:044B480012070C63E1
:044B490000008737AA
:044B4A00001404133C
:044B4B00FFF7071356
:044B4C0014E40A6300
:044B4D00FFF8063730
:044B4E00FFF6061355
:044B4F0000CE7633EB
:044B500002C12E234D
:044B510000365613C1
:044B520003012683B2
:044B530003C1051382
:044B54000036D593BF
:044B55000047A683EC
:044B560000478793FA
:044B570001D69713D9
:044B580000B7673308
:044B5900FEE7AE23A2
:044B5A00FEA794E33B
:044B5B00000087B718
:044B5C00FFF7879345
:044B5D000301270326
:044B5E000341258367
:044B5F000381268325
:044B60000EF40063EC
:044B6100010617939F
:044B62000107D793DD
:044B63000014F493B3
:044B64000114141311
:044B650001145413D0
:044B660000F4949330
:044B67000084E4B32F
:044B6800009117237E
:044B690000F116231E
:044B6A0000C12783DC
:044B6B0005C12083DD
:044B6C000581240398
:044B6D0000E9202318
:044B6E0000B9222345
:044B6F0000D9242322
:044B700000F92623FF
:044B71000541248353
:044B7200000905131E
:044B7300050129030C
:044B74000601011322
:044B75000000806755
:044B7600FFF807B786
:044B7700FFF787932A
:044B780000FE75B313
:044B7900030107939A
:044B7A0002B12E2333
:044B7B00001404130B
:044B7C0001F7181312
:044B7D000007869314
:044B7E0003C10893D4
:044B7F0000175513B3
:044B80000046A70341
:044B810000468693D1
:044B820001F716130E
:044B830000A66633EF
:044B8400FEC6AE2398
:044B8500FF1694E3A0
:044B860003012703FD
:044B8700010036B340
:044B88000015DE1323
:044B890000E6E73328
:044B8A00000086B7EA
:044B8B0003C12E2311
:044B8C0002E12823F7
:044B8D00FFF6869316
:044B8E0056D4126384
:044B8F000000843767
:044B900002012E23CD
:044B910002012C23CE
:044B920002012A23CF
:044B930002012823D0
:044B9400FFF4041313
:044B950000000E13FB
:044B9600003E561374
:044B9700EEDFF06FEE
:044B980000B76733C8
:044B990000D76733A7
:044B9A0000C76733B6
:044B9B000207186392
:044B9C000014F4937A
:044B9D00000006937B
:044B9E00000005937B
:044B9F000000079378
:044BA000F11FF06FA2
:044BA10002012E23BC
:044BA20002012C23BD
:044BA30002012A23BE
:044BA40002012823BF
:044BA50000000613F3
:044BA600EB1FF06FA2
:044BA7000000049373
:044BA800000087B7CB
:044BA900000006936F
:044BAA00000005936F
:044BAB0000000713EC
:044BAC00EE1FF06F99
:044BAD000014079356
:044BAE000117971341
:044BAF000127571370
:044BB00001412E830E
:044BB10001812F034C
:044BB20001C1268394
:044BB3000000853742
:044BB4001C071A635D
:044BB50001F667336B
:044BB60001EEE7B372
:044BB70000676733F9
:044BB80000D7E7B388
:044BB90001C7673396
:044BBA000117E7B345
:044BBB0068041E6309
:044BBC0016078EE367
:044BBD001E0718E3D4
:044BBE000311282394
:044BBF0003D12A23D1
:044BC00003E12C23BE
:044BC10002D12E23CC
:044BC20000068E1348
:044BC3000301079350
:044BC400E09FF06F0F
:044BC50003C12E23D7
:044BC600003E561344
:044BC700030107934C
:044BC800E29FF06F09
:044BC900006785B349
:044BCA000005A583BA
:044BCB0000168693B7
:044BCC000047879384
:044BCD00FEB7AE235E
:044BCE00FED756E3D5
:044BCF000040079308
:044BD000405787B310
:044BD1000040071386
:044BD2000201258334
:044BD30002E78E6304
:044BD4000040071383
:044BD50040F707336B
:044BD600002717138A
:044BD7000027979389
:044BD80000800693C0
:044BD90000FF87B39F
:044BDA0000D76A6333
:044BDB000007A0230C
:044BDC000007A22309
:044BDD00FF87071334
:044BDE000087879332
:044BDF0000400693F9
:044BE00000D7646333
:044BE1000007A02306
:044BE20000C03733A5
:044BE3000241280360
:044BE40002812683A1
:044BE50002C12603E0
:044BE60000B767337A
:044BE700FD8FF06FDF
:044BE800FFFE851334
:044BE90000DEB5B382
:044BEA0040D505337A
:044BEB0041D686B376
:044BEC000016B69366
:044BED0000D5E5B357
:044BEE00FECFF06F97
:044BEF000311282363
:044BF00002A12A23D1
:044BF10003D12C239D
:044BF20003C12E23AA
:044BF3000006841321
:044BF400030107931F
:044BF500D45FF06F2A
:044BF600001405138F
:044BF70001151693FB
:044BF8000126D69329
:044BF90001412783CC
:044BFA00018127030B
:044BFB0001C125834C
:044BFC0000008837F6
:044BFD005006926369
:044BFE0000E7E6B333
:044BFF0000B6E6B363
:044C00000116E6B300
:044C0100040414E3B0
:044C0200260688E317
:044C030001F666B39D
:044C04000066E6B3AD
:044C050001C6E6B34B
:044C060026069CE3FF
:044C070002F12A2369
:044C08000311282349
:044C090002E12C2375
:044C0A0002B12E23A2
:044C0B0000058E13FF
:044C0C000301079306
:044C0D00CE5FF06F17
:044C0E00000087B764
:044C0F00FFF7879391
:044C10002CF800E399
:044C110001C1268334
:044C1200000805375A
:044C130007400793BC
:044C140000A6E6B35D
:044C150000D12E2379
:044C16004677DC639E
:044C1700000F8513F2
:044C180000060E93F1
:044C190000000693FE
:044C1A0000000893FB
:044C1B00001007136B
:044C1C0040E3073337
:044C1D0000E337B3C6
:044C1E0001D63F3349
:044C1F0040FE87B319
:044C200000E37463D6
:044C21006D160E639B
:044C220000AFB8B374
:044C230041E505332F
:044C24006DD66C637A
:044C2500411E0E33EB
:044C2600000804136B
:044C2700000584936D
:044C2800F0CFF06F6A
:044C290040CE8733BF
:044C2A00406887B3A4
:044C2B0000EEB3B331
:044C2C000531262305
:044C2D0000F8B533A3
:044C2E000003899363
:044C2F0040A7073360
:044C300041FF083305
:044C310001FF32B39A
:044C320006F8F0632D
:044C330005D61E6321
:044C3400FFF808136A
:044C350041EF853393
:044C3600001535131D
:044C370000A2E2B342
:044C380041C68533B9
:044C390040550533AA
:044C3A0002A12E2382
:044C3B0003012C2322
:044C3C0002E12A2344
:044C3D0002F1282335
:044C3E0000C5129308
:044C3F005002CA63F2
:044C400000E7E7B3EF
:044C41000107E7B3CD
:044C420000A7E7B32D
:044C43005407986317
:044C440004C12983FB
:044C45000000041354
:044C460000000493D3
:044C470003010793CB
:044C480000000E1347
:044C4900D35FF06FD6
:044C4A0041380833B2
:044C4B00FA038AE3FB
:044C4C00FA5FF06FAC
:044C4D0003412503F7
:044C4E0036051663AE
:044C4F0005312623E2
:044C500003012983B0
:044C510000098513BE
:044C52002C0010EF33
:044C530005450613FA
:044C540001F678935A
:044C5500060890E3DA
:044C560004C12983E9
:044C570040565593DB
:044C580040B006B3AF
:044C59000026969308
:044C5A0000C68713F6
:044C5B0003010793B7
:044C5C0000E78733B3
:044C5D0040D006B38A
:044C5E0000072883A0
:044C5F0000D708333F
:044C60000007051331
:044C610001182023F3
:044C6200FFC707136E
:044C6300FEF516E361
:044C6400FFF58713BE
:044C650007C0006F15
:044C660005312623CB
:044C670026C010EF64
:044C6800FF450613EB
:044C690000060893A6
:044C6A000301298396
:044C6B0002000E1322
:044C6C0040CE0E33F5
:044C6D0000000593AB
:044C6E00011999B3DC
:044C6F0040B0083316
:044C700000281813ED
:044C710000C807135D
:044C720003010793A0
:044C730000E787339C
:044C740041000833C0
:044C7500000726838B
:044C7600FFC725034C
:044C770001070333FB
:044C7800011696B3D8
:044C790001C55533E9
:044C7A0000A6E6B3F7
:044C7B0000D320231F
:044C7C00FFC7071354
:044C7D00FEE790E3DB
:044C7E0000259693E4
:044C7F00040687138D
:044C8000002706B350
:044C8100FF36A8232F
:044C820004C12983BD
:044C8300FFF587139F
:044C8400FFF00693A4
:044C850002D70A63E5
:044C860000170713F9
:044C870000271713D8
:044C88000080059310
:044C89000007869307
:044C8A0000B76A63A2
:044C8B0002012823D7
:044C8C000007A22358
:044C8D000381069306
:044C8E00FF87071382
:044C8F000040059349
:044C900000B76463A2
:044C91000006A02356
:044C920012864C63D7
:044C9300408606B39E
:044C940000168693ED
:044C95004056D3139F
:044C960001F6F6939A
:044C970072030A6337
:044C9800002315934D
:044C99000007861377
:044C9A0000F5883366
:044C9B0000000713FB
:044C9C0000062503E6
:044C9D0000460613B4
:044C9E0000A76733D1
:044C9F00FEC81AE34E
:044CA00000300513C8
:044CA1004065053332
:044CA20006068C6313
:044CA300040586136B
:044CA40000260633AD
:044CA500FF062603DD
:044CA60003C12E8395
:044CA70002000E13E6
:044CA80040DE0E33A9
:044CA90001C61633F7
:044CAA0000C76733A5
:044CAB0000DEDEB396
:044CAC006C050C6324
:044CAD0000251513B6
:044CAE0000B7863392
:044CAF00000788135F
:044CB00000A78F3397
:044CB1000006258351
:044CB200004628830D
:044CB300004808139A
:044CB40000D5D5B39F
:044CB50001C898B3E7
:044CB6000115E5B34C
:044CB700FEB82E23F2
:044CB8000046061399
:044CB900FF0F10E3F6
:044CBA000405069354
:044CBB000026853317
:044CBC00004006931B
:044CBD00406686B314
:044CBE00FFD52823D3
:044CBF000280006F00
:044CC0000007861350
:044CC10000B60833FE
:044CC20000082803BB
:044CC30000168693BE
:044CC400004606138D
:044CC500FF062E2395
:044CC600FED556E3DE
:044CC7000040069310
:044CC800406686B309
:044CC900004006138E
:044CCA0003012E8331
:044CCB0002C68E632C
:044CCC00004006138B
:044CCD0040D6063394
:044CCE000026161393
:044CCF000026969392
:044CD00000800593C8
:044CD10000D786B3CF
:044CD20000B66A635B
:044CD3000006A02314
:044CD4000006A22311
:044CD500FF8606133D
:044CD600008686933B
:044CD7000040059301
:044CD80000B664635B
:044CD9000006A0230E
:044CDA0000E037338C
:044CDB0001D7673363
:044CDC0003C12E03DF
:044CDD0002E12823A5
:044CDE0000000413BB
:044CDF000200006F60
:044CE00003C12E03DB
:044CE100FFF806B71B
:044CE200FFF68693C0
:044CE300030127039F
:044CE40000DE7E333D
:044CE50040C4043390
:044CE60003C12E23B5
:044CE7000077769349
:044CE80092069CE3B1
:044CE900975FF06F72
:044CEA00006785B327
:044CEB000005A58398
:044CEC000016869395
:044CED000047879362
:044CEE00FEB7AE233C
:044CEF00FED756E3B3
:044CF00000400793E6
:044CF10041E787B35D
:044CF2000040071364
:044CF3000201258312
:044CF40002E78E63E2
:044CF5000040071361
:044CF60040F7073349
:044CF7000027171368
:044CF8000027979367
:044CF900008006939E
:044CFA0000FF87B37D
:044CFB0000D76A6311
:044CFC000007A023EA
:044CFD000007A223E7
:044CFE00FF87071312
:044CFF000087879310
:044D000000400693D6
:044D010000D7646310
:044D02000007A023E3
:044D030000C0373382
:044D040002412783BE
:044D0500028126837E
:044D060002C12803BB
:044D070000B7673357
:044D080085DFF06FE4
:044D0900000087B768
:044D0A00FFF7879395
:044D0B000AF80EE3B1
:044D0C0001C1268338
:044D0D00000805B7DE
:044D0E0007400793C0
:044D0F0000B6E6B351
:044D100000D12E237D
:044D110058A7D86364
:044D1200000F859376
:044D130000060793FC
:044D14000010071371
:044D150000E307337D
:044D160000673333CC
:044D170000F308B3EA
:044D18000068B33349
:044D190000C7B7B365
:044D1A000067E6B395
:044D1B0000B687B3A4
:044D1C0000D7B6B353
:044D1D0001F5B5B334
:044D1E0000D5E6B323
:044D1F0000DE0E3371
:044D20000008041370
:044D2100831FF06F8D
:044D2200053126230E
:044D230003012983DC
:044D240002000E1368
:044D2500405655930C
:044D2600411E0E33E9
:044D2700011999B322
:044D2800D1DFF06F78
:044D2900765000EFD1
:044D2A000345061324
:044D2B0001F6789382
:044D2C004056559305
:044D2D00CA0886E347
:044D2E000531262302
:044D2F0003012983D0
:044D300002000E135C
:044D3100411E0E33DE
:044D3200011999B317
:044D3300CF1FF06F2F
:044D340041F3D5135F
:044D350001F57513FC
:044D360000750533CC
:044D370001F00793ED
:044D3800405555137A
:044D3900CA77C4630E
:044D3A000005041359
:044D3B0000000793DA
:044D3C00000005135B
:044D3D00CBCFF06F79
:044D3E000068833353
:044D3F0000F607B3C0
:044D400001133833F0
:044D410001078833AB
:044D420000C7B6B33D
:044D430000F837B38A
:044D440000EF8733C2
:044D450000F6E6B3DB
:044D460000D706B3D9
:044D470001F7363307
:044D480000E6B73397
:044D490000E66633E7
:044D4A0000BE05B3EF
:044D4B0000B6063375
:044D4C0003010793C5
:044D4D0003012A2311
:044D4E0002612823B3
:044D4F0002D12C233E
:044D500002C12E234B
:044D510000078713BD
:044D520003C108137E
:044D53000013559361
:044D540000472303EE
:044D550000470713F9
:044D560001F31693BC
:044D570000B6E6B309
:044D5800FED72E2331
:044D5900FEE814E379
:044D5A0000165E13CE
:044D5B000000873796
:044D5C0003C12E233E
:044D5D00FFF7071342
:044D5E008CE502E3FB
:044D5F000301270322
:044D60000005041333
:044D6100E19FF06F6F
:044D62004A079E63FB
:044D630072071E6352
:044D640002A12E2357
:044D650002012C23F8
:044D660002012A23F9
:044D670002012823FA
:044D680003010793A9
:044D690003C1071368
:044D6A000000863788
:044D6B000036159366
:044D6C00FFC7260354
:044D6D00FFC7071362
:044D6E0001D6569381
:044D6F0000B6E6B3F1
:044D700000D7222323
:044D7100FEE794E3E2
:044D720003C12E0348
:044D730000080737F6
:044D740000000493A4
:044D750000EE7733A2
:044D7600000084377E
:044D7700F4071C63BE
:044D7800FFF404132D
:044D7900003E56138F
:044D7A00F60FF06FD1
:044D7B0004C12983C3
:044D7C000261282385
:044D7D0002C12A2322
:044D7E0003F12C23EE
:044D7F0003C12E231B
:044D80000003841395
:044D81000005849312
:044D8200030107938F
:044D8300F0CFF06F0E
:044D8400411308339C
:044D850041D607B359
:044D860001033733BB
:044D870041EF8F3336
:044D880000F632B34C
:044D89000002889309
:044D8A0040E7873344
:044D8B0001EFB5334C
:044D8C000103746348
:044D8D0043D60A639C
:044D8E00411F063388
:044D8F0042029863E1
:044D900040DE07B347
:044D910040A785337F
:044D920002A12E2329
:044D930002C12C230A
:044D940002E12A23EB
:044D950003012823CB
:044D960000058493FD
:044D970074050C6330
:044D98005A9000EF3E
:044D9900FF45079338
:044D9A0001F7F61314
:044D9B00000005937C
:044D9C0072061C631C
:044D9D0004C12983A1
:044D9E00AE9FF06F65
:044D9F0000688333F2
:044DA00001D70EB376
:044DA100011338B30F
:044DA200011E88B3B3
:044DA30000EEB7B3B4
:044DA40001D8BEB3C1
:044DA50000AF063322
:044DA60001D7E7B397
:044DA70000F607B358
:044DA80001E636B337
:044DA90000C7B63356
:044DAA0000C6E6B3A6
:044DAB0001C585B306
:044DAC0000030713E6
:044DAD0000B68E338B
:044DAE0000100413DA
:044DAF00DF8FF06F33
:044DB00002012703D2
:044DB1000200039366
:044DB20040D383B3B4
:044DB300007716333C
:044DB400053126237C
:044DB50000D5D5B39D
:044DB60000300713AF
:044DB70000000313E2
:044DB8009CCFF06F2D
:044DB9000311282397
:044DBA0003D12A23D4
:044DBB0002A12C2302
:044DBC0003C12E23DE
:044DBD000006841355
:044DBE000301079353
:044DBF00E1CFF06FE1
:044DC0004068833391
:044DC10041E507B30E
:044DC2000068B6B31C
:044DC30000030713CF
:044DC40000F5333390
:044DC50000030F9345
:044DC60040D787B398
:044DC700010EB633F0
:044DC800410E86B35F
:044DC90000E8F463A7
:044DCA0004AF0863C7
:044DCB0041F68533F5
:044DCC000006069344
:044DCD000403146364
:044DCE0040BE05B32B
:044DCF0040D58E330A
:044DD00000100413B8
:044DD100868FF06F6A
:044DD200031128237E
:044DD30002A12A23EC
:044DD40003D12C23B8
:044DD50003C12E23C5
:044DD600030107933B
:044DD700DBCFF06FCF
:044DD80000AFB8B3BD
:044DD900FFF50513CA
:044DDA0040DF86B37D
:044DDB000016B69375
:044DDC0000D8E8B360
:044DDD00921FF06FC2
:044DDE00FFF6851344
:044DDF0041D806B3FE
:044DE0000016B69370
:044DE10000D666B3DF
:044DE200FB1FF06F54
:044DE300031128236D
:044DE40003D12A23AA
:044DE50002A12C23D8
:044DE60003C12E23B4
:044DE700030107932A
:044DE800D78FF06F02
:044DE90004C1298355
:044DEA0000028393AD
:044DEB0000000513AC
:044DEC0000300893F8
:044DED000000079328
:044DEE0041F3D49326
:044DEF000025171371
:044DF00001B4D493A3
:044DF1000407071399
:044DF2000093853372
:044DF300002707335B
:044DF400FD0727038D
:044DF50001F575133C
:044DF60040A483B39F
:044DF700020383939D
:044DF80000771733F6
:044DF90000E7E7B335
:044DFA0054088E6368
:044DFB000531262335
:044DFC0000241993E3
:044DFD00013E8733B9
:044DFE00008F0F1300
:044DFF00413009B383
:044E000000072683FE
:044E0100004725033E
:044E0200013704B3BD
:044E03000056D6B3CC
:044E040000751533ED
:044E050000A6E6B36A
:044E060000D4A02311
:044E07000047071346
:044E0800FEEF10E3C6
:044E090001C12503BB
:044E0A000028969353
:044E0B0004068713FF
:044E0C00002706B3C2
:044E0D0000555533C4
:044E0E000040071346
:044E0F0004C129832E
:044E1000408707339D
:044E1100FCA6A82330
:044E120099CFF06FD5
:044E13003806926368
:044E140002612823EC
:044E150002C12A2389
:044E160003F12C2355
:044E170003C12E2382
:044E1800FFF8041388
:044E190003010793F7
:044E1A00CB0FF06F5B
:044E1B0002612823E5
:044E1C0002C12A2382
:044E1D0003F12C234E
:044E1E0003C12E237B
:044E1F0088070CE311
:044E200000CE179316
:044E21000005849371
:044E22004C07DC63FA
:044E23000010041364
:044E240003010793EC
:044E2500CA0FF06F51
:044E260041130733FA
:044E2700413607B356
:044E280000E3383338
:044E290000F638B3A4
:044E2A00409F8533ED
:044E2B00410787B301
:044E2C0000088E9359
:044E2D0000AFB833E7
:044E2E0000E37463C6
:044E2F0038C9846397
:044E300041D5053330
:044E3100000806135C
:044E32003808906349
:044E330040DE06B3A4
:044E340004C1298309
:044E350040C68E33B2
:044E3600000584935C
:044E37000010041350
:044E3800ECDFE06F5C
:044E390040CE87B32D
:044E3A00406882B397
:044E3B000058B53333
:044E3C0000FEB7338A
:044E3D0000070393D4
:044E3E0040A787B34F
:044E3F0001FF383304
:044E400041FF0533F6
:044E41000058F463BE
:044E420037D60463F8
:044E4300407505337E
:044E440036071263B8
:044E450041C68733A8
:044E460041070733E6
:044E470002E12E2333
:044E480002A12C2374
:044E490002F12A2325
:044E4A0002512823C6
:044E4B0000C7181371
:044E4C003208546371
:044E4D0041130833D2
:044E4E0041D607B38F
:044E4F0001033733F1
:044E500000F638B37D
:044E510041EF8F336B
:044E520040E787B3FB
:044E530000088513BB
:044E540001EFB73380
:044E5500010374637E
:044E56003FD60C63D4
:044E570040AF06332F
:044E58003E089A6313
:044E590040DE06B37E
:044E5A0040E68E336D
:044E5B0002F12A2313
:044E5C0003C12E233D
:044E5D0002C12C233F
:044E5E000301282301
:044E5F000005849333
:044E600003010793B0
:044E6100B94FF06FE6
:044E620000100693A3
:044E63009A5FF06FF3
:044E6400030127031C
:044E650003C12E83D4
:044E660002000E1325
:044E670040DE0E33E8
:044E680001C7173334
:044E690000DEDEB3D6
:044E6A0000300513FC
:044E6B0000000593AB
:044E6C00905FF06FF4
:044E6D0005F00793B2
:044E6E00011999B3DA
:044E6F003AC7D86303
:044E700003312E23B9
:044E71000020071303
:044E720004C12983CB
:044E7300030107939D
:044E7400849FF06FB8
:044E750041F554139C
:044E760001F47413BC
:044E770000A404335C
:044E780001F00793AB
:044E7900405454133A
:044E7A009AA7C463CC
:044E7B000004089394
:044E7C000000079398
:044E7D00000004131A
:044E7E009BCFF06F67
:044E7F000010079385
:044E8000D50FF06FEB
:044E81000201270300
:044E82000200039394
:044E830040D383B3E2
:044E8400007716336A
:044E850005312623AA
:044E860000D5D5B3CB
:044E870000300713DD
:044E88000000031310
:044E89008BCFF06F6C
:044E8A000261282376
:044E8B0002C12A2313
:044E8C0003F12C23DF
:044E8D0003C12E230C
:044E8E000005041304
:044E8F000301079381
:044E9000AD8FF06F83
:044E9100240714637B
:044E920003112823BD
:044E930003D12A23FA
:044E940003E12C23E7
:044E950002D12E23F5
:044E960000068E1371
:044E9700FFF504130C
:044E98000301079378
:044E9900AB4FF06FBC
:044E9A00FFFF0613FD
:044E9B00001F3F13A2
:044E9C0001E5653394
:044E9D00BCDFF06F17
:044E9E000261282362
:044E9F0002C12A23FF
:044EA00003F12C23CB
:044EA10003C12E23F8
:044EA200030107936E
:044EA300A8CFF06F35
:044EA40000688333EC
:044EA50000F607B359
:044EA600011336B30B
:044EA70000D786B3F7
:044EA80000C7B63356
:044EA90000F6B7B3A5
:044EAA0000EF87335B
:044EAB0000F667B3F3
:044EAC0000F707B351
:044EAD0001F73FB317
:044EAE0000E7B7332F
:044EAF0000EFE733F6
:044EB00000BE05B388
:044EB10000B70E3305
:044EB20002F12C23BA
:044EB300026128234D
:044EB40002D12A23DA
:044EB50000CE179381
:044EB600C207DE63EE
:044EB700FFF807B742
:044EB800FFF78793E6
:044EB90000FE7E3346
:044EBA0003C12E23DF
:044EBB0000100413CC
:044EBC000301079354
:044EBD00003E56134A
:044EBE00A50FF06FDD
:044EBF0004C129837E
:044EC0000000843733
:044EC100026128233F
:044EC20002C12A23DC
:044EC30003F12C23A8
:044EC40003C12E23D5
:044EC50000058493CD
:044EC600FFF40413DE
:044EC7000301079349
:044EC8009F8FF06F59
:044EC90004C1298374
:044ECA00D34FF06F63
:044ECB000005851346
:044ECC000000089347
:044ECD00003003931B
:044ECE000000079346
:044ECF0041F557133F
:044ED0000024129315
:044ED10001B75713BB
:044ED20004028293C1
:044ED30000E50533BE
:044ED400002282B383
:044ED500FD02A40333
:044ED60001F575135A
:044ED70040A70733B6
:044ED8000207029338
:044ED9000054173337
:044EDA0000E7E7B353
:044EDB0020038863C5
:044EDC000531262353
:044EDD00002899937D
:044EDE00013E8733D7
:044EDF00008F0F131E
:044EE000413009B3A1
:044EE100000726831D
:044EE200004725035D
:044EE300013704335C
:044EE40000B6D6B38B
:044EE500005515332C
:044EE60000A6E6B389
:044EE70000D42023B0
:044EE8000047071365
:044EE900FFE710E3EC
:044EEA0001C1268359
:044EEB0000239713F6
:044EEC00040707139D
:044EED0000B6D6B382
:044EEE00002707335F
:044EEF0000400593E7
:044EF00004C129834D
:044EF100411588B32C
:044EF200FCD728239E
:044EF30081CFF06F0C
:044EF40001F666B3AA
:044EF5000066E6B3BA
:044EF60001C6E6B358
:044EF70012069663A6
:044EF80002F12A2376
:044EF9000311282356
:044EFA0002E12C2382
:044EFB0002B12E23AF
:044EFC0000058E130C
:044EFD00FFF80413A3
:044EFE000301079312
:044EFF0091CFF06FF0
:044F0000006883338F
:044F010000C786332C
:044F0200011338B3AC
:044F0300011608B3D8
:044F040000F637B3C9
:044F050000C8B633F7
:044F060001F28FB372
:044F070000C7E7B345
:044F080000FF87B36C
:044F0900005FB6335C
:044F0A0001F7BFB339
:044F0B0001F6663312
:044F0C0001C686B3A1
:044F0D000003071383
:044F0E0000D60E3388
:044F0F000010041377
:044F1000874FF06F68
:044F1100FFF5051390
:044F120041F48633AD
:044F1300001636133B
:044F140000C8663338
:044F1500C79FF06FD3
:044F160000F2E7B30B
:044F170000A7E7B355
:044F180000E7E7B314
:044F190000070E136C
:044F1A00AA079863E7
:044F1B00CA8FF06FDA
:044F1C00FFF5051385
:044F1D0041EF8733A6
:044F1E00001737132E
:044F1F0000E868330B
:044F2000C95FF06F06
:044F210000100793E2
:044F2200F4CFF06F69
:044F230002A12E2396
:044F240002012C2337
:044F250002012A2338
:044F26000201282339
:044F270003010793E8
:044F280003C10713A7
:044F290000008637C7
:044F2A0000361593A5
:044F2B00FFC7260393
:044F2C00FFC70713A1
:044F2D0001D65693C0
:044F2E0000B6E6B330
:044F2F0000D7222362
:044F3000FEE794E321
:044F3100905FF06F2E
:044F320002612823CD
:044F330002C12A236A
:044F340003F12C2336
:044F350003C12E2363
:044F3600000584935B
:044F3700FFF504136B
:044F380003010793D7
:044F3900834FF06F43
:044F3A0000008437B8
:044F3B0002612823C4
:044F3C0002C12A2361
:044F3D0003F12C232D
:044F3E0003C12E235A
:044F3F00FFF4041364
:044F400003010793CF
:044F4100814FF06F3D
:044F420003012E2316
:044F430002012C2318
:044F440002012A2319
:044F4500020128231A
:044F460003010793C9
:044F470003C1071388
:044F480000008637A8
:044F49000036159386
:044F4A00FFC7260374
:044F4B00FFC7071382
:044F4C0001D65693A1
:044F4D0000B6E6B311
:044F4E0000D7222343
:044F4F00FEE794E302
:044F5000889FF06FD7
:044F51000056D2B381
:044F52000010071331
:044F5300CA5FE06FE2
:044F5400FFFF061342
:044F5500001F3F13E7
:044F560001E76733D5
:044F5700C09FF06F98
:044F580003010793B7
:044F5900003E5613AD
:044F5A00FE1FE06FE7
:044F5B0002000E132F
:044F5C00411E0E33B1
:044F5D000020059398
:044F5E00C44FF06FDD
:044F5F0000B6D5B310
:044F600000100893A2
:044F6100E71FE06FF7
:044F620002412603DF
:044F630002812F8315
:044F640002C12E0355
:044F6500B95FE06FE1
:044F660002412603DB
:044F670002812F8311
:044F680002C12E0351
:044F6900D91FE06FFD
:044F6A0000060893A2
:044F6B0000078613A2
:044F6C00BF8FF06F94
:044F6D0004C12983CF
:044F6E00A21FE06F2F
:044F6F0000C528034E
:044F700000C5A303D2
:044F7100000087B7FE
:044F7200FFF787932B
:044F730001085713C7
:044F7400010356934C
:044F750000F7773397
:044F76000005260309
:044F770000452E03C0
:044F78000005A88305
:044F79000045AE83BE
:044F7A000085250386
:044F7B000085A58385
:044F7C00FF0101131D
:044F7D0000F6F6B391
:044F7E0002F70A63C9
:044F7F00000087B7F0
:044F8000FFF787931D
:044F81000000051314
:044F820000F69E6334
:044F830001D8E53339
:044F840001031313FF
:044F850000B56533DB
:044F860001035313BD
:044F87000065653329
:044F880000A035331D
:044F8900010101130E
:044F8A00000080673C
:044F8B0001C66633C2
:044F8C0001081813ED
:044F8D0000A66633E1
:044F8E0001085813AB
:044F8F00010666337E
:044F900000100513F5
:044F9100FA060CE32D
:044F92000101011305
:044F93000000806733
:044F940000C52783AA
:044F9500000525836B
:044F96000085260369
:044F970000452503A9
:044F9800FE01011302
:044F99000017971353
:044F9A00000046B716
:044F9B0000A122232C
:044F9C0000B120231D
:044F9D0000C1242308
:044F9E0000F12623D5
:044F9F0000B1282312
:044FA00000C12C23FD
:044FA100011757138A
:044FA200FFE686930D
:044FA30000000513F2
:044FA40002E6D063EE
:044FA500000046B70B
:044FA60001D6869317
:044FA70001F7D593A6
:044FA80000E6DC63E0
:044FA9008000053748
:044FAA00FFF50513F7
:044FAB0000A58533A5
:044FAC0002010113EA
:044FAD000000806719
:044FAE00000046B702
:044FAF0001079793CC
:044FB00006F68693E8
:044FB10040E686B39D
:044FB2000107D79389
:044FB30000010737BB
:044FB40000E7E7B378
:044FB50001F6F513F9
:044FB60000F12E23B5
:044FB7004056D693F7
:044FB80004050C637D
:044FB90000200813B9
:044FBA0000000713D9
:044FBB0003069063F6
:044FBC0002000713D5
:044FBD0040A70733CF
:044FBE0000E797333E
:044FBF0000A65633BF
:044FC00000C767338C
:044FC10000E12823C0
:044FC20000100713C1
:044FC3000027171399
:044FC40002070713C6
:044FC5000027073387
:044FC60000A7D7B3B6
:044FC700FEF72823A6
:044FC8000101278339
:044FC90040F005337C
:044FCA00F80594E36F
:044FCB000007851343
:044FCC0002010113CA
:044FCD0000008067F9
:044FCE000026969390
:044FCF0002068793BC
:044FD000002786B37D
:044FD100FF06A783AD
:044FD20000F128239F
:044FD300FD5FF06F1F
:044FD400FD010113C7
:044FD5000291222300
:044FD600021126237B
:044FD700028124230C
:044FD8000005049339
:044FD9000A058863DA
:044FDA0041F5D79333
:044FDB00032120236B
:044FDC0000B7C9331E
:044FDD0040F909335B
:044FDE0000090513AE
:044FDF0001F5D413F1
:044FE000488000EF16
:044FE1000515071398
:044FE200000047B7CD
:044FE30001E78793C8
:044FE40001F7761348
:044FE500012128235B
:044FE60000012A2379
:044FE70000012C2376
:044FE80000012E2373
:044FE90040A787B3A3
:044FEA0040575713C2
:044FEB000A061E6331
:044FEC000030061378
:044FED0040E6063361
:044FEE000026161370
:044FEF00020606931D
:044FF00000268633DE
:044FF1000020069303
:044FF200FF0626038D
:044FF30000D716636A
:044FF40001212C2348
:044FF500001006930F
:044FF6000026969368
:044FF700000128236A
:044FF80000012A2367
:044FF900FFC68693D6
:044FFA000040071359
:044FFB000AE6FE6361
:044FFC00011797936F
:044FFD00010617137F
:044FFE000101280382
:044FFF000141250344
:045000000181268381
:04500100020129037C
:045002000107571338
:045003000117D79327
:0450040001C0006F78
:045005000000041390
:04500600000007930C
:04500700000007138B
:04500800000006930B
:04500900000005138B
:04500A000000081387
:04500B0000F4159305
:04500C0000B7E7B34F
:04500D0000E1162385
:04500E0000F1172373
:04500F0000C1278332
:0450100002C1208336
:0450110002812403F1
:0450120000A4A22331
:045013000104A023D1
:0450140000D4A423FD
:0450150000F4A623DA
:0450160000048513FA
:0450170002412483AB
:04501800030101137C
:0450190000008067AC
:04501A0000200693D9
:04501B0006D702634F
:04501C0000200693D7
:04501D000030071345
:04501E00002717133D
:04501F00020707136A
:04502000002707332B
:0450210000C9193376
:04502200FF27282319
:04502300002696933A
:04502400000128233C
:0450250000012A2339
:04502600FFC68693A8
:04502700004007132B
:0450280001C1260399
:04502900F4E6E6E3E0
:04502A0000012C2332
:04502B00011797933F
:04502C00010617134F
:04502D000101280352
:04502E000141250314
:04502F000181268352
:04503000020129034D
:045031000107571309
:045032000117D793F8
:04503300F61FF06F05
:0450340002000693DD
:0450350040C686B338
:0450360000D956B394
:0450370000D12E2353
:0450380000100693CB
:04503900F95FF06FBC
:04503A000146579341
:04503B0000C6171381
:04503C007FF7F79370
:04503D00FD0101135D
:04503E0000C757133D
:04503F00001786933D
:0450400002812423A2
:045041000291222393
:045042000321202303
:04504300021126230D
:0450440000B128236C
:0450450000E12A2339
:0450460000012E2314
:0450470000012C2315
:045048007FE6F69376
:0450490000058413C7
:04504A000005091341
:04504B0001F6549383
:04504C00060684636D
:04504D0000004637E2
:04504E0001C71693ED
:04504F000045D593B0
:04505000C00606137D
:0450510000B6E6B30C
:0450520001C414136E
:0450530000475713A8
:0450540000C787B357
:04505500000005133F
:0450560000F49613B9
:0450570000C7E7B3F4
:0450580000E116233A
:0450590000F1172328
:04505A0000C12783E7
:04505B000089222383
:04505C0002C12083EA
:04505D0002812403A5
:04505E0000A9202362
:04505F0000D924232D
:0450600000F926230A
:045061000241248361
:045062000009051329
:04506300020129031A
:045064000301011330
:045065000000806760
:0450660000B76533F7
:045067000A0796633B
:045068000E050663C8
:045069000E070E63BD
:04506A000007051323
:04506B0025C000EF6D
:04506C00031507938E
:04506D0001F7F593BF
:04506E004057D7933D
:04506F0010059A632B
:0450700040F006B353
:0450710000269693EC
:04507200010106131F
:0450730000D6073329
:04507400000108939C
:0450750040D006B36E
:0450760000C7280344
:0450770000D705B3A6
:04507800FFC7071354
:045079000105A62364
:04507A00FEE898E3D1
:04507B00FFF78713A1
:04507C00001707937F
:04507D0000279793DE
:04507E000080069315
:04507F00000607130D
:0450800000D7EA6308
:0450810000012823DF
:0450820000062223DF
:04508300FF87879389
:04508400018107138C
:04508500004006934E
:0450860000D7E46308
:0450870000072023DB
:04508800000047B726
:04508900C0C7879382
:04508A0040A787B301
:04508B0001179793DF
:04508C0001012503F6
:04508D0001412403B6
:04508E0001812683F3
:04508F0001C1570301
:045090000117D7939A
:04509100F15FF06F6C
:0450920002050663AA
:04509300000087B7DB
:0450940001C71693A7
:045095000045D613E9
:045096000047571365
:0450970000F7673384
:0450980000C6E6B3B5
:0450990001C59413A6
:04509A00FFF7879302
:04509B0000000513F9
:04509C00EE9FF06F24
:04509D00000087B7D1
:04509E000000069375
:04509F0000000413F6
:0450A000FFF78793FC
:0450A10000000713F1
:0450A200ED1FF06F9F
:0450A3000000069370
:0450A40000000413F1
:0450A500000007936D
:0450A60000000713EC
:0450A700EBDFF06FDC
:0450A800168000EF7F
:0450A900051507934F
:0450AA0001F7F59382
:0450AB0002050513E2
:0450AC004057D793FF
:0450AD00F00586E3A1
:0450AE0000200713C4
:0450AF0000E78A6329
:0450B00000200713C2
:0450B1000030079331
:0450B20001010613DF
:0450B30004C0006FC6
:0450B40040F008B30D
:0450B50000289893A4
:0450B60000C8871394
:0450B70002000E13D2
:0450B80001010613D9
:0450B90040BE0E33B4
:0450BA0000E60733D2
:0450BB00411008B3E5
:0450BC000007268340
:0450BD00FFC72803FE
:0450BE0001170333A0
:0450BF0000B696B3EE
:0450C00001C8583398
:0450C1000106E6B34B
:0450C20000D32023D4
:0450C300FFC7071309
:0450C400FEE610E311
:0450C500FFF7871357
:0450C6000027979395
:0450C70002078793C2
:0450C800002787B383
:0450C90000B415B367
:0450CA00FEB7A82362
:0450CB00EC5FF06F37
:0450CC0000050613C2
:0450CD0000000513C7
:0450CE000015F69340
:0450CF0000068463F0
:0450D00000C50533DF
:0450D1000015D5935E
:0450D200001616139B
:0450D300FE0596E35D
:0450D40000008067F1
:0450D5000605406329
:0450D6000605C663A2
:0450D7000005861337
:0450D8000005059337
:0450D900FFF00513CC
:0450DA0002060C635B
:0450DB000010069328
:0450DC0000B67A633D
:0450DD0000C0586354
:0450DE00001616138F
:0450DF00001696938E
:0450E000FEB66AE3CB
:0450E10000000513B3
:0450E20000C5E663BC
:0450E30040C585B38C
:0450E40000D565335B
:0450E5000016D69348
:0450E6000016561347
:0450E700FE0696E348
:0450E80000008067DD
:0450E90000008293AE
:0450EA00FB5FF0EF89
:0450EB000005851324
:0450EC0000028067D7
:0450ED0040A00533A7
:0450EE0000B0486363
:0450EF0040B005B315
:0450F000F9DFF06F85
:0450F10040B005B313
:0450F20000008293A5
:0450F300F91FF0EFC2
:0450F40040A00533A0
:0450F50000028067CE
:0450F60000008293A1
:0450F7000005CA6383
:0450F80000054C6300
:0450F900F79FF0EF3E
:0450FA000005851315
:0450FB0000028067C8
:0450FC0040B005B308
:0450FD00FE0558E371
:0450FE0040A0053396
:0450FF00F61FF0EFB9
:0451000040B0053383
:0451010000028067C1
:04510200000107B7EA
:0451030002F57A63D4
:045104001005371348
:045105000017371345
:045106000037171344
:04510700000167B785
:0451080000E5553336
:04510900EA07879397
:04510A0000A787B3C0
:04510B000007C503D1
:04510C000200069304
:04510D0040E686B33F
:04510E0040A68533FF
:04510F0000008067B5
:04511000010007B7DC
:0451110002F57463CC
:04511200010007137E
:04511300000167B779
:0451140000E555332A
:04511500EA0787938B
:0451160000A787B3B4
:045117000007C503C5
:0451180001000693F9
:0451190040A68533F4
:04511A0000008067AA
:04511B0001800713F5
:04511C00000167B770
:04511D0000E5553321
:04511E00EA07879382
:04511F0000A787B3AB
:045120000007C503BC
:045121000080069371
:0451220040A68533EB
:0451230000008067A1
:04512400FF01011373
:04512500001126232C
:0451260000812423BD
:04512700010104136B
:045128008141A78397
:0451290000078A638E
:04512A008141A78395
:04512B00000780E712
:04512C0000050793E0
:04512D0000C0006F4F
:04512E00000197B72E
:04512F001F478793FC
:0451300000078513DC
:0451310000C1208316
:0451320000812403D1
:045133000101011362
:045134000000806790
:04513500FD01011364
:045136000211262319
:0451370002812423AA
:045138000301041358
:04513900FCA42E2381
:04513A00FDC4278306
:04513B000207C46340
:04513C00FDC4270384
:04513D0000070793CD
:04513E00001797932C
:04513F0000E787B34B
:04514000002797931A
:0451410000017737BB
:0451420008870713C0
:0451430000E787B347
:045144000080006F78
:0451450000000793CC
:04514600FEF424232C
:04514700FE84278338
:04514800060786636D
:04514900FE84278336
:04514A000007A78330
:04514B000107A7832E
:04514C000207806373
:04514D00FE84278332
:04514E000007A7832C
:04514F000107A7832A
:04515000FE842503B1
:04515100000780E7EC
:0451520000050793BA
:045153000080006F69
:0451540000000793BD
:04515500FEF426231B
:04515600FDC425036C
:04515700B54ED0EF92
:04515800FEC42783E7
:045159000207D06316
:04515A00F29FF0EFE1
:04515B000005071331
:04515C00FEC42783E3
:04515D0040F007B364
:04515E0000F7202313
:04515F00FFF00793C3
:045160000200006FDA
:0451610000000793B0
:045162000180006F59
:04516300F05FF0EF1A
:045164000005071328
:045165000510079397
:0451660000F720230B
:04516700FFF00793BB
:0451680000078513A4
:0451690002C12083DC
:04516A000281240397
:04516B000301011328
:04516C000000806758
:04516D00FD0101132C
:04516E000281262371
:04516F000301041321
:04517000FCA42E234A
:045171000000001327
:04517200FDC42783CE
:04517300FEF42623FD
:04517400FEC425034D
:045175000005079397
:045176000007866345
:045177007C10301365
:045178000080006F44
:045179007C20301353
:04517A00000000131E
:04517B00000000131D
:04517C00FFDFF06FF2
:04517D00FF0101131A
:04517E0000112623D3
:04517F000081242364
:045180000101041312
:045181008141A7833E
:0451820000078A6335
:045183008141A7833C
:04518400000780E7B9
:045185000005079387
:0451860000C0006FF6
:04518700000197B7D5
:045188001F478793A3
:045189000007851383
:04518A0000C12083BD
:04518B000081240378
:04518C000101011309
:04518D000000806737
:04518E00FD0101130B
:04518F0002112623C0
:045190000281242351
:0451910003010413FF
:04519200FCA42E2328
:04519300FCB42C2319
:04519400FDC42783AC
:045195000207C463E6
:04519600FDC427032A
:045197000007079373
:0451980000179793D2
:0451990000E787B3F1
:04519A0000279793C0
:04519B000001773761
:04519C000887071366
:04519D0000E787B3ED
:04519E000080006F1E
:04519F000000079372
:0451A000FEF42623D0
:0451A100FEC427839E
:0451A2000407846317
:0451A300FEC427839C
:0451A4000007A783D6
:0451A5000207A783D3
:0451A6000207826317
:0451A700FEC4278398
:0451A8000007A783D2
:0451A9000207A783CF
:0451AA00FD842583D8
:0451AB00FEC4250316
:0451AC00000780E791
:0451AD00000507935F
:0451AE0002C0006FCC
:0451AF00FD842783D1
:0451B000000027379D
:0451B10000E7A2234E
:0451B200000007935F
:0451B3000180006F08
:0451B400F25FF0EFC7
:0451B50000050713D7
:0451B6000510079346
:0451B70000F72023BA
:0451B800FFF007936A
:0451B9000007851353
:0451BA0002C120838B
:0451BB000281240346
:0451BC0003010113D7
:0451BD000000806707
:0451BE00FF010113D9
:0451BF000081262322
:0451C00001010413D2
:0451C1000000079350
:0451C200000785134A
:0451C30000C1240300
:0451C40001010113D1
:0451C50000008067FF
:0451C600FF010113D1
:0451C700001126238A
:0451C800008124231B
:0451C90001010413C9
:0451CA008141A783F5
:0451CB0000078A63EC
:0451CC008141A783F3
:0451CD00000780E770
:0451CE00000507933E
:0451CF0000C0006FAD
:0451D000000197B78C
:0451D1001F4787935A
:0451D200000785133A
:0451D30000C1208374
:0451D400008124032F
:0451D50001010113C0
:0451D60000008067EE
:0451D700F7010113C8
:0451D8000811262371
:0451D9000881242302
:0451DA0009010413B0
:0451DB00F6A42E23E5
:0451DC00000197B780
:0451DD0022C7A7033B
:0451DE00FEE42623A2
:0451DF0000000713B2
:0451E000F8042A2382
:0451E100F7C4278365
:0451E2000207C46399
:0451E300F7C42703E3
:0451E4000007079326
:0451E5000017979385
:0451E60000E787B3A4
:0451E7000027979373
:0451E8000001773714
:0451E9000887071319
:0451EA0000E787B3A0
:0451EB000080006FD1
:0451EC000000079325
:0451ED00F8F4262389
:0451EE00F8C4278357
:0451EF0004078A63C4
:0451F000F8C4278355
:0451F1000007A78389
:0451F2000207A78386
:0451F30000079663B8
:0451F400001007930D
:0451F5000500006F42
:0451F600F90407931E
:0451F7000007859395
:0451F800F7C42503D0
:0451F9003C9000EFF7
:0451FA000005079312
:0451FB000007D66370
:0451FC000000079315
:0451FD000300006F3C
:0451FE00F944270346
:0451FF00FFFFE7B710
:0452000000F707B3F9
:045201000017B79348
:045202000FF7F79318
:045203000180006FB7
:04520400F09FF0EF38
:045205000005071386
:0452060005100793F5
:0452070000F7202369
:045208000000079308
:045209000007871300
:04520A00000197B751
:04520B00FEC4268334
:04520C0022C7A7838B
:04520D0000F6C7B32D
:04520E000000069303
:04520F0000078463AD
:0452100037D000EFA4
:04521100000705137A
:0452120008C120832C
:0452130008812403E7
:045214000901011378
:0452150000008067AE
:04521600FF01011380
:045217000011262339
:0452180000812423CA
:045219000101041378
:04521A008141A783A4
:04521B0000078A639B
:04521C008141A783A2
:04521D00000780E71F
:04521E0000050793ED
:04521F0000C0006F5C
:04522000000197B73B
:045221001F47879309
:0452220000078513E9
:0452230000C1208323
:0452240000812403DE
:04522500010101136F
:04522600000080679D
:04522700FD01011371
:045228000211262326
:0452290002812423B7
:04522A000301041365
:04522B00FCA42E238E
:04522C00FCB42C237F
:04522D00FE04262332
:04522E00FDC4278311
:04522F0006F04E63D4
:04523000FD8427834F
:045231000807846383
:04523200FD8427834D
:045233000607C06347
:04523400FD842703CB
:0452350001F00793EA
:0452360004E7CA635C
:04523700FD842703C8
:0452380000300793A8
:0452390004F74463CF
:04523A00FD84278345
:04523B000010071345
:04523C0000F717B3AD
:04523D00CF810737DF
:04523E00F7870713D4
:04523F0000E7F7335A
:0452400000E0373320
:045241000FF77713D9
:0452420000071E63E0
:045243000011073718
:0452440000E7F7B3D5
:0452450000F037B38B
:045246000FF7F793D4
:0452470002079C635B
:0452480000C0006F33
:045249000000051349
:04524A00C8DFF0EFDA
:04524B000160079364
:04524C00FEF4262323
:04524D000240006FAC
:04524E00FDC42783F1
:04524F0000F05E63AA
:045250000030079390
:04525100FEF426231E
:045252000100006FE8
:045253000000001344
:045254000080006F67
:045255000000001342
:04525600FEC42783E8
:0452570000078E635B
:04525800EF9FF0EFE5
:045259000005071332
:04525A00FEC42783E4
:04525B0000F7202315
:04525C00FFF00793C5
:04525D000080006F5E
:04525E0000000793B2
:04525F0000078513AC
:0452600002C12083E4
:04526100028124039F
:045262000301011330
:045263000000806760
:04526400FF01011332
:0452650000112623EB
:04526600008124237C
:04526700010104132A
:045268008141A78356
:0452690000078A634D
:04526A008141A78354
:04526B00000780E7D1
:04526C00000507939F
:04526D0000C0006F0E
:04526E00000197B7ED
:04526F001F478793BB
:04527000000785139B
:0452710000C12083D5
:045272000081240390
:045273000101011321
:04527400000080674F
:04527500FD01011323
:0452760002112623D8
:045277000281242369
:045278000301041317
:04527900FCA42E2340
:04527A00FCB42C2331
:04527B00FCC42A2322
:04527C00FE042423E5
:04527D00FDC42783C2
:04527E000207C463FC
:04527F00FDC4270340
:045280000007079389
:0452810000179793E8
:0452820000E787B307
:0452830000279793D6
:045284000001773777
:04528500088707137C
:0452860000E787B303
:045287000080006F34
:045288000000079388
:04528900FEF42623E6
:04528A00FEC42783B4
:04528B00040782632F
:04528C00FEC42783B2
:04528D000007A783EC
:04528E0001C7A7832A
:04528F00020784632B
:04529000FEC42783AE
:045291000007A783E8
:0452920001C7A78326
:04529300FD442603AD
:04529400FD842583ED
:04529500FEC425032B
:04529600000780E7A6
:04529700FEA424232A
:045298000180006F22
:04529900F7A00793E0
:04529A00FEF42423D7
:04529B0000C0006FE0
:04529C00FAF007938A
:04529D00FEF42423D4
:04529E00FE842783E0
:04529F000207D063CF
:0452A000F11FF0EF1B
:0452A10000050713EA
:0452A200FE842783DC
:0452A30040F007B31D
:0452A40000F72023CC
:0452A500FFF007937C
:0452A600FEF42423CB
:0452A700FE842783D7
:0452A8000007851363
:0452A90002C120839B
:0452AA000281240356
:0452AB0003010113E7
:0452AC000000806717
:0452AD00FF010113E9
:0452AE0000112623A2
:0452AF000081242333
:0452B00001010413E1
:0452B1008141A7830D
:0452B20000078A6304
:0452B3008141A7830B
:0452B400000780E788
:0452B5000005079356
:0452B60000C0006FC5
:0452B700000197B7A4
:0452B8001F47879372
:0452B9000007851352
:0452BA0000C120838C
:0452BB000081240347
:0452BC0001010113D8
:0452BD000000806706
:0452BE00FD010113DA
:0452BF00028126231F
:0452C00003010413CF
:0452C100FCA42E23F8
:0452C200FDC427837D
:0452C3000087A703B6
:0452C400400007B7E8
:0452C50000F7673354
:0452C600FDC4278379
:0452C70000E7A42335
:0452C800FE04262397
:0452C9000980006FE9
:0452CA00000177B7B1
:0452CB000887869337
:0452CC00FEC42703F2
:0452CD00000707933C
:0452CE00001797939B
:0452CF0000E787B3BA
:0452D0000027979389
:0452D10000F687B3A9
:0452D2000007A70327
:0452D300FDC427836C
:0452D4000007A783A5
:0452D50004F71E6359
:0452D600000177B7A5
:0452D700088786932B
:0452D800FEC42703E6
:0452D9000007079330
:0452DA00001797938F
:0452DB0000E787B3AE
:0452DC00002797937D
:0452DD0000F687B39D
:0452DE000087A7831B
:0452DF000207DA6385
:0452E000FEC42703DE
:0452E1000007079328
:0452E2000017979387
:0452E30000E787B3A6
:0452E4000027979375
:0452E5000001773716
:0452E600088707131B
:0452E70000E787B3A2
:0452E800FDC42703D7
:0452E90000F7066361
:0452EA00FF300793F7
:0452EB000240006F0E
:0452EC00FEC4278352
:0452ED00001787938C
:0452EE00FEF4262381
:0452EF008101A7830F
:0452F0000007871319
:0452F100FEC427834D
:0452F200F6F770E378
:0452F300000007931D
:0452F4000007851317
:0452F50002C12403CB
:0452F600030101139C
:0452F70000008067CC
:0452F800FC010113A1
:0452F90002112E234D
:0452FA0002812C23DE
:0452FB000401041393
:0452FC00FCA42623C5
:0452FD00FCB42423B6
:0452FE00FCC42223A7
:0452FF00FFF0079322
:04530000FEF4202374
:04530100FED0079340
:04530200FEF4222370
:04530300FE0424235D
:04530400000187B766
:045305008B478593BA
:04530600FCC42503BB
:04530700474000EF2C
:04530800FCA42E23B0
:04530900FDC4278335
:04530A0000079C6399
:04530B00FCC42503B6
:04530C00580000EF56
:04530D00FCA42E23AB
:04530E0000100793F1
:04530F00FEF4242361
:04531000FDC427832E
:045311000A078C6398
:04531200FDC42503AE
:045313006A0000EF3D
:04531400FEA42023B0
:04531500FE042783E8
:045316000007D86351
:04531700FE042783E6
:04531800FEF422235A
:045319000A00006F17
:04531A00FE04270363
:04531B0000070793ED
:04531C00001797934C
:04531D0000E787B36B
:04531E00002797933A
:04531F0000017737DB
:0453200008870713E0
:0453210000E787B367
:04532200FEF426234C
:04532300FC842703DC
:04532400400007B787
:04532500FFF7879374
:0453260000F77733E2
:04532700FEC4278316
:0453280000E7A423D3
:04532900FE84278354
:04532A0000079C6379
:04532B00FEC4250394
:04532C00E49FF0EF1B
:04532D00FEA4222395
:04532E00FE4427838F
:04532F000407C46348
:04533000FDC427830E
:0453310000C7A78387
:045332000207846387
:04533300FDC427830B
:0453340000C7A78384
:04533500FC4426838B
:04533600FC842603CA
:04533700FCC425830A
:04533800FEC4250387
:04533900000780E702
:04533A0000050793D0
:04533B000080006F7F
:04533C0000000793D3
:04533D00FEF4222335
:04533E0000C0006F3C
:04533F00FED0079302
:04534000FEF4222332
:04534100FE4427837C
:045342000207D46327
:04534300FE0425033C
:04534400BA1EC0EFDE
:04534500DA1FF0EF8C
:045346000005071344
:04534700FE44278376
:0453480040F007B377
:0453490000F7202326
:04534A00FFF00793D6
:04534B000080006F6F
:04534C00FE042783B1
:04534D0000078513BD
:04534E0003C12083F4
:04534F0003812403AF
:045350000401011340
:045351000000806771
:04535200FF01011343
:0453530000112623FC
:04535400008124238D
:04535500010104133B
:045356008141A78367
:0453570000078A635E
:045358008141A78365
:04535900000780E7E2
:04535A0000050793B0
:04535B0000C0006F1F
:04535C00000197B7FE
:04535D001F478793CC
:04535E0000078513AC
:04535F0000C12083E6
:0453600000812403A1
:045361000101011332
:045362000000806760
:04536300FD01011334
:0453640002112623E9
:04536500028124237A
:045366000301041328
:04536700FCA42E2351
:04536800FCB42C2342
:04536900FCC42A2333
:04536A00FDC42783D4
:04536B000207C4630E
:04536C00FDC4270352
:04536D00000707939B
:04536E0000179793FA
:04536F0000E787B319
:0453700000279793E8
:045371000001773789
:04537200088707138E
:0453730000E787B315
:045374000080006F46
:04537500000007939A
:04537600FEF42423FA
:04537700FE84278306
:045378000807866339
:04537900FE84278304
:04537A000087A7837E
:04537B000037F713ED
:04537C000010079383
:04537D0006F70263CA
:04537E00FE842783FF
:04537F000007A783F9
:045380000147A783B7
:0453810004078A6330
:04538200FE842783FB
:045383000007A783F5
:045384000147A783B3
:04538500FD442703B9
:045386000007061303
:04538700FD842583F9
:04538800FE84250377
:04538900000780E7B2
:04538A00FEA4262334
:04538B00FEC42783B2
:04538C000207D063E1
:04538D00F15FF0EFED
:04538E0000050713FC
:04538F00FEC42783AE
:0453900040F007B32F
:0453910000F72023DE
:04539200FFF007938E
:045393000340006F64
:04539400FEC42783A9
:0453950002C0006FE3
:04539600EF1FF0EF26
:0453970000050713F3
:0453980000D00793A7
:0453990000F72023D6
:04539A000140006F5F
:04539B00EDDFF0EF63
:04539C0000050713EE
:04539D00051007935D
:04539E0000F72023D1
:04539F00FFF0079381
:0453A000000785136A
:0453A10002C12083A2
:0453A200028124035D
:0453A30003010113EE
:0453A400000080671E
:0453A500FC010113F3
:0453A60002812E232F
:0453A70004010413E6
:0453A800FCA4262318
:0453A90000800793E6
:0453AA003007B7F31E
:0453AB00FEF42223C7
:0453AC00FE44278311
:0453AD00FCF42E23BB
:0453AE008301A7834D
:0453AF0000378793A9
:0453B000FFC7F793A9
:0453B1000007871357
:0453B20082E1A823C9
:0453B3008301A703C8
:0453B400FCC427838B
:0453B50000F70733C3
:0453B600000207B733
:0453B70000078793D1
:0453B80002E7F263B3
:0453B900FDC4278385
:0453BA00FEF42423B6
:0453BB00FE842783C2
:0453BC000087F793DC
:0453BD003007A073A2
:0453BE0000000013D8
:0453BF00FFF0079361
:0453C0000380006FF7
:0453C1008301A7833A
:0453C200FEF42023B2
:0453C3008301A703B8
:0453C400FCC427837B
:0453C50000F70733B3
:0453C60082E1A823B5
:0453C700FDC4278377
:0453C800FEF42623A6
:0453C900FEC4278374
:0453CA000087F793CE
:0453CB003007A07394
:0453CC0000000013CA
:0453CD00FE04278330
:0453CE00000785133C
:0453CF0003C12403EF
:0453D00004010113C0
:0453D10000008067F1
:0453D200FF010113C3
:0453D300001126237C
:0453D400008124230D
:0453D50001010413BB
:0453D6008141A783E7
:0453D70000078A63DE
:0453D8008141A783E5
:0453D900000780E762
:0453DA000005079330
:0453DB0000C0006F9F
:0453DC00000197B77E
:0453DD001F4787934C
:0453DE00000785132C
:0453DF0000C1208366
:0453E0000081240321
:0453E10001010113B2
:0453E20000008067E0
:0453E300FD010113B4
:0453E4000211262369
:0453E50002812423FA
:0453E60003010413A8
:0453E700FCA42E23D1
:0453E800FCB42C23C2
:0453E900FCC42A23B3
:0453EA00FDC4278354
:0453EB000207C4638E
:0453EC00FDC42703D2
:0453ED00000707931B
:0453EE00001797937A
:0453EF0000E787B399
:0453F0000027979368
:0453F1000001773709
:0453F200088707130E
:0453F30000E787B395
:0453F4000080006FC6
:0453F500000007931A
:0453F600FEF424237A
:0453F700FE84278386
:0453F80008078463BB
:0453F900FE84278384
:0453FA000087A783FE
:0453FB000037F793ED
:0453FC0006078263BB
:0453FD00FE84278380
:0453FE000007A7837A
:0453FF000187A783F8
:0454000004078A63B0
:04540100FE8427837B
:045402000007A78375
:045403000187A783F3
:04540400FD44270339
:045405000007061383
:04540600FD84258379
:04540700FE842503F7
:04540800000780E732
:04540900FEA42623B4
:04540A00FEC4278332
:04540B000207D06361
:04540C00F19FF0EF2D
:04540D00000507137C
:04540E00FEC427832E
:04540F0040F007B3AF
:0454100000F720235E
:04541100FFF007930E
:045412000340006FE4
:04541300FEC4278329
:0454140002C0006F63
:04541500EF5FF0EF66
:045416000005071373
:0454170000D0079327
:0454180000F7202356
:045419000140006FDF
:04541A00EE1FF0EFA2
:04541B00000507136E
:04541C0005100793DD
:04541D0000F7202351
:04541E00FFF0079301
:04541F0000078513EA
:0454200002C1208322
:0454210002812403DD
:04542200030101136E
:04542300000080679E
:04542400FD01011372
:0454250002812623B7
:045426000301041367
:04542700FCA42E2390
:04542800FCB42C2381
:04542900FE04222338
:04542A00FE04242335
:04542B003E80079325
:04542C00FEF4262341
:04542D00FD84278350
:04542E00000796637A
:04542F0000000793DF
:045430000E00006FFB
:04543100FD8427834C
:045432000007A78345
:04543300FEF422233E
:045434000C00006FF9
:04543500FE0424232A
:045436000380006F80
:04543700FE44278385
:045438000087A7033F
:04543900FE84278343
:04543A0000F707B3BD
:04543B000007C7039C
:04543C00FE84278340
:04543D00FDC4268301
:04543E0000F687B33A
:04543F000007C78318
:0454400004F71663F4
:04544100FE8427833B
:045442000017879335
:04544300FEF424232C
:04544400FE84278338
:04544500FDC4270378
:0454460000F707B3B1
:045447000007C78310
:04544800020788636C
:04544900FE44278373
:04544A000087A7032D
:04544B00FE84278331
:04544C0000F707B3AB
:04544D000007C7830A
:04544E0000078C6364
:04544F00FE842703AD
:04545000FEC42783EC
:04545100F8F74CE339
:045452000080006F67
:045453000000001342
:04545400FE84278328
:04545500FDC4270368
:0454560000F707B3A1
:045457000007C78300
:045458000207926352
:04545900FE44278363
:04545A000087A7031D
:04545B00FE84278321
:04545C0000F707B39B
:04545D000007C783FA
:04545E00000796634A
:04545F00FE4427835D
:045460000200006FD7
:04546100FE4427835B
:045462000007A78315
:04546300FEF422230E
:04546400FE442703D8
:04546500FD84278318
:04546600F2F71EE358
:0454670000000793A7
:0454680000078513A1
:0454690002C1240355
:04546A000301011326
:04546B000000806756
:04546C00FD0101132A
:04546D00028126236F
:04546E00030104131F
:04546F00FCA42E2348
:04547000000187B7F9
:045471008AC78793CC
:045472000007A78305
:04547300FEF42223FE
:04547400FE042423EB
:045475003E800793DB
:04547600FEF42623F7
:045477000EC0006FF4
:04547800FE042423E7
:045479000BC0006FF5
:04547A00FE44278342
:04547B000087A703FC
:04547C00FE84278300
:04547D0000F707B37A
:04547E000007C70359
:04547F0002F007939D
:0454800002F71063BC
:04548100FE4427833B
:045482000087A703F5
:04548300FE842783F9
:0454840000178793F3
:0454850000F707B372
:045486000007C783D1
:0454870000078E6329
:04548800FE44278334
:045489000087A703EE
:04548A00FE842783F2
:04548B0000F707B36C
:04548C000007C783CB
:04548D0002079C6313
:04548E00FE842783EE
:04548F00FDC427032E
:0454900000F707B367
:045491000007C70346
:0454920002F007938A
:0454930000F70C63AF
:04549400FE842783E8
:04549500FDC4270328
:0454960000F707B361
:045497000007C783C0
:04549800040798630A
:04549900FE44278323
:04549A000740006F58
:04549B00FE44278321
:04549C000087A703DB
:04549D00FE842783DF
:04549E0000F707B359
:04549F000007C70338
:0454A000FE842783DC
:0454A100FDC426839D
:0454A20000F687B3D6
:0454A3000007C783B4
:0454A40002F7146394
:0454A500FE842783D7
:0454A60000178793D1
:0454A700FEF42423C8
:0454A800FE84270354
:0454A900FEC4278393
:0454AA00F4F740E3F0
:0454AB000100006F8D
:0454AC0000000013E9
:0454AD000080006F0C
:0454AE0000000013E7
:0454AF00FE4427830D
:0454B0000007A783C7
:0454B100FEF42223C0
:0454B200FE4427038A
:0454B300000187B7B6
:0454B4008AC7879389
:0454B500F0F716E313
:0454B6000000079358
:0454B7000007851352
:0454B80002C1240306
:0454B90003010113D7
:0454BA000000806707
:0454BB00FD010113DB
:0454BC000281262320
:0454BD0003010413D0
:0454BE00FCA42E23F9
:0454BF00FE800793D1
:0454C000FEF42623AD
:0454C100FE0424239E
:0454C2000800006F6F
:0454C300000177B7B6
:0454C400088786933C
:0454C500FE84270337
:0454C6000007079341
:0454C70000179793A0
:0454C80000E787B3BF
:0454C900002797938E
:0454CA0000F687B3AE
:0454CB000007A783AC
:0454CC0004079663D8
:0454CD00000177B7AC
:0454CE000887869332
:0454CF00FE8427032D
:0454D0000007079337
:0454D1000017979396
:0454D20000E787B3B5
:0454D3000027979384
:0454D40000F687B3A4
:0454D500FDC42703E8
:0454D60000E7A02328
:0454D7008101A78325
:0454D800FE84270324
:0454D90000E7D663AF
:0454DA00FE84270322
:0454DB0080E1A823A1
:0454DC00FE842783A0
:0454DD00FEF4262390
:0454DE000200006F59
:0454DF00FE8427839D
:0454E0000017879397
:0454E100FEF424238E
:0454E200FE8427031A
:0454E30001F007933A
:0454E400F6E7DEE326
:0454E50000000013B0
:0454E600FEC4278356
:0454E7000007851322
:0454E80002C12403D6
:0454E90003010113A7
:0454EA0000008067D7
:0454EB00000586131F
:0454EC00000505931F
:0454ED008201A50390
:0454EE00DF8F206FBD
:0454EF00000007971B
:0454F0004147879316
:0454F1000007AF837E
:0454F2000047AF03BD
:0454F3000087AE83FD
:0454F40000C7AE033C
:0454F5000107A30305
:0454F6000147A8833F
:0454F7000187A8037E
:0454F8000247A6833E
:0454F9000287A7037C
:0454FA0001C7A583BE
:0454FB000207A603FB
:0454FC0002C7C78399
:0454FD00FC0101139A
:0454FE000001051391
:0454FF0002112E2345
:0455000001F1202372
:0455010001E122237F
:0455020001D124238C
:0455030001C1262399
:0455040000612823F7
:0455050001112A2343
:0455060001012C2350
:0455070002D1222388
:0455080002E1242375
:0455090002F1062382
:04550A0000B12E239B
:04550B0002C1202396
:04550C00B95ED0EFC5
:04550D00000506137C
:04550E000001059300
:04550F000020051360
:0455100003C000EFE5
:04551100006005131E
:04551200BA0F80EF5D
:0455130007F0051385
:04551400964FF0EFCF
:04551500FF0101137E
:045516000011262337
:04551700F61FF0EF9C
:0455180000004797B1
:04551900DCC78793D1
:04551A000007A703DC
:04551B00000716630C
:04551C00FF0A073744
:04551D0000E7A023E0
:04551E0000008067A2
:04551F0000060693E9
:0455200000058613E9
:0455210000050593E9
:045522008201A5035A
:04552300FD0ED06F3A
:0455240000003290C1
:0455250000015460CD
:045526000000001071
:045527000000000080
:0455280000527A03B0
:0455290001017C01FF
:04552A0000020D1B53
:04552B00000000D4A8
:04552C000000001863
:04552D00FFFF863CBA
:04552E000000068CE7
:04552F00300E4400F6
:045530008105934C12
:045531005C0896017B
:04553200079503894D
:045533000492028854
:045534002C030694AA
:04553500C144C801A4
:04553600D244C9444E
:04553700D544D4443F
:04553800D648D3443A
:0455390044000E44D8
:04553A000181300EAD
:04553B000896059336
:04553C0044C10A500C
:04553D0044D648D335
:04553E000B44000E0C
:04553F00028850028C
:045540000492038945
:045541000795069430
:0455420097014C037E
:04554300D7E00209A2
:04554400D2C9C844BC
:045545008850D5D4E1
:045546009203890241
:04554700950694042D
:04554800C9C848077F
:0455490048D5D4D29B
:04554A0095500B99D4
:04554B005C09970759
:04554C0088500A98E1
:04554D00920389023A
:04554E0006944C046F
:04554F000A013C030E
:0455500048C144C842
:0455510044D244C933
:0455520044D544D424
:0455530044D844D71D
:0455540048D344D91B
:04555500000E44D62A
:04555600D7680B44C3
:04555700C854D9D883
:04555800D5D4D2C90B
:045559008902884CEF
:04555A009404920320
:04555B009707950613
:04555C000A98480958
:04555D00D8480B9986
:04555E000A9848D986
:04555F00D7480B9985
:045560000000D9D896
:045561000000001036
:045562000000000045
:0455630000527A0375
:0455640001017C01C4
:0455650000020D1B18
:04556600000000B889
:045567000000001828
:04556800FFFF8BDCDA
:045569000000061820
:04556A00300E4400BB
:04556B005C01814816
:04556C00069404920B
:04556D000389028824
:04556E000795059305
:04556F00C8010C0360
:04557000D244C94414
:04557100D444D34407
:045572000A48D544CA
:04557300000E44C121
:0455740089580B4403
:045575000205930395
:04557600C944C1540F
:045577000E4CD344BF
:04557800300E4400AD
:045579000288018122
:04557A00049203890B
:04557B0006940593FA
:04557C001803079574
:04557D006809970121
:04557E0094020896F5
:04557F0044D644D7F3
:04558000D5D4D2C8E4
:0455810050079558E2
:045582000C9A0997DF
:045583004C0B995CD8
:045584000492028803
:0455850096069450A2
:045586000A9848082F
:045587000A015803BA
:0455880054C144C8FE
:0455890044D444D2F0
:04558A0044D644D5EA
:04558B0044D844D7E5
:04558C004CDA44D9D8
:04558D0044D344C9F6
:04558E000B44000EBC
:04558F00D8D7D65C37
:045590009654DAD97A
:0455910098099708D6
:045592009A0B990ACD
:04559300D7D6500C0B
:0455940000DAD9D888
:045595000000000012
:045596000000000011
:045597000000000010
:045598006C6C65488A
:04559900494E206FE8
:04559A005620534FF5
:04559B00726F5720B4
:04559C000000646C3B
:04559D00756C615672
:04559E006E6F2065A7
:04559F006977732095
:0455A0003A6863748E
:0455A1007832252017
:0455A2000000000AFB
:0455A3007665642F96
:0455A4004245442F09
:0455A5000000475566
:0455A6007665642F93
:0455A7004245442F06
:0455A8000000475563
:0455A9007665642F90
:0455AA006C756E2F7F
:0455AB000000006C90
:0455AC000000000AF1
:0455AD0000464E491D
:0455AE0000666E69BC
:0455AF00004E414E1B
:0455B000006E616EBA
:0455B1003332313030
:0455B200373635341F
:0455B30062613938C0
:0455B4006665646361
:0455B50000000000F2
:0455B600333231302B
:0455B700373635341A
:0455B80042413938FB
:0455B90046454443DC
:0455BA0000000000ED
:0455BB006C756E2875
:0455BC000000296C56
:0455BD0000000030BA
:0455BE0069666E4963
:0455BF007974696E24
:0455C00000000000E7
:0455C100004E614EE9
:0455C2006C6C61426A
:0455C3007320636F7F
:0455C4006563637543
:0455C5006465646550
:0455C60000000000E1
:0455C7002E2F2E2E27
:0455C8002E2E2F2E26
:0455C9002F2E2E2F24
:0455CA006C77656E27
:0455CB006E2F626974
:0455CC00696C77652A
:0455CD00696C2F6274
:0455CE00732F636272
:0455CF00696C64742B
:0455D00064672F627B
:0455D1002D616F7465
:0455D20073696D6428
:0455D30000632E63E0
:0455D4002E2F2E2E1A
:0455D5002E2E2F2E19
:0455D6002F2E2E2F17
:0455D7006C77656E1A
:0455D8006E2F626967
:0455D900696C77651D
:0455DA00696C2F6267
:0455DB00732F636265
:0455DC00696C64741E
:0455DD00706D2F625C
:0455DE002E63657261
:0455DF000000006365
:0455E0000000004384
:0455E10049534F508B
:0455E200000000586D
:0455E3000000002E96
:0455E4007566202C9C
:0455E5006974636E14
:0455E600203A6E6F8A
:0455E70000000000C0
:0455E8006573736113
:0455E9006F69747200
:0455EA002522206EE8
:0455EB0066202273A1
:0455EC00656C696120
:0455ED0066203A6496
:0455EE0020656C695F
:0455EF0022732522DC
:0455F000696C202C96
:0455F1002520656E9E
:0455F2002573256494
:0455F30000000A7337
:0455F400202A2A2A15
:0455F5006361747307
:0455F6006D73206B46
:0455F700696873610B
:0455F8006420676E56
:0455F900636574650D
:0455FA002064657450
:0455FB003A2A2A2AF4
:0455FC007265742040
:0455FD00616E696D05
:0455FE000A64657462
:0455FF0000000000A8
:04560000FFFEF12098
:04560100FFFEE908B7
:04560200FFFEE908B6
:04560300FFFEF114A1
:04560400FFFEE908B4
:04560500FFFEE908B3
:04560600FFFEE908B2
:04560700FFFEEB387F
:04560800FFFEE908B0
:04560900FFFEE908AF
:04560A00FFFEF00CA3
:04560B00FFFEF0307E
:04560C00FFFEE908AC
:04560D00FFFEF02488
:04560E00FFFEF14466
:04560F00FFFEE908A9
:04561000FFFEF13870
:04561100FFFEE8D4DC
:04561200FFFEE8D4DB
:04561300FFFEE8D4DA
:04561400FFFEE8D4D9
:04561500FFFEE8D4D8
:04561600FFFEE8D4D7
:04561700FFFEE8D4D6
:04561800FFFEE8D4D5
:04561900FFFEE8D4D4
:04561A00FFFEE9089E
:04561B00FFFEE9089D
:04561C00FFFEE9089C
:04561D00FFFEE9089B
:04561E00FFFEE9089A
:04561F00FFFEE90899
:04562000FFFEE90898
:04562100FFFEEBA8F5
:04562200FFFEE90896
:04562300FFFEEEACEC
:04562400FFFEEE5443
:04562500FFFEEBA8F1
:04562600FFFEEBA8F0
:04562700FFFEEBA8EF
:04562800FFFEE90890
:04562900FFFEE9088F
:04562A00FFFEE9088E
:04562B00FFFEE9088D
:04562C00FFFEF10884
:04562D00FFFEE9088B
:04562E00FFFEE9088A
:04562F00FFFEEFA0EB
:04563000FFFEE90888
:04563100FFFEE90887
:04563200FFFEE90886
:04563300FFFEEED4B4
:04563400FFFEE90884
:04563500FFFEF0D8AC
:04563600FFFEE90882
:04563700FFFEE90881
:04563800FFFEFBFC7A
:04563900FFFEE9087F
:04563A00FFFEE9087E
:04563B00FFFEE9087D
:04563C00FFFEE9087C
:04563D00FFFEE9087B
:04563E00FFFEE9087A
:04563F00FFFEE90879
:04564000FFFEE90878
:04564100FFFEEBA8D5
:04564200FFFEE90876
:04564300FFFEEEACCC
:04564400FFFEEE581F
:04564500FFFEEBA8D1
:04564600FFFEEBA8D0
:04564700FFFEEBA8CF
:04564800FFFEF0C4AD
:04564900FFFEEE581A
:04564A00FFFEEE4829
:04564B00FFFEE9086D
:04564C00FFFEF0B0BD
:04564D00FFFEE9086B
:04564E00FFFEF0402B
:04564F00FFFEEFA4C7
:04565000FFFEF074F5
:04565100FFFEEE4822
:04565200FFFEE90866
:04565300FFFEEED494
:04565400FFFEEB74F6
:04565500FFFEFBF465
:04565600FFFEE90862
:04565700FFFEE90861
:04565800FFFEFC98BD
:04565900FFFEE9085F
:04565A00FFFEEB74F0
:04565B00FFFF03C08A
:04565C00FFFF000844
:04565D00FFFF000843
:04565E00FFFF000842
:04565F00FFFF02A89F
:04566000FFFF0794AD
:04566100FFFF00083F
:04566200FFFF00083E
:04566300FFFF00083D
:04566400FFFF00083C
:04566500FFFF00083B
:04566600FFFF00083A
:04566700FFFF000839
:04566800FFFF000838
:04566900FFFF000837
:04566A00FFFF000836
:04566B00FFFF000835
:04566C00FFFF000834
:04566D00FFFF000833
:04566E00FFFF000832
:04566F00FFFF000831
:04567000FFFF000830
:04567100FFFF00082F
:04567200FFFF00082E
:04567300FFFF00082D
:04567400FFFF00082C
:04567500FFFF00082B
:04567600FFFF00082A
:04567700FFFF000829
:04567800FFFF000828
:04567900FFFF000827
:04567A00FFFF000826
:04567B00FFFF03C06A
:04567C00FFFF000824
:04567D00FFFF000823
:04567E00FFFF000822
:04567F00FFFF02A87F
:04568000FFFF07948D
:0456810020202020A5
:0456820020202020A4
:0456830020202020A3
:0456840020202020A2
:045685003030303061
:045686003030303060
:04568700303030305F
:04568800303030305E
:04568900000000001D
:04568A00000000001C
:04568B00000000001B
:04568C00000000001A
:04568D000000000019
:04568E000000000018
:04568F003FFC0000DC
:045690000000000016
:045691000000000015
:045692000000000014
:0456930040030000D0
:045694000000000012
:045695000000000011
:045696000000000010
:045697003FFE0000D2
:04569800000000000E
:04569900000000000D
:04569A00000000000C
:04569B00407100005A
:04569C00FFFFFFFF0E
:04569D00FFFFFFFF0D
:04569E00FFFFFFFF0C
:04569F007FFEFFFF8C
:0456A0000000000006
:0456A1000000000005
:0456A2000000000004
:0456A3000001000002
:0456A4000000007191
:0456A500FFFFBF92B2
:0456A60000003F8F32
:0456A70000000001FE
:0456A80000000000FE
:0456A90000000000FD
:0456AA0000000005F7
:0456AB0000000019E2
:0456AC000000007D7D
:0456AD0000000000F9
:0456AE0000000000F8
:0456AF003FF00000C8
:0456B00000000000F6
:0456B1004024000091
:0456B20000000000F4
:0456B300405900005A
:0456B40000000000F2
:0456B500408F4000E2
:0456B60000000000F0
:0456B70040C3880064
:0456B80000000000EE
:0456B90040F86A004B
:0456BA0000000000EC
:0456BB00412E848078
:0456BC0000000000EA
:0456BD00416312D063
:0456BE0000000000E8
:0456BF004197D784B4
:0456C00000000000E6
:0456C10041CDCD65A5
:0456C20020000000C4
:0456C3004202A05FA0
:0456C400E8000000FA
:0456C50042374876AA
:0456C600A20000003E
:0456C700426D1A9482
:0456C800E5400000B9
:0456C90042A2309C2D
:0456CA001E9000002E
:0456CB0042D6BCC443
:0456CC002634000080
:0456CD00430C6BF52A
:0456CE0037E0800041
:0456CF004341C37917
:0456D00085D8A000D9
:0456D1004376345791
:0456D200674EC80057
:0456D30043ABC16DB7
:0456D40060913D00A4
:0456D50043E158E471
:0456D60078B58C40D7
:0456D7004415AF1DAA
:0456D800D6E2EF50D7
:0456D900444B1AE440
:0456DA00064DD59212
:0456DB004480F0CF48
:0456DC00C7E14AF6E2
:0456DD0044B52D02A1
:0456DE0079D99DB425
:0456DF0044EA7843DE
:0456E00097D889BC12
:0456E1003C9CD2B269
:0456E200D5A8A7336D
:0456E3003949F62328
:0456E40044F4A73DA6
:0456E50032A50FFDDE
:0456E600CF8C979D31
:0456E700255BBA087D
:0456E80064AC6F43FC
:0456E9000AC80628BD
:0456EA0037E0800025
:0456EB004341C379FB
:0456EC00B5056E177B
:0456ED004693B8B573
:0456EE00E93FF9F5A2
:0456EF004D384F03E0
:0456F000F9301D323E
:0456F1005A8277481A
:0456F2007F73BF3CC7
:0456F30075154FDDFD
:0456F4002020200052
:0456F5002020202031
:0456F6002828202020
:0456F7002028282817
:0456F800202020202E
:0456F900202020202D
:0456FA00202020202C
:0456FB00202020202B
:0456FC0010108820E2
:0456FD001010101069
:0456FE001010101068
:0456FF001010101067
:045700000404041089
:045701000404040494
:045702001004040487
:045703001010101062
:0457040041411010FF
:04570500414141419C
:04570600010101019B
:04570700010101019A
:045708000101010199
:045709000101010198
:04570A000101010197
:04570B00101010105A
:04570C0042421010F5
:04570D004242424290
:04570E00020202028F
:04570F00020202028E
:04571000020202028D
:04571100020202028C
:04571200020202028B
:045713001010101052
:045714000000002071
:045715000000000090
:04571600000000008F
:04571700000000008E
:04571800000000008D
:04571900000000008C
:04571A00000000008B
:04571B00000000008A
:04571C000000000089
:04571D000000000088
:04571E000000000087
:04571F000000000086
:045720000000000085
:045721000000000084
:045722000000000083
:045723000000000082
:045724000000000081
:045725000000000080
:04572600000000007F
:04572700000000007E
:04572800000000007D
:04572900000000007C
:04572A00000000007B
:04572B00000000007A
:04572C000000000079
:04572D000000000078
:04572E000000000077
:04572F000000000076
:045730000000000075
:045731000000000074
:045732000000000073
:045733000000000072
:045734000000000071
:04573500FFFF6C30D6
:04573600FFFF66E823
:04573700FFFF66E822
:04573800FFFF6C24DF
:04573900FFFF66E820
:04573A00FFFF66E81F
:04573B00FFFF66E81E
:04573C00FFFF6BC040
:04573D00FFFF66E81C
:04573E00FFFF66E81B
:04573F00FFFF687090
:04574000FFFF6B54A8
:04574100FFFF66E818
:04574200FFFF6B48B2
:04574300FFFF6B7089
:04574400FFFF66E815
:04574500FFFF6B6493
:04574600FFFF66B447
:04574700FFFF66B446
:04574800FFFF66B445
:04574900FFFF66B444
:04574A00FFFF66B443
:04574B00FFFF66B442
:04574C00FFFF66B441
:04574D00FFFF66B440
:04574E00FFFF66B43F
:04574F00FFFF66E80A
:04575000FFFF66E809
:04575100FFFF66E808
:04575200FFFF66E807
:04575300FFFF66E806
:04575400FFFF66E805
:04575500FFFF66E804
:04575600FFFF66E803
:04575700FFFF66E802
:04575800FFFF6B1CC8
:04575900FFFF6C489A
:04575A00FFFF66E8FF
:04575B00FFFF66E8FE
:04575C00FFFF66E8FD
:04575D00FFFF66E8FC
:04575E00FFFF66E8FB
:04575F00FFFF66E8FA
:04576000FFFF66E8F9
:04576100FFFF66E8F8
:04576200FFFF66E8F7
:04576300FFFF66E8F6
:04576400FFFF6D686E
:04576500FFFF66E8F4
:04576600FFFF66E8F3
:04576700FFFF66E8F2
:04576800FFFF6A9441
:04576900FFFF66E8F0
:04576A00FFFF6CAC25
:04576B00FFFF66E8EE
:04576C00FFFF66E8ED
:04576D00FFFF744482
:04576E00FFFF66E8EB
:04576F00FFFF66E8EA
:04577000FFFF66E8E9
:04577100FFFF66E8E8
:04577200FFFF66E8E7
:04577300FFFF66E8E6
:04577400FFFF66E8E5
:04577500FFFF66E8E4
:04577600FFFF66E8E3
:04577700FFFF66E8E2
:04577800FFFF6B1CA8
:04577900FFFF738437
:04577A00FFFF66E8DF
:04577B00FFFF66E8DE
:04577C00FFFF66E8DD
:04577D00FFFF6C9826
:04577E00FFFF738432
:04577F00FFFF68843C
:04578000FFFF66E8D9
:04578100FFFF6EB008
:04578200FFFF66E8D7
:04578300FFFF6E8036
:04578400FFFF742C83
:04578500FFFF6E3084
:04578600FFFF688435
:04578700FFFF66E8D2
:04578800FFFF6A9421
:04578900FFFF687C3A
:04578A00FFFF743871
:04578B00FFFF66E8CE
:04578C00FFFF66E8CD
:04578D00FFFF749C0A
:04578E00FFFF66E8CB
:04578F00FFFF687C34
:045790002020202095
:045791002020202094
:045792002020202093
:045793002020202092
:045794003030303051
:045795003030303050
:04579600303030304F
:04579700303030304E
:045798000000F36CAE
:045799000000F21802
:04579A000000F1C456
:04579B000000F318FF
:04579C000000F1C454
:04579D000000F228EE
:04579E000000F1C452
:04579F000000F318FB
:0457A0000000F218FB
:0457A1000000F218FA
:0457A2000000F228E9
:0457A3000000F318F7
:0457A4000000F2A46B
:0457A5000000F2A46A
:0457A6000000F2A469
:0457A7000000F228E4
:0457A80002020100F8
:0457A90003030303F0
:0457AA0004040404EB
:0457AB0004040404EA
:0457AC0005050505E5
:0457AD0005050505E4
:0457AE0005050505E3
:0457AF0005050505E2
:0457B00006060606DD
:0457B10006060606DC
:0457B20006060606DB
:0457B30006060606DA
:0457B40006060606D9
:0457B50006060606D8
:0457B60006060606D7
:0457B70006060606D6
:0457B80007070707D1
:0457B90007070707D0
:0457BA0007070707CF
:0457BB0007070707CE
:0457BC0007070707CD
:0457BD0007070707CC
:0457BE0007070707CB
:0457BF0007070707CA
:0457C00007070707C9
:0457C10007070707C8
:0457C20007070707C7
:0457C30007070707C6
:0457C40007070707C5
:0457C50007070707C4
:0457C60007070707C3
:0457C70007070707C2
:0457C80008080808BD
:0457C90008080808BC
:0457CA0008080808BB
:0457CB0008080808BA
:0457CC0008080808B9
:0457CD0008080808B8
:0457CE0008080808B7
:0457CF0008080808B6
:0457D00008080808B5
:0457D10008080808B4
:0457D20008080808B3
:0457D30008080808B2
:0457D40008080808B1
:0457D50008080808B0
:0457D60008080808AF
:0457D70008080808AE
:0457D80008080808AD
:0457D90008080808AC
:0457DA0008080808AB
:0457DB0008080808AA
:0457DC0008080808A9
:0457DD0008080808A8
:0457DE0008080808A7
:0457DF0008080808A6
:0457E00008080808A5
:0457E10008080808A4
:0457E20008080808A3
:0457E30008080808A2
:0457E40008080808A1
:0457E50008080808A0
:0457E600080808089F
:0457E700080808089E
:0457E80000000000BD
:0457E9003FF8000085
:0457EA00636F436145
:0457EB003FD287A77B
:0457EC008B60C8B353
:0457ED003FC68A2801
:0457EE00509F79FB54
:0457EF003FD344134D
:0457F0009D7DFA049D
:0457F1003C942D16A1
:0457F20055475A328B
:0457F3003FD3441349
:0457F40000000000B1
:0457F5003FF0000081
:0457F60000000000AF
:0457F700402400004A
:0457F80000000000AD
:0457F9004008000064
:0457FA0000000000AB
:0457FB00401C00004E
:0457FC0000000000A9
:0457FD004014000054
:0457FE0000000000A7
:0457FF003FE0000087
:0458000000000000A4
:0458010000000000A3
:0458020000000000A2
:0458030000000000A1
:0458040000000000A0
:04580500000000009F
:04580600000000009E
:04580700000000009D
:04580800000000009C
:04580900000000009B
:04580A00000000009A
:04580B000000000099
:04580C000000000098
:04580D000000000097
:04580E000000000096
:04580F000000000095
:045810000000000094
:045811000000000093
:045812000000000092
:045813000000000091
:045814000000000090
:04581500000000008F
:04581600000000008E
:04581700000000008D
:04581800000000008C
:04581900000000008B
:04581A00000000008A
:04581B000000000089
:04581C000000000088
:04581D000000000087
:04581E000000000086
:04581F000000000085
:045820000000000084
:045821000000000083
:045822000000000082
:045823000000000081
:045824000000000080
:04582500000000007F
:04582600000000007E
:04582700000000007D
:04582800000000007C
:04582900000000007B
:04582A00000000007A
:04582B000000000079
:04582C000000000078
:04582D000000000077
:04582E000000000076
:04582F000000000075
:045830000000000074
:045831000000000073
:045832000000000072
:045833000000000071
:045834000000000070
:04583500000000006F
:04583600000000006E
:04583700000000006D
:04583800000000006C
:04583900000000006B
:04583A00000000006A
:04583B000000000069
:04583C000000000068
:04583D000000000067
:04583E000000000066
:04583F000000000065
:045840000000000064
:045841000000000063
:045842000000000062
:045843000000000061
:045844000000000060
:04584500000000005F
:04584600000000005E
:04584700000000005D
:04584800000000005C
:04584900000000005B
:04584A00000000005A
:04584B000000000059
:04584C000000000058
:04584D000000000057
:04584E000000000056
:04584F000000000055
:045850000000000054
:045851000000000053
:045852000000000052
:045853000000000051
:045854000000000050
:04585500000000004F
:04585600000000004E
:04585700000000004D
:04585800000000004C
:04585900000000004B
:04585A00000000004A
:04585B000000000049
:04585C000000000048
:04585D000000000047
:04585E000000000046
:04585F000000000045
:045860000000000044
:045861000000000043
:045862000000000042
:045863000000000041
:045864000000000040
:04586500000000003F
:04586600000000003E
:04586700000000003D
:04586800000000003C
:04586900000000003B
:04586A00000000003A
:04586B000000000039
:04586C000000000038
:04586D000000000037
:04586E000000000036
:04586F000000000035
:045870000000000034
:045871000000000033
:045872000000000032
:045873000000000031
:045874000000000030
:04587500000000002F
:04587600000000002E
:04587700000000002D
:04587800000000002C
:04587900000000002B
:04587A00000000002A
:04587B000000000029
:04587C000000000028
:04587D000000000027
:04587E000000000026
:04587F000000000025
:045880000000000024
:045881000000000023
:045882000000000022
:045883000000000021
:045884000000000020
:04588500000000001F
:04588600000000001E
:04588700000000001D
:04588800000000001C
:04588900000000001B
:04588A00000000001A
:04588B000000000019
:04588C000000000018
:04588D000000000017
:04588E000000000016
:04588F000000000015
:045890000000000014
:045891000000000013
:045892000000000012
:045893000000000011
:045894000000000010
:04589500000000000F
:04589600000000000E
:04589700000000000D
:04589800000000000C
:04589900000000000B
:04589A00000000000A
:04589B000000000009
:04589C000000000008
:04589D000000000007
:04589E000000000006
:04589F000000000005
:0458A0000000000004
:0458A1000000000003
:0458A2000000000002
:0458A3000000000001
:0458A4000000000000
:0458A50000000000FF
:0458A60000000000FE
:0458A70000000000FD
:0458A80000000000FC
:0458A90000000000FB
:0458AA0000000000FA
:0458AB0000000000F9
:0458AC0000000000F8
:0458AD0000000000F7
:0458AE0000000000F6
:0458AF0000000000F5
:0458B00000000000F4
:0458B10000000000F3
:0458B20000000000F2
:0458B30000000000F1
:0458B40000000000F0
:0458B50000000000EF
:0458B60000000000EE
:0458B70000000000ED
:0458B80000000000EC
:0458B90000000000EB
:0458BA0000000000EA
:0458BB0000000000E9
:0458BC0000000000E8
:0458BD0000000000E7
:0458BE0000000000E6
:0458BF0000000000E5
:0458C00000000000E4
:0458C10000000000E3
:0458C20000000000E2
:0458C30000000000E1
:0458C40000000000E0
:0458C50000000000DF
:0458C60000000000DE
:0458C70000000000DD
:0458C80000000000DC
:0458C90000000000DB
:0458CA0000000000DA
:0458CB0000000000D9
:0458CC0000000000D8
:0458CD0000000000D7
:0458CE0000000000D6
:0458CF0000000000D5
:0458D00000000000D4
:0458D10000000000D3
:0458D20000000000D2
:0458D30000000000D1
:0458D40000000000D0
:0458D50000000000CF
:0458D60000000000CE
:0458D70000000000CD
:0458D80000000000CC
:0458D90000000000CB
:0458DA0000000000CA
:0458DB0000000000C9
:0458DC0000000000C8
:0458DD0000000000C7
:0458DE0000000000C6
:0458DF0000000000C5
:0458E00000000000C4
:0458E10000000000C3
:0458E20000000000C2
:0458E30000000000C1
:0458E40000000000C0
:0458E50000000000BF
:0458E60000000000BE
:0458E70000000000BD
:0458E80000000000BC
:0458E90000000000BB
:0458EA0000000000BA
:0458EB0000000000B9
:0458EC0000000000B8
:0458ED0000000000B7
:0458EE0000000000B6
:0458EF0000000000B5
:0458F00000000000B4
:0458F10000000000B3
:0458F20000000000B2
:0458F30000000000B1
:0458F40000000000B0
:0458F50000000000AF
:0458F60000000000AE
:0458F70000000000AD
:0458F80000000000AC
:0458F90000000000AB
:0458FA0000000000AA
:0458FB0000000000A9
:0458FC0000000000A8
:0458FD0000000000A7
:0458FE0000000000A6
:0458FF0000000000A5
:0459000000000000A3
:0459010000000000A2
:0459020000000000A1
:0459030000000000A0
:04590400000000009F
:04590500000000009E
:04590600000000009D
:04590700000000009C
:04590800000000009B
:04590900000000009A
:04590A000000000099
:04590B000000000098
:04590C000000000097
:04590D000000000096
:04590E000000000095
:04590F000000000094
:045910000000000093
:045911000000000092
:045912000000000091
:045913000000000090
:04591400000000008F
:04591500000000008E
:04591600000000008D
:04591700000000008C
:04591800000000008B
:04591900000000008A
:04591A000000000089
:04591B000000000088
:04591C000000000087
:04591D000000000086
:04591E000000000085
:04591F000000000084
:045920000000000083
:045921000000000082
:045922000000000081
:045923000000000080
:04592400000000007F
:04592500000000007E
:04592600000000007D
:04592700000000007C
:04592800000000007B
:04592900000000007A
:04592A000000000079
:04592B000000000078
:04592C000000000077
:04592D000000000076
:04592E000000000075
:04592F000000000074
:045930000000000073
:045931000000000072
:045932000000000071
:045933000000000070
:04593400000000006F
:04593500000000006E
:04593600000000006D
:04593700000000006C
:04593800000000006B
:04593900000000006A
:04593A000000000069
:04593B000000000068
:04593C000000000067
:04593D000000000066
:04593E000000000065
:04593F000000000064
:045940000000000063
:045941000000000062
:045942000000000061
:045943000000000060
:04594400000000005F
:04594500000000005E
:04594600000000005D
:04594700000000005C
:04594800000000005B
:04594900000000005A
:04594A000000000059
:04594B000000000058
:04594C000000000057
:04594D000000000056
:04594E000000000055
:04594F000000000054
:045950000000000053
:045951000000000052
:045952000000000051
:045953000000000050
:04595400000000004F
:04595500000000004E
:04595600000000004D
:04595700000000004C
:04595800000000004B
:04595900000000004A
:04595A000000000049
:04595B000000000048
:04595C000000000047
:04595D000000000046
:04595E000000000045
:04595F000000000044
:045960000000000043
:045961000000000042
:045962000000000041
:045963000000000040
:04596400000000003F
:04596500000000003E
:04596600000000003D
:04596700000000003C
:04596800000000003B
:04596900000000003A
:04596A000000000039
:04596B000000000038
:04596C000000000037
:04596D000000000036
:04596E000000000035
:04596F000000000034
:045970000000000033
:045971000000000032
:045972000000000031
:045973000000000030
:04597400000000002F
:04597500000000002E
:04597600000000002D
:04597700000000002C
:04597800000000002B
:04597900000000002A
:04597A000000000029
:04597B000000000028
:04597C000000000027
:04597D000000000026
:04597E000000000025
:04597F000000000024
:045980000000000023
:045981000000000022
:045982000000000021
:045983000000000020
:04598400000000001F
:04598500000000001E
:04598600000000001D
:04598700000000001C
:04598800000000001B
:04598900000000001A
:04598A000000000019
:04598B000000000018
:04598C000000000017
:04598D000000000016
:04598E000000000015
:04598F000000000014
:045990000000000013
:045991000000000012
:045992000000000011
:045993000000000010
:04599400000000000F
:04599500000000000E
:04599600000000000D
:04599700000000000C
:04599800000000000B
:04599900000000000A
:04599A000000000009
:04599B000000000008
:04599C000000000007
:04599D000000000006
:04599E000000000005
:04599F000000000004
:0459A0000000000003
:0459A1000000000002
:0459A2000000000001
:0459A3000000000000
:0459A40000000000FF
:0459A50000000000FE
:0459A60000000000FD
:0459A70000000000FC
:0459A80000000000FB
:0459A90000000000FA
:0459AA0000000000F9
:0459AB0000000000F8
:0459AC0000000000F7
:0459AD0000000000F6
:0459AE0000000000F5
:0459AF0000000000F4
:0459B00000000000F3
:0459B10000000000F2
:0459B20000000000F1
:0459B30000000000F0
:0459B40000000000EF
:0459B50000000000EE
:0459B60000000000ED
:0459B70000000000EC
:0459B80000000000EB
:0459B90000000000EA
:0459BA0000000000E9
:0459BB0000000000E8
:0459BC0000000000E7
:0459BD0000000000E6
:0459BE0000000000E5
:0459BF0000000000E4
:0459C00000000000E3
:0459C10000000000E2
:0459C20000000000E1
:0459C30000000000E0
:0459C40000000000DF
:0459C50000000000DE
:0459C60000000000DD
:0459C70000000000DC
:0459C80000000000DB
:0459C90000000000DA
:0459CA0000000000D9
:0459CB0000000000D8
:0459CC0000000000D7
:0459CD0000000000D6
:0459CE0000000000D5
:0459CF0000000000D4
:0459D00000000000D3
:0459D10000000000D2
:0459D20000000000D1
:0459D30000000000D0
:0459D40000000000CF
:0459D50000000000CE
:0459D60000000000CD
:0459D70000000000CC
:0459D80000000000CB
:0459D90000000000CA
:0459DA0000000000C9
:0459DB0000000000C8
:0459DC0000000000C7
:0459DD0000000000C6
:0459DE0000000000C5
:0459DF0000000000C4
:0459E00000000000C3
:0459E10000000000C2
:0459E20000000000C1
:0459E30000000000C0
:0459E40000000000BF
:0459E50000000000BE
:0459E60000000000BD
:0459E70000000000BC
:0459E80000000000BB
:0459E90000000000BA
:0459EA0000000000B9
:0459EB0000000000B8
:0459EC0000000000B7
:0459ED0000000000B6
:0459EE0000000000B5
:0459EF0000000000B4
:0459F00000000000B3
:0459F10000000000B2
:0459F20000000000B1
:0459F30000000000B0
:0459F40000000000AF
:0459F50000000000AE
:0459F60000000000AD
:0459F70000000000AC
:0459F80000000000AB
:0459F90000000000AA
:0459FA0000000000A9
:0459FB0000000000A8
:0459FC0000000000A7
:0459FD0000000000A6
:0459FE0000000000A5
:0459FF0000000000A4
:045A000000000000A2
:045A010000000000A1
:045A020000000000A0
:045A0300000000009F
:045A0400000000009E
:045A0500000000009D
:045A0600000000009C
:045A0700000000009B
:045A0800000000009A
:045A09000000000099
:045A0A000000000098
:045A0B000000000097
:045A0C000000000096
:045A0D000000000095
:045A0E000000000094
:045A0F000000000093
:045A10000000000092
:045A11000000000091
:045A12000000000090
:045A1300000000008F
:045A1400000000008E
:045A1500000000008D
:045A1600000000008C
:045A1700000000008B
:045A1800000000008A
:045A19000000000089
:045A1A000000000088
:045A1B000000000087
:045A1C000000000086
:045A1D000000000085
:045A1E000000000084
:045A1F000000000083
:045A20000000000082
:045A21000000000081
:045A22000000000080
:045A2300000000007F
:045A2400000000007E
:045A2500000000007D
:045A2600000000007C
:045A2700000000007B
:045A2800000000007A
:045A29000000000079
:045A2A000000000078
:045A2B000000000077
:045A2C000000000076
:045A2D000000000075
:045A2E000000000074
:045A2F000000000073
:045A30000000000072
:045A31000000000071
:045A32000000000070
:045A3300000000006F
:045A3400000000006E
:045A3500000000006D
:045A3600000000006C
:045A3700000000006B
:045A3800000000006A
:045A39000000000069
:045A3A000000000068
:045A3B000000000067
:045A3C000000000066
:045A3D000000000065
:045A3E000000000064
:045A3F000000000063
:045A40000000000062
:045A41000000000061
:045A42000000000060
:045A4300000000005F
:045A4400000000005E
:045A4500000000005D
:045A4600000000005C
:045A4700000000005B
:045A4800000000005A
:045A49000000000059
:045A4A000000000058
:045A4B000000000057
:045A4C000000000056
:045A4D000000000055
:045A4E000000000054
:045A4F000000000053
:045A50000000000052
:045A51000000000051
:045A52000000000050
:045A5300000000004F
:045A5400000000004E
:045A5500000000004D
:045A5600000000004C
:045A5700000000004B
:045A5800000000004A
:045A59000000000049
:045A5A000000000048
:045A5B000000000047
:045A5C000000000046
:045A5D000000000045
:045A5E000000000044
:045A5F000000000043
:045A60000000000042
:045A61000000000041
:045A62000000000040
:045A6300000000003F
:045A6400000000003E
:045A6500000000003D
:045A6600000000003C
:045A6700000000003B
:045A6800000000003A
:045A69000000000039
:045A6A000000000038
:045A6B000000000037
:045A6C000000000036
:045A6D000000000035
:045A6E000000000034
:045A6F000000000033
:045A70000000000032
:045A71000000000031
:045A72000000000030
:045A7300000000002F
:045A7400000000002E
:045A7500000000002D
:045A7600000000002C
:045A7700000000002B
:045A7800000000002A
:045A79000000000029
:045A7A000000000028
:045A7B000000000027
:045A7C000000000026
:045A7D000000000025
:045A7E000000000024
:045A7F000000000023
:045A80000000000022
:045A81000000000021
:045A82000000000020
:045A8300000000001F
:045A8400000000001E
:045A8500000000001D
:045A8600000000001C
:045A8700000000001B
:045A8800000000001A
:045A89000000000019
:045A8A000000000018
:045A8B000000000017
:045A8C000000000016
:045A8D000000000015
:045A8E000000000014
:045A8F000000000013
:045A90000000000012
:045A91000000000011
:045A92000000000010
:045A9300000000000F
:045A9400000000000E
:045A9500000000000D
:045A9600000000000C
:045A9700000000000B
:045A9800000000000A
:045A99000000000009
:045A9A000000000008
:045A9B000000000007
:045A9C000000000006
:045A9D000000000005
:045A9E000000000004
:045A9F000000000003
:045AA0000000000002
:045AA1000000000001
:045AA2000000000000
:045AA30000000000FF
:045AA40000000000FE
:045AA50000000000FD
:045AA60000000000FC
:045AA70000000000FB
:045AA80000000000FA
:045AA90000000000F9
:045AAA0000000000F8
:045AAB0000000000F7
:045AAC0000000000F6
:045AAD0000000000F5
:045AAE0000000000F4
:045AAF0000000000F3
:045AB00000000000F2
:045AB10000000000F1
:045AB20000000000F0
:045AB30000000000EF
:045AB40000000000EE
:045AB50000000000ED
:045AB60000000000EC
:045AB70000000000EB
:045AB80000000000EA
:045AB90000000000E9
:045ABA0000000000E8
:045ABB0000000000E7
:045ABC0000000000E6
:045ABD0000000000E5
:045ABE0000000000E4
:045ABF0000000000E3
:045AC00000000000E2
:045AC10000000000E1
:045AC20000000000E0
:045AC30000000000DF
:045AC40000000000DE
:045AC50000000000DD
:045AC60000000000DC
:045AC70000000000DB
:045AC80000000000DA
:045AC90000000000D9
:045ACA0000000000D8
:045ACB0000000000D7
:045ACC0000000000D6
:045ACD0000000000D5
:045ACE0000000000D4
:045ACF0000000000D3
:045AD00000000000D2
:045AD10000000000D1
:045AD20000000000D0
:045AD30000000000CF
:045AD40000000000CE
:045AD50000000000CD
:045AD60000000000CC
:045AD70000000000CB
:045AD80000000000CA
:045AD90000000000C9
:045ADA0000000000C8
:045ADB0000000000C7
:045ADC0000000000C6
:045ADD0000000000C5
:045ADE0000000000C4
:045ADF0000000000C3
:045AE00000000000C2
:045AE10000000000C1
:045AE20000000000C0
:045AE30000000000BF
:045AE40000000000BE
:045AE50000000000BD
:045AE60000000000BC
:045AE70000000000BB
:045AE80000000000BA
:045AE90000000000B9
:045AEA0000000000B8
:045AEB0000000000B7
:045AEC0000000000B6
:045AED0000000000B5
:045AEE0000000000B4
:045AEF0000000000B3
:045AF00000000000B2
:045AF10000000000B1
:045AF20000000000B0
:045AF30000000000AF
:045AF40000000000AE
:045AF50000000000AD
:045AF60000000000AC
:045AF70000000000AB
:045AF80000000000AA
:045AF90000000000A9
:045AFA0000000000A8
:045AFB0000000000A7
:045AFC0000000000A6
:045AFD0000000000A5
:045AFE0000000000A4
:045AFF0000000000A3
:045B000000000000A1
:045B010000000000A0
:045B0200000000009F
:045B0300000000009E
:045B0400000000009D
:045B0500000000009C
:045B0600000000009B
:045B0700000000009A
:045B08000000000099
:045B09000000000098
:045B0A000000000097
:045B0B000000000096
:045B0C000000000095
:045B0D000000000094
:045B0E000000000093
:045B0F000000000092
:045B10000000000091
:045B11000000000090
:045B1200000000008F
:045B1300000000008E
:045B1400000000008D
:045B1500000000008C
:045B1600000000008B
:045B1700000000008A
:045B18000000000089
:045B19000000000088
:045B1A000000000087
:045B1B000000000086
:045B1C000000000085
:045B1D000000000084
:045B1E000000000083
:045B1F000000000082
:045B20000000000081
:045B21000000000080
:045B2200000000007F
:045B2300000000007E
:045B2400000000007D
:045B2500000000007C
:045B2600000000007B
:045B2700000000007A
:045B28000000000079
:045B29000000000078
:045B2A000000000077
:045B2B000000000076
:045B2C000000000075
:045B2D000000000074
:045B2E000000000073
:045B2F000000000072
:045B30000000000071
:045B31000000000070
:045B3200000000006F
:045B3300000000006E
:045B3400000000006D
:045B3500000000006C
:045B3600000000006B
:045B3700000000006A
:045B38000000000069
:045B39000000000068
:045B3A000000000067
:045B3B000000000066
:045B3C000000000065
:045B3D000000000064
:045B3E000000000063
:045B3F000000000062
:045B40000000000061
:045B41000000000060
:045B4200000000005F
:045B4300000000005E
:045B4400000000005D
:045B4500000000005C
:045B4600000000005B
:045B4700000000005A
:045B48000000000059
:045B49000000000058
:045B4A000000000057
:045B4B000000000056
:045B4C000000000055
:045B4D000000000054
:045B4E000000000053
:045B4F000000000052
:045B50000000000051
:045B51000000000050
:045B5200000000004F
:045B5300000000004E
:045B5400000000004D
:045B5500000000004C
:045B5600000000004B
:045B5700000000004A
:045B58000000000049
:045B59000000000048
:045B5A000000000047
:045B5B000000000046
:045B5C000000000045
:045B5D000000000044
:045B5E000000000043
:045B5F000000000042
:045B60000000000041
:045B61000000000040
:045B6200000000003F
:045B6300000000003E
:045B6400000000003D
:045B6500000000003C
:045B6600000000003B
:045B6700000000003A
:045B68000000000039
:045B69000000000038
:045B6A000000000037
:045B6B000000000036
:045B6C000000000035
:045B6D000000000034
:045B6E000000000033
:045B6F000000000032
:045B70000000000031
:045B71000000000030
:045B7200000000002F
:045B7300000000002E
:045B7400000000002D
:045B7500000000002C
:045B7600000000002B
:045B7700000000002A
:045B78000000000029
:045B79000000000028
:045B7A000000000027
:045B7B000000000026
:045B7C000000000025
:045B7D000000000024
:045B7E000000000023
:045B7F000000000022
:045B80000000000021
:045B81000000000020
:045B8200000000001F
:045B8300000000001E
:045B8400000000001D
:045B8500000000001C
:045B8600000000001B
:045B8700000000001A
:045B88000000000019
:045B89000000000018
:045B8A000000000017
:045B8B000000000016
:045B8C000000000015
:045B8D000000000014
:045B8E000000000013
:045B8F000000000012
:045B90000000000011
:045B91000000000010
:045B9200000000000F
:045B9300000000000E
:045B9400000000000D
:045B9500000000000C
:045B9600000000000B
:045B9700000000000A
:045B98000000000009
:045B99000000000008
:045B9A000000000007
:045B9B000000000006
:045B9C000000000005
:045B9D000000000004
:045B9E000000000003
:045B9F000000000002
:045BA0000000000001
:045BA1000000000000
:045BA20000000000FF
:045BA30000000000FE
:045BA40000000000FD
:045BA50000000000FC
:045BA60000000000FB
:045BA70000000000FA
:045BA80000000000F9
:045BA90000000000F8
:045BAA0000000000F7
:045BAB0000000000F6
:045BAC0000000000F5
:045BAD0000000000F4
:045BAE0000000000F3
:045BAF0000000000F2
:045BB00000000000F1
:045BB10000000000F0
:045BB20000000000EF
:045BB30000000000EE
:045BB40000000000ED
:045BB50000000000EC
:045BB60000000000EB
:045BB70000000000EA
:045BB80000000000E9
:045BB90000000000E8
:045BBA0000000000E7
:045BBB0000000000E6
:045BBC0000000000E5
:045BBD0000000000E4
:045BBE0000000000E3
:045BBF0000000000E2
:045BC00000000000E1
:045BC10000000000E0
:045BC20000000000DF
:045BC30000000000DE
:045BC40000000000DD
:045BC50000000000DC
:045BC60000000000DB
:045BC70000000000DA
:045BC80000000000D9
:045BC90000000000D8
:045BCA0000000000D7
:045BCB0000000000D6
:045BCC0000000000D5
:045BCD0000000000D4
:045BCE0000000000D3
:045BCF0000000000D2
:045BD00000000000D1
:045BD10000000000D0
:045BD20000000000CF
:045BD30000000000CE
:045BD40000000000CD
:045BD50000000000CC
:045BD60000000000CB
:045BD70000000000CA
:045BD80000000000C9
:045BD90000000000C8
:045BDA0000000000C7
:045BDB0000000000C6
:045BDC0000000000C5
:045BDD0000000000C4
:045BDE0000000000C3
:045BDF0000000000C2
:045BE00000000000C1
:045BE10000000000C0
:045BE20000000000BF
:045BE30000000000BE
:045BE40000000000BD
:045BE50000000000BC
:045BE60000000000BB
:045BE70000000000BA
:045BE80000000000B9
:045BE90000000000B8
:045BEA0000000000B7
:045BEB0000000000B6
:045BEC0000000000B5
:045BED0000000000B4
:045BEE0000000000B3
:045BEF0000000000B2
:045BF00000000000B1
:045BF10000000000B0
:045BF20000000000AF
:045BF30000000000AE
:045BF40000000000AD
:045BF50000000000AC
:045BF60000000000AB
:045BF70000000000AA
:045BF80000000000A9
:045BF90000000000A8
:045BFA0000000000A7
:045BFB0000000000A6
:045BFC0000000000A5
:045BFD0000000000A4
:045BFE0000000000A3
:045BFF0000000000A2
:045C000000000000A0
:045C0100000000009F
:045C0200000000009E
:045C0300000000009D
:045C0400000000009C
:045C0500000000009B
:045C0600000000009A
:045C07000000000099
:045C08000000000098
:045C09000000000097
:045C0A000000000096
:045C0B000000000095
:045C0C000000000094
:045C0D000000000093
:045C0E000000000092
:045C0F000000000091
:045C10000000000090
:045C1100000000008F
:045C1200000000008E
:045C1300000000008D
:045C1400000000008C
:045C1500000000008B
:045C1600000000008A
:045C17000000000089
:045C18000000000088
:045C19000000000087
:045C1A000000000086
:045C1B000000000085
:045C1C000000000084
:045C1D000000000083
:045C1E000000000082
:045C1F000000000081
:045C20000000000080
:045C2100000000007F
:045C2200000000007E
:045C2300000000007D
:045C2400000000007C
:045C2500000000007B
:045C2600000000007A
:045C27000000000079
:045C28000000000078
:045C29000000000077
:045C2A000000000076
:045C2B000000000075
:045C2C000000000074
:045C2D000000000073
:045C2E000000000072
:045C2F000000000071
:045C30000000000070
:045C3100000000006F
:045C3200000000006E
:045C3300000000006D
:045C3400000000006C
:045C3500000000006B
:045C3600000000006A
:045C37000000000069
:045C38000000000068
:045C39000000000067
:045C3A000000000066
:045C3B000000000065
:045C3C000000000064
:045C3D000000000063
:045C3E000000000062
:045C3F000000000061
:045C40000000000060
:045C4100000000005F
:045C4200000000005E
:045C4300000000005D
:045C4400000000005C
:045C4500000000005B
:045C4600000000005A
:045C47000000000059
:045C48000000000058
:045C49000000000057
:045C4A000000000056
:045C4B000000000055
:045C4C000000000054
:045C4D000000000053
:045C4E000000000052
:045C4F000000000051
:045C50000000000050
:045C5100000000004F
:045C5200000000004E
:045C5300000000004D
:045C5400000000004C
:045C5500000000004B
:045C5600000000004A
:045C57000000000049
:045C58000000000048
:045C59000000000047
:045C5A000000000046
:045C5B000000000045
:045C5C000000000044
:045C5D000000000043
:045C5E000000000042
:045C5F000000000041
:045C60000000000040
:045C6100000000003F
:045C6200000000003E
:045C6300000000003D
:045C6400000000003C
:045C6500000000003B
:045C6600000000003A
:045C67000000000039
:045C68000000000038
:045C69000000000037
:045C6A000000000036
:045C6B000000000035
:045C6C000000000034
:045C6D000000000033
:045C6E000000000032
:045C6F000000000031
:045C70000000000030
:045C7100000000002F
:045C7200000000002E
:045C7300000000002D
:045C7400000000002C
:045C7500000000002B
:045C7600000000002A
:045C77000000000029
:045C78000000000028
:045C79000000000027
:045C7A000000000026
:045C7B000000000025
:045C7C000000000024
:045C7D000000000023
:045C7E000000000022
:045C7F000000000021
:045C80000000000020
:045C8100000000001F
:045C8200000000001E
:045C8300000000001D
:045C8400000000001C
:045C8500000000001B
:045C8600000000001A
:045C87000000000019
:045C88000000000018
:045C89000000000017
:045C8A000000000016
:045C8B000000000015
:045C8C000000000014
:045C8D000000000013
:045C8E000000000012
:045C8F000000000011
:045C90000000000010
:045C9100000000000F
:045C9200000000000E
:045C9300000000000D
:045C9400000000000C
:045C9500000000000B
:045C9600000000000A
:045C97000000000009
:045C98000000000008
:045C99000000000007
:045C9A000000000006
:045C9B000000000005
:045C9C000000000004
:045C9D000000000003
:045C9E000000000002
:045C9F000000000001
:045CA0000000000000
:045CA10000000000FF
:045CA20000000000FE
:045CA30000000000FD
:045CA40000000000FC
:045CA50000000000FB
:045CA60000000000FA
:045CA70000000000F9
:045CA80000000000F8
:045CA90000000000F7
:045CAA0000000000F6
:045CAB0000000000F5
:045CAC0000000000F4
:045CAD0000000000F3
:045CAE0000000000F2
:045CAF0000000000F1
:045CB00000000000F0
:045CB10000000000EF
:045CB20000000000EE
:045CB30000000000ED
:045CB40000000000EC
:045CB50000000000EB
:045CB60000000000EA
:045CB70000000000E9
:045CB80000000000E8
:045CB90000000000E7
:045CBA0000000000E6
:045CBB0000000000E5
:045CBC0000000000E4
:045CBD0000000000E3
:045CBE0000000000E2
:045CBF0000000000E1
:045CC00000000000E0
:045CC10000000000DF
:045CC20000000000DE
:045CC30000000000DD
:045CC40000000000DC
:045CC50000000000DB
:045CC60000000000DA
:045CC70000000000D9
:045CC80000000000D8
:045CC90000000000D7
:045CCA0000000000D6
:045CCB0000000000D5
:045CCC0000000000D4
:045CCD0000000000D3
:045CCE0000000000D2
:045CCF0000000000D1
:045CD00000000000D0
:045CD10000000000CF
:045CD20000000000CE
:045CD30000000000CD
:045CD40000000000CC
:045CD50000000000CB
:045CD60000000000CA
:045CD70000000000C9
:045CD80000000000C8
:045CD90000000000C7
:045CDA0000000000C6
:045CDB0000000000C5
:045CDC0000000000C4
:045CDD0000000000C3
:045CDE0000000000C2
:045CDF0000000000C1
:045CE00000000000C0
:045CE10000000000BF
:045CE20000000000BE
:045CE30000000000BD
:045CE40000000000BC
:045CE50000000000BB
:045CE60000000000BA
:045CE70000000000B9
:045CE80000000000B8
:045CE90000000000B7
:045CEA0000000000B6
:045CEB0000000000B5
:045CEC0000000000B4
:045CED0000000000B3
:045CEE0000000000B2
:045CEF0000000000B1
:045CF00000000000B0
:045CF10000000000AF
:045CF20000000000AE
:045CF30000000000AD
:045CF40000000000AC
:045CF50000000000AB
:045CF60000000000AA
:045CF70000000000A9
:045CF80000000000A8
:045CF90000000000A7
:045CFA0000000000A6
:045CFB0000000000A5
:045CFC0000000000A4
:045CFD0000000000A3
:045CFE0000000000A2
:045CFF0000000000A1
:045D0000000000009F
:045D0100000000009E
:045D0200000000009D
:045D0300000000009C
:045D0400000000009B
:045D0500000000009A
:045D06000000000099
:045D07000000000098
:045D08000000000097
:045D09000000000096
:045D0A000000000095
:045D0B000000000094
:045D0C000000000093
:045D0D000000000092
:045D0E000000000091
:045D0F000000000090
:045D1000000000008F
:045D1100000000008E
:045D1200000000008D
:045D1300000000008C
:045D1400000000008B
:045D1500000000008A
:045D16000000000089
:045D17000000000088
:045D18000000000087
:045D19000000000086
:045D1A000000000085
:045D1B000000000084
:045D1C000000000083
:045D1D000000000082
:045D1E000000000081
:045D1F000000000080
:045D2000000000007F
:045D2100000000007E
:045D2200000000007D
:045D2300000000007C
:045D2400000000007B
:045D2500000000007A
:045D26000000000079
:045D27000000000078
:045D28000000000077
:045D29000000000076
:045D2A000000000075
:045D2B000000000074
:045D2C000000000073
:045D2D000000000072
:045D2E000000000071
:045D2F000000000070
:045D3000000000006F
:045D3100000000006E
:045D3200000000006D
:045D3300000000006C
:045D3400000000006B
:045D3500000000006A
:045D36000000000069
:045D37000000000068
:045D38000000000067
:045D39000000000066
:045D3A000000000065
:045D3B000000000064
:045D3C000000000063
:045D3D000000000062
:045D3E000000000061
:045D3F000000000060
:045D4000000000005F
:045D4100000000005E
:045D4200000000005D
:045D4300000000005C
:045D4400000000005B
:045D4500000000005A
:045D46000000000059
:045D47000000000058
:045D48000000000057
:045D49000000000056
:045D4A000000000055
:045D4B000000000054
:045D4C000000000053
:045D4D000000000052
:045D4E000000000051
:045D4F000000000050
:045D5000000000004F
:045D5100000000004E
:045D5200000000004D
:045D5300000000004C
:045D5400000000004B
:045D5500000000004A
:045D56000000000049
:045D57000000000048
:045D58000000000047
:045D59000000000046
:045D5A000000000045
:045D5B000000000044
:045D5C000000000043
:045D5D000000000042
:045D5E000000000041
:045D5F000000000040
:045D6000000000003F
:045D6100000000003E
:045D6200000000003D
:045D6300000000003C
:045D6400000000003B
:045D6500000000003A
:045D66000000000039
:045D67000000000038
:045D68000000000037
:045D69000000000036
:045D6A000000000035
:045D6B000000000034
:045D6C000000000033
:045D6D000000000032
:045D6E000000000031
:045D6F000000000030
:045D7000000000002F
:045D7100000000002E
:045D7200000000002D
:045D7300000000002C
:045D7400000000002B
:045D7500000000002A
:045D76000000000029
:045D77000000000028
:045D78000000000027
:045D79000000000026
:045D7A000000000025
:045D7B000000000024
:045D7C000000000023
:045D7D000000000022
:045D7E000000000021
:045D7F000000000020
:045D8000000000001F
:045D8100000000001E
:045D8200000000001D
:045D8300000000001C
:045D8400000000001B
:045D8500000000001A
:045D86000000000019
:045D87000000000018
:045D88000000000017
:045D89000000000016
:045D8A000000000015
:045D8B000000000014
:045D8C000000000013
:045D8D000000000012
:045D8E000000000011
:045D8F000000000010
:045D9000000000000F
:045D9100000000000E
:045D9200000000000D
:045D9300000000000C
:045D9400000000000B
:045D9500000000000A
:045D96000000000009
:045D97000000000008
:045D98000000000007
:045D99000000000006
:045D9A000000000005
:045D9B000000000004
:045D9C000000000003
:045D9D000000000002
:045D9E000000000001
:045D9F000000000000
:045DA00000000000FF
:045DA10000000000FE
:045DA20000000000FD
:045DA30000000000FC
:045DA40000000000FB
:045DA50000000000FA
:045DA60000000000F9
:045DA70000000000F8
:045DA80000000000F7
:045DA90000000000F6
:045DAA0000000000F5
:045DAB0000000000F4
:045DAC0000000000F3
:045DAD0000000000F2
:045DAE0000000000F1
:045DAF0000000000F0
:045DB00000000000EF
:045DB10000000000EE
:045DB20000000000ED
:045DB30000000000EC
:045DB40000000000EB
:045DB50000000000EA
:045DB60000000000E9
:045DB70000000000E8
:045DB80000000000E7
:045DB90000000000E6
:045DBA0000000000E5
:045DBB0000000000E4
:045DBC0000000000E3
:045DBD0000000000E2
:045DBE0000000000E1
:045DBF0000000000E0
:045DC00000000000DF
:045DC10000000000DE
:045DC20000000000DD
:045DC30000000000DC
:045DC40000000000DB
:045DC50000000000DA
:045DC60000000000D9
:045DC70000000000D8
:045DC80000000000D7
:045DC90000000000D6
:045DCA0000000000D5
:045DCB0000000000D4
:045DCC0000000000D3
:045DCD0000000000D2
:045DCE0000000000D1
:045DCF0000000000D0
:045DD00000000000CF
:045DD10000000000CE
:045DD20000000000CD
:045DD30000000000CC
:045DD40000000000CB
:045DD50000000000CA
:045DD60000000000C9
:045DD70000000000C8
:045DD80000000000C7
:045DD90000000000C6
:045DDA0000000000C5
:045DDB0000000000C4
:045DDC0000000000C3
:045DDD0000000000C2
:045DDE0000000000C1
:045DDF0000000000C0
:045DE00000000000BF
:045DE10000000000BE
:045DE20000000000BD
:045DE30000000000BC
:045DE40000000000BB
:045DE50000000000BA
:045DE60000000000B9
:045DE70000000000B8
:045DE80000000000B7
:045DE90000000000B6
:045DEA0000000000B5
:045DEB0000000000B4
:045DEC0000000000B3
:045DED0000000000B2
:045DEE0000000000B1
:045DEF0000000000B0
:045DF00000000000AF
:045DF10000000000AE
:045DF20000000000AD
:045DF30000000000AC
:045DF40000000000AB
:045DF50000000000AA
:045DF60000000000A9
:045DF70000000000A8
:045DF80000000000A7
:045DF90000000000A6
:045DFA0000000000A5
:045DFB0000000000A4
:045DFC0000000000A3
:045DFD0000000000A2
:045DFE0000000000A1
:045DFF0000000000A0
:045E0000000000009E
:045E0100000000009D
:045E0200000000009C
:045E0300000000009B
:045E0400000000009A
:045E05000000000099
:045E06000000000098
:045E07000000000097
:045E08000000000096
:045E09000000000095
:045E0A000000000094
:045E0B000000000093
:045E0C000000000092
:045E0D000000000091
:045E0E000000000090
:045E0F00000000008F
:045E1000000000008E
:045E1100000000008D
:045E1200000000008C
:045E1300000000008B
:045E1400000000008A
:045E15000000000089
:045E16000000000088
:045E17000000000087
:045E18000000000086
:045E19000000000085
:045E1A000000000084
:045E1B000000000083
:045E1C000000000082
:045E1D000000000081
:045E1E000000000080
:045E1F00000000007F
:045E2000000000007E
:045E2100000000007D
:045E2200000000007C
:045E2300000000007B
:045E2400000000007A
:045E25000000000079
:045E26000000000078
:045E27000000000077
:045E28000000000076
:045E29000000000075
:045E2A000000000074
:045E2B000000000073
:045E2C000000000072
:045E2D000000000071
:045E2E000000000070
:045E2F00000000006F
:045E3000000000006E
:045E3100000000006D
:045E3200000000006C
:045E3300000000006B
:045E3400000000006A
:045E35000000000069
:045E36000000000068
:045E37000000000067
:045E38000000000066
:045E39000000000065
:045E3A000001569875
:045E3B000000000063
:045E3C00000007203B
:045E3D000000065803
:045E3E00000006BC9E
:045E3F00000000005F
:045E4000000000005E
:045E410000000774E2
:045E420000030060F9
:045E43000000000A51
:045E4400000000005A
:045E45000000000059
:045E46000000000058
:045E47000000000057
:045E48000000000056
:045E49000000000055
:045E4A000000000054
:045E4B000000000053
:045E4C000000000052
:045E4D000000000051
:045E4E000000000050
:045E4F00000000004F
:045E5000000000004E
:045E5100000000004D
:045E5200000000004C
:045E5300000000004B
:045E5400000000004A
:045E55000000000049
:045E56000000000048
:045E57000000000047
:045E58000000000046
:045E59000000000045
:045E5A000000000044
:045E5B000000000043
:045E5C000000000042
:045E5D000000000041
:045E5E000000000040
:045E5F00000000003F
:045E6000000000003E
:045E6100000000003D
:045E6200000000003C
:045E6300000000003B
:045E6400000000003A
:045E65000000000039
:045E66000000000038
:045E67000000000037
:045E68000000000036
:045E69000000000035
:045E6A000000000034
:045E6B000000000033
:045E6C000000000032
:045E6D000000000031
:045E6E000000000030
:045E6F00000000002F
:045E7000000000002E
:045E7100000000002D
:045E7200000000002C
:045E7300000000002B
:045E7400000000002A
:045E75000000000029
:045E76000000000028
:045E77000000000027
:045E78000000000026
:045E79000000000025
:045E7A000000000024
:045E7B000000000023
:045E7C000000000022
:045E7D000000000021
:045E7E000000000020
:045E7F00000000001F
:045E8000000000001E
:045E8100000000001D
:045E8200000000001C
:045E8300000000001B
:045E8400000000001A
:045E85000000000019
:045E86000000000018
:045E87000000000017
:045E88000000000016
:045E89000000000015
:045E8A000000000014
:045E8B000000000013
:045E8C000000000012
:045E8D000000000011
:045E8E000000000010
:045E8F00000000000F
:045E9000000000000E
:045E9100000000000D
:045E9200000000000C
:045E9300000000000B
:045E9400000000000A
:045E95000000000009
:045E96000000000008
:045E97000000000007
:045E98000000000006
:045E99000000000005
:045E9A000000000004
:045E9B000000000003
:045E9C000000000002
:045E9D000000000001
:045E9E000000000000
:045E9F0000000000FF
:045EA00000000000FE
:045EA10000000000FD
:045EA20000000000FC
:045EA30000000000FB
:045EA40000000000FA
:045EA50000000000F9
:045EA60000000000F8
:045EA70000000000F7
:045EA80000000000F6
:045EA90000000000F5
:045EAA0000000000F4
:045EAB0000000000F3
:045EAC0000000000F2
:045EAD0000000000F1
:045EAE0000000000F0
:045EAF0000000000EF
:045EB00000000000EE
:045EB10000000000ED
:045EB20000000000EC
:045EB30000000000EB
:045EB40000000000EA
:045EB50000000000E9
:045EB60000000000E8
:045EB70000000000E7
:045EB80000000000E6
:045EB90000000000E5
:045EBA0000000000E4
:045EBB0000000000E3
:045EBC0000000000E2
:045EBD0000000000E1
:045EBE0000000000E0
:045EBF0000000000DF
:045EC00000000000DE
:045EC10000000000DD
:045EC20000000000DC
:045EC30000000000DB
:045EC40000000000DA
:045EC50000000000D9
:045EC60000000000D8
:045EC70000000000D7
:045EC80000000000D6
:045EC90000000000D5
:045ECA0000000000D4
:045ECB0000000000D3
:045ECC0000000000D2
:045ECD0000000000D1
:045ECE0000000000D0
:045ECF0000000000CF
:045ED00000000000CE
:045ED10000000000CD
:045ED20000000000CC
:045ED30000000000CB
:045ED40000000000CA
:045ED50000000000C9
:045ED60000000000C8
:045ED70000000000C7
:045ED80000000000C6
:045ED90000000000C5
:045EDA0000000000C4
:045EDB0000000000C3
:045EDC0000000000C2
:045EDD0000000000C1
:045EDE0000000000C0
:045EDF0000000000BF
:045EE00000000000BE
:045EE10000000000BD
:045EE20000000000BC
:045EE30000000000BB
:045EE40000000000BA
:045EE50000000000B9
:045EE60000000000B8
:045EE70000000000B7
:045EE80000000000B6
:045EE90000000000B5
:045EEA0000000000B4
:045EEB0000000000B3
:045EEC0000000000B2
:045EED0000000000B1
:045EEE0000000000B0
:045EEF0000000000AF
:045EF00000000000AE
:045EF10000000000AD
:045EF20000000000AC
:045EF30000000000AB
:045EF40000000000AA
:045EF50000000000A9
:045EF60000000000A8
:045EF70000000000A7
:045EF80000000000A6
:045EF90000000000A5
:045EFA0000000000A4
:045EFB0000000000A3
:045EFC0000000000A2
:045EFD0000000000A1
:045EFE0000000000A0
:045EFF00000000009F
:045F0000000000009D
:045F0100000000009C
:045F0200000000009B
:045F0300000000009A
:045F04000000000099
:045F05000000000098
:045F06000000000097
:045F07000000000096
:045F08000000000095
:045F09000000000094
:045F0A000000000093
:045F0B000000000092
:045F0C000000000091
:045F0D000000000090
:045F0E00000000008F
:045F0F00000000008E
:045F1000000000008D
:045F1100000000008C
:045F1200000000008B
:045F1300000000008A
:045F14000000000089
:045F15000000000088
:045F16000000000087
:045F17000000000086
:045F18000000000085
:045F19000000000084
:045F1A000000000083
:045F1B000000000082
:045F1C000000000081
:045F1D000000000080
:045F1E00000000007F
:045F1F00000000007E
:045F2000000000007D
:045F2100000000007C
:045F2200000000007B
:045F2300000000007A
:045F24000000000079
:045F25000000000078
:045F26000000000077
:045F27000000000076
:045F28000000000075
:045F29000000000074
:045F2A000000000073
:045F2B000000000072
:045F2C000000000071
:045F2D000000000070
:045F2E00000000006F
:045F2F00000000006E
:045F3000000000006D
:045F3100000000006C
:045F3200000000006B
:045F3300000000006A
:045F34000000000069
:045F35000000000068
:045F36000000000067
:045F37000000000066
:045F38000000000065
:045F39000000000064
:045F3A000000000063
:045F3B000000000062
:045F3C000000000061
:045F3D000000000060
:045F3E00000000005F
:045F3F00000000005E
:045F4000000000005D
:045F4100000000005C
:045F4200000000005B
:045F4300000000005A
:045F44000000000059
:045F45000000000058
:045F46000000000057
:045F47000000000056
:045F48000000000055
:045F49000000000054
:045F4A000000000053
:045F4B000000000052
:045F4C000000000051
:045F4D000000000050
:045F4E00000000004F
:045F4F00000000004E
:045F5000000000004D
:045F5100000000004C
:045F5200000000004B
:045F5300000000004A
:045F54000000000049
:045F55000000000048
:045F56000000000047
:045F57000000000046
:045F58000000000045
:045F59000000000044
:045F5A000000000043
:045F5B000000000042
:045F5C000000000041
:045F5D000000000040
:045F5E00000000003F
:045F5F00000000003E
:045F6000000000003D
:045F6100000000003C
:045F6200000000003B
:045F6300000000003A
:045F64000000000039
:045F65000000000038
:045F66000000000037
:045F67000000000036
:045F68000000000035
:045F69000000000034
:045F6A000000000033
:045F6B000000000032
:045F6C000000000031
:045F6D000000000030
:045F6E00000000002F
:045F6F00000000002E
:045F7000000000002D
:045F7100000000002C
:045F7200000000002B
:045F7300000000002A
:045F74000000000029
:045F75000000000028
:045F76000000000027
:045F77000000000026
:045F78000000000025
:045F79000000000024
:045F7A000000000023
:045F7B000000000022
:045F7C000000000021
:045F7D000000000020
:045F7E00000000001F
:045F7F00000000001E
:045F8000000000001D
:045F8100000000001C
:045F8200000000001B
:045F8300000000001A
:045F84000000000019
:045F85000000000018
:045F86000000000017
:045F87000000000016
:045F88000000000015
:045F89000000000014
:045F8A000000000013
:045F8B000000000012
:045F8C000000000011
:045F8D000000000010
:045F8E00000000000F
:045F8F00000000000E
:045F9000000000000D
:045F9100000000000C
:045F9200000000000B
:045F9300000000000A
:045F94000000000009
:045F95000000000008
:045F96000000000007
:045F97000000000006
:045F98000000000005
:045F99000000000004
:045F9A000000000003
:045F9B000000000002
:045F9C000000000001
:045F9D000000000000
:045F9E0000000000FF
:045F9F0000000000FE
:045FA00000000000FD
:045FA10000000000FC
:045FA20000000000FB
:045FA30000000000FA
:045FA40000000000F9
:045FA50000000000F8
:045FA60000000000F7
:045FA70000000000F6
:045FA80000000000F5
:045FA90000000000F4
:045FAA0000000000F3
:045FAB0000000000F2
:045FAC0000000000F1
:045FAD0000000000F0
:045FAE0000000000EF
:045FAF0000000000EE
:045FB00000000000ED
:045FB10000000000EC
:045FB20000000000EB
:045FB30000000000EA
:045FB40000000000E9
:045FB50000000000E8
:045FB60000000000E7
:045FB70000000000E6
:045FB80000000000E5
:045FB90000000000E4
:045FBA0000000000E3
:045FBB0000000000E2
:045FBC0000000000E1
:045FBD0000000000E0
:045FBE0000000000DF
:045FBF0000000000DE
:045FC00000000000DD
:045FC10000000000DC
:045FC20000000000DB
:045FC30000000000DA
:045FC40000000000D9
:045FC50000000000D8
:045FC60000000000D7
:045FC70000000000D6
:045FC80000000000D5
:045FC90000000000D4
:045FCA0000000000D3
:045FCB0000000000D2
:045FCC0000000000D1
:045FCD0000000000D0
:045FCE0000000000CF
:045FCF0000000000CE
:045FD00000000000CD
:045FD10000000000CC
:045FD20000000000CB
:045FD30000000000CA
:045FD40000000000C9
:045FD50000000000C8
:045FD60000000000C7
:045FD70000000000C6
:045FD80000000000C5
:045FD90000000000C4
:045FDA0000000000C3
:045FDB0000000000C2
:045FDC0000000000C1
:045FDD0000000000C0
:045FDE0000000000BF
:045FDF0000000000BE
:045FE00000000000BD
:045FE10000000000BC
:045FE20000000000BB
:045FE30000000000BA
:045FE40000000000B9
:045FE50000000000B8
:045FE60000000000B7
:045FE70000000000B6
:045FE80000000000B5
:045FE90000000000B4
:045FEA0000000000B3
:045FEB0000000000B2
:045FEC0000000000B1
:045FED0000000000B0
:045FEE0000000000AF
:045FEF0000000000AE
:045FF00000000000AD
:045FF10000000000AC
:045FF20000000000AB
:045FF30000000000AA
:045FF40000000000A9
:045FF50000000000A8
:045FF60000000000A7
:045FF70000000000A6
:045FF80000000000A5
:045FF90000000000A4
:045FFA0000000000A3
:045FFB0000000000A2
:045FFC0000000000A1
:045FFD0000000000A0
:045FFE00000000009F
:045FFF00000000009E
:04600000000000009C
:04600100000000009B
:04600200000000009A
:046003000000000099
:046004000000000098
:046005000000000097
:046006000000000096
:046007000000000095
:046008000000000094
:046009000000000093
:04600A000000000092
:04600B000000000091
:04600C000000000090
:04600D00000000008F
:04600E00000000008E
:04600F00000000008D
:04601000000000008C
:04601100000000008B
:04601200000000008A
:046013000000000089
:046014000000000088
:046015000000000087
:046016000000000086
:046017000000000085
:046018000000000084
:046019000000000083
:04601A000000000082
:04601B000000000081
:04601C000000000080
:04601D00000000007F
:04601E00000000007E
:04601F00000000007D
:04602000000000007C
:04602100000000007B
:04602200000000007A
:046023000000000079
:046024000000000078
:046025000000000077
:046026000000000076
:046027000000000075
:046028000000000074
:046029000000000073
:04602A000000000072
:04602B000000000071
:04602C000000000070
:04602D00000000006F
:04602E00000000006E
:04602F00000000006D
:04603000000000006C
:04603100000000006B
:04603200000000006A
:046033000000000069
:046034000000000068
:046035000000000067
:046036000000000066
:046037000000000065
:046038000000000064
:046039000000000063
:04603A000000000062
:04603B000000000061
:04603C000000000060
:04603D00000000005F
:04603E00000000005E
:04603F00000000005D
:04604000000000005C
:04604100000000005B
:04604200000000005A
:046043000000000059
:046044000000000058
:046045000000000057
:046046000000000056
:046047000000000055
:046048000000000054
:046049000000000053
:04604A000000000052
:04604B000000000051
:04604C000000000050
:04604D00000000004F
:04604E00000000004E
:04604F00000000004D
:04605000000000004C
:04605100000000004B
:04605200000000004A
:046053000000000049
:046054000000000048
:046055000000000047
:046056000000000046
:046057000000000045
:046058000000000044
:046059000000000043
:04605A000000000042
:04605B000000000041
:04605C000000000040
:04605D00000000003F
:04605E00000000003E
:04605F00000000003D
:04606000000000003C
:04606100000000003B
:04606200000000003A
:046063000000000039
:046064000000000038
:046065000000000037
:046066000000000036
:046067000000000035
:046068000000000034
:046069000000000033
:04606A000000000032
:04606B000000000031
:04606C000000000030
:04606D00000000002F
:04606E00000000002E
:04606F00000000002D
:04607000000000002C
:04607100000000002B
:04607200000000002A
:046073000000000029
:046074000000000028
:046075000000000027
:046076000000000026
:046077000000000025
:046078000000000024
:046079000000000023
:04607A000000000022
:04607B000000000021
:04607C000000000020
:04607D00000000001F
:04607E00000000001E
:04607F00000000001D
:04608000000000001C
:04608100000000001B
:04608200000000001A
:046083000000000019
:046084000000000018
:046085000000000017
:046086000000000016
:046087000000000015
:046088000000000014
:046089000000000013
:04608A000000000012
:04608B000000000011
:04608C000000000010
:04608D00000000000F
:04608E00000000000E
:04608F00000000000D
:04609000000000000C
:04609100000000000B
:04609200000000000A
:046093000000000009
:046094000000000008
:046095000000000007
:046096000000000006
:046097000000000005
:046098000000000004
:046099000000000003
:04609A000000000002
:04609B000000000001
:04609C000000000000
:04609D0000000000FF
:04609E0000000000FE
:04609F0000000000FD
:0460A00000000000FC
:0460A10000000000FB
:0460A20000000000FA
:0460A30000000000F9
:0460A40000000000F8
:0460A50000000000F7
:0460A60000000000F6
:0460A70000000000F5
:0460A80000000000F4
:0460A90000000000F3
:0460AA0000000000F2
:0460AB0000000000F1
:0460AC0000000000F0
:0460AD0000000000EF
:0460AE0000000000EE
:0460AF0000000000ED
:0460B00000000000EC
:0460B10000000000EB
:0460B20000000000EA
:0460B30000000000E9
:0460B40000000000E8
:0460B50000000000E7
:0460B60000000000E6
:0460B70000000000E5
:0460B80000000000E4
:0460B90000000000E3
:0460BA0000000000E2
:0460BB0000000000E1
:0460BC0000000000E0
:0460BD0000000000DF
:0460BE0000000000DE
:0460BF0000000000DD
:0460C00000000000DC
:0460C10000000000DB
:0460C20000000000DA
:0460C30000000000D9
:0460C40000000000D8
:0460C50000000000D7
:0460C60000000000D6
:0460C70000000000D5
:0460C80000000000D4
:0460C90000000000D3
:0460CA0000000000D2
:0460CB0000000000D1
:0460CC0000000000D0
:0460CD0000000000CF
:0460CE0000000000CE
:0460CF0000000000CD
:0460D00000000000CC
:0460D10000000000CB
:0460D20000000000CA
:0460D30000000000C9
:0460D40000000000C8
:0460D50000000000C7
:0460D60000000000C6
:0460D70000000000C5
:0460D80000000000C4
:0460D90000000000C3
:0460DA0000000000C2
:0460DB0000000000C1
:0460DC0000000000C0
:0460DD0000000000BF
:0460DE0000000000BE
:0460DF0000000000BD
:0460E00000000000BC
:0460E10000000000BB
:0460E20000000000BA
:0460E30000000000B9
:0460E40000000000B8
:0460E50000000000B7
:0460E60000000000B6
:0460E70000000000B5
:0460E80000000000B4
:0460E90000000000B3
:0460EA0000000000B2
:0460EB0000000000B1
:0460EC0000000000B0
:0460ED0000000000AF
:0460EE0000000000AE
:0460EF0000000000AD
:0460F00000000000AC
:0460F10000000000AB
:0460F20000000000AA
:0460F30000000000A9
:0460F40000000000A8
:0460F50000000000A7
:0460F60000000000A6
:0460F70000000000A5
:0460F80000000000A4
:0460F90000000000A3
:0460FA0000000000A2
:0460FB0000000000A1
:0460FC0000000000A0
:0460FD00000000009F
:0460FE00000000009E
:0460FF00000000009D
:04610000000000009B
:04610100000000009A
:046102000000000099
:046103000000000098
:046104000000000097
:046105000000000096
:046106000000000095
:046107000000000094
:046108000000000093
:046109000000000092
:04610A000000000091
:04610B000000000090
:04610C00000000008F
:04610D00000000008E
:04610E00000000008D
:04610F00000000008C
:04611000000000008B
:04611100000000008A
:046112000000000089
:046113000000000088
:046114000000000087
:046115000000000086
:046116000000000085
:046117000000000084
:046118000000000083
:046119000000000082
:04611A000000000081
:04611B000000000080
:04611C00000000007F
:04611D00000000007E
:04611E00000000007D
:04611F00000000007C
:04612000000000007B
:04612100000000007A
:046122000000000079
:046123000000000078
:046124000000000077
:046125000000000076
:046126000000000075
:046127000000000074
:046128000000000073
:046129000000000072
:04612A000000000071
:04612B000000000070
:04612C00000000006F
:04612D00000000006E
:04612E00000000006D
:04612F00000000006C
:04613000000000006B
:04613100000000006A
:046132000000000069
:046133000000000068
:046134000000000067
:046135000000000066
:046136000000000065
:046137000000000064
:046138000000000063
:046139000000000062
:04613A000000000061
:04613B000000000060
:04613C00000000005F
:04613D00000000005E
:04613E00000000005D
:04613F00000000005C
:04614000000000005B
:04614100000000005A
:046142000000000059
:046143000000000058
:046144000000000057
:046145000000000056
:046146000000000055
:046147000000000054
:046148000000000053
:046149000000000052
:04614A000000000051
:04614B000000000050
:04614C00000000004F
:04614D00000000004E
:04614E00000000004D
:04614F00000000004C
:04615000000000004B
:04615100000000004A
:046152000000000049
:046153000000000048
:046154000000000047
:046155000000000046
:046156000000000045
:046157000000000044
:046158000000000043
:046159000000000042
:04615A000000000041
:04615B000000000040
:04615C00000000003F
:04615D00000000003E
:04615E00000000003D
:04615F00000000003C
:04616000000000003B
:04616100000000003A
:046162000000000039
:046163000000000038
:046164000000000037
:046165000000000036
:046166000000000035
:046167000000000034
:046168000000000033
:046169000000000032
:04616A000000000031
:04616B000000000030
:04616C00000000002F
:04616D00000000002E
:04616E00000000002D
:04616F00000000002C
:04617000000000002B
:04617100000000002A
:046172000000000029
:046173000000000028
:046174000000000027
:046175000000000026
:046176000000000025
:046177000000000024
:046178000000000023
:046179000000000022
:04617A000000000021
:04617B000000000020
:04617C00000000001F
:04617D00000000001E
:04617E00000000001D
:04617F00000000001C
:04618000000000001B
:04618100000000001A
:046182000000000019
:046183000000000018
:046184000000000017
:046185000000000016
:046186000000000015
:046187000000000014
:046188000000000013
:046189000000000012
:04618A000000000011
:04618B000000000010
:04618C00000000000F
:04618D00000000000E
:04618E00000000000D
:04618F00000000000C
:04619000000000000B
:04619100000000000A
:046192000000000009
:046193000000000008
:046194000000000007
:046195000000000006
:046196000000000005
:046197000000000004
:046198000000000003
:046199000000000002
:04619A000000000001
:04619B000000000000
:04619C0000000000FF
:04619D0000000000FE
:04619E0000000000FD
:04619F0000000000FC
:0461A00000000000FB
:0461A10000000000FA
:0461A20000000000F9
:0461A30000000000F8
:0461A40000000000F7
:0461A50000000000F6
:0461A60000000000F5
:0461A70000000000F4
:0461A80000000000F3
:0461A90000000000F2
:0461AA0000000000F1
:0461AB0000000000F0
:0461AC0000000000EF
:0461AD0000000000EE
:0461AE0000000000ED
:0461AF0000000000EC
:0461B00000000000EB
:0461B10000000000EA
:0461B20000000000E9
:0461B30000000000E8
:0461B40000000000E7
:0461B50000000000E6
:0461B60000000000E5
:0461B70000000000E4
:0461B80000000000E3
:0461B90000000000E2
:0461BA0000000000E1
:0461BB0000000000E0
:0461BC0000000000DF
:0461BD0000000000DE
:0461BE0000000000DD
:0461BF0000000000DC
:0461C00000000000DB
:0461C10000000000DA
:0461C20000000000D9
:0461C30000000000D8
:0461C40000000000D7
:0461C50000000000D6
:0461C60000000000D5
:0461C70000000000D4
:0461C80000000000D3
:0461C90000000000D2
:0461CA0000000000D1
:0461CB0000000000D0
:0461CC0000000000CF
:0461CD0000000000CE
:0461CE0000000000CD
:0461CF0000000000CC
:0461D00000000000CB
:0461D10000000000CA
:0461D20000000000C9
:0461D30000000000C8
:0461D40000000000C7
:0461D50000000000C6
:0461D60000000000C5
:0461D70000000000C4
:0461D80000000000C3
:0461D90000000000C2
:0461DA0000000000C1
:0461DB0000000000C0
:0461DC0000000000BF
:0461DD0000000000BE
:0461DE0000000000BD
:0461DF0000000000BC
:0461E00000000000BB
:0461E10000000000BA
:0461E20000000000B9
:0461E30000000000B8
:0461E40000000000B7
:0461E50000000000B6
:0461E60000000000B5
:0461E70000000000B4
:0461E80000000000B3
:0461E90000000000B2
:0461EA0000000000B1
:0461EB0000000000B0
:0461EC0000000000AF
:0461ED0000000000AE
:0461EE0000000000AD
:0461EF0000000000AC
:0461F00000000000AB
:0461F10000000000AA
:0461F20000000000A9
:0461F30000000000A8
:0461F40000000000A7
:0461F50000000000A6
:0461F60000000000A5
:0461F70000000000A4
:0461F80000000000A3
:0461F90000000000A2
:0461FA0000000000A1
:0461FB0000000000A0
:0461FC00000000009F
:0461FD00000000009E
:0461FE00000000009D
:0461FF00000000009C
:04620000000000009A
:046201000000000099
:046202000000000098
:046203000000000097
:046204000000000096
:046205000000000095
:046206000000000094
:046207000000000093
:046208000000000092
:046209000000000091
:04620A000000000090
:04620B00000000008F
:04620C00000000008E
:04620D00000000008D
:04620E00000000008C
:04620F00000000008B
:04621000000000008A
:046211000000000089
:046212000000000088
:046213000000000087
:046214000000000086
:046215000000000085
:046216000000000084
:046217000000000083
:046218000000000082
:046219000000000081
:04621A000000000080
:04621B00000000007F
:04621C00000000007E
:04621D00000000007D
:04621E00000000007C
:04621F00000000007B
:04622000000000007A
:046221000000000079
:046222000000000078
:046223000000000077
:046224000000000076
:046225000000000075
:046226000000000074
:046227000000000073
:046228000000000072
:046229000000000071
:04622A000000000070
:04622B00000000006F
:04622C00000000006E
:04622D00000000006D
:04622E00000000006C
:04622F00000000006B
:04623000000000006A
:046231000000000069
:046232000000000068
:046233000000000067
:046234000000000066
:046235000000000065
:046236000000000064
:046237000000000063
:046238000000000062
:046239000000000061
:04623A000000000060
:04623B00000000005F
:04623C00000000005E
:04623D00000000005D
:04623E00000000005C
:04623F00000000005B
:04624000000000005A
:046241000000000059
:046242000000000058
:046243000000000057
:046244000000000056
:046245000000000055
:046246000000000054
:046247000000000053
:046248000000000052
:046249000000000051
:04624A000000000050
:04624B00000000004F
:04624C00000000004E
:04624D00000000004D
:04624E00000000004C
:04624F00000000004B
:04625000000178B41D
:04625100000178B41C
:04625200000156A44D
:046253000000000047
:046254000000000046
:046255000000000045
:04625600000012D85A
:046257000000000043
:046258000000000042
:046259000000000041
:04625A00000170606F
:04625B00000000003F
:04625C00000000003E
:04625D00000170606C
:04625E00000000003C
:04625F00000000003B
:046260000001706069
:046261000000000039
:046262000000000038
:046263000000000037
:046264000000000036
:046265000000000035
:046266000000000034
:046267000000000033
:046268000000000032
:046269000000000031
:04626A000000000030
:04626B00000000002F
:04626C00000000002E
:04626D00000000002D
:04626E00000000002C
:04626F00000000002B
:04627000000000002A
:046271000000000029
:046272000000000028
:046273000000000027
:046274000000000026
:046275000000000025
:046276000000000024
:046277000000000023
:046278000000000022
:046279000000000021
:04627A000000000020
:04627B00000000001F
:04627C00000000001E
:04627D00000000001D
:04627E00000000001C
:04627F00000000001B
:04628000000000001A
:046281000000000019
:046282000000000018
:046283000000000017
:046284000000000016
:046285000000000015
:046286000000000014
:046287000000000013
:046288000000000012
:046289000000000011
:04628A000000000010
:04628B00000000000F
:04628C00000000000E
:04628D00000000000D
:04628E00000000000C
:04628F00000000000B
:04629000000000000A
:046291000000000009
:046292000000000008
:046293000000000007
:046294000000000006
:046295000000000005
:046296000000000004
:046297000000000003
:046298000000000002
:046299000000000001
:04629A000000000000
:04629B0000000000FF
:04629C0000000000FE
:04629D0000000000FD
:04629E0000000000FC
:04629F0000000000FB
:0462A00000000000FA
:0462A10000000000F9
:0462A20000000000F8
:0462A30000000000F7
:0462A40000000000F6
:0462A50000000000F5
:0462A60000000000F4
:0462A70000000000F3
:0462A80000000000F2
:0462A90000000000F1
:0462AA0000000000F0
:0462AB0000000000EF
:0462AC0000000000EE
:0462AD0000000000ED
:0462AE0000000000EC
:0462AF0000000000EB
:0462B00000000000EA
:0462B10000000000E9
:0462B20000000000E8
:0462B30000000000E7
:0462B40000000000E6
:0462B50000000000E5
:0462B60000000000E4
:0462B70000000000E3
:0462B80000000000E2
:0462B90000000000E1
:0462BA0000000000E0
:0462BB0000000003DC
:0462BC00000192B09B
:0462BD0000000000DD
:0462BE0000000000DC
:0462BF00000192B098
:0462C000000193182E
:0462C10000019380C5
:0462C20000000000D8
:0462C30000000000D7
:0462C40000000000D6
:0462C50000000000D5
:0462C60000000000D4
:0462C70000000000D3
:0462C80000000000D2
:0462C90000000000D1
:0462CA0000000000D0
:0462CB0000000000CF
:0462CC0000000000CE
:0462CD0000000000CD
:0462CE0000000000CC
:0462CF0000000000CB
:0462D00000000000CA
:0462D10000000000C9
:0462D20000000000C8
:0462D30000000000C7
:0462D40000000000C6
:0462D50000000000C5
:0462D60000000000C4
:0462D70000000000C3
:0462D80000000000C2
:0462D90000000000C1
:0462DA0000000000C0
:0462DB0000000000BF
:0462DC0000000000BE
:0462DD0000000000BD
:0462DE0000000000BC
:0462DF0000000000BB
:0462E00000000000BA
:0462E10000000000B9
:0462E20000000000B8
:0462E30000000000B7
:0462E40000000001B5
:0462E50000000000B5
:0462E600ABCD330EFB
:0462E700E66D12341A
:0462E8000005DEECE3
:0462E9000000000BA6
:0462EA0000000000B0
:0462EB0000000000AF
:0462EC0000000000AE
:0462ED0000000000AD
:0462EE0000000000AC
:0462EF0000000000AB
:0462F00000000000AA
:0462F10000000000A9
:0462F20000000000A8
:0462F30000000000A7
:0462F40000000000A6
:0462F50000000000A5
:0462F60000000000A4
:0462F70000000000A3
:0462F80000000000A2
:0462F90000000000A1
:0462FA0000000000A0
:0462FB00000000009F
:0462FC00000000009E
:0462FD00000000009D
:0462FE00000000009C
:0462FF00000000009B
:046300000000000099
:046301000000000098
:046302000000000097
:046303000000000096
:046304000000000095
:046305000000000094
:046306000000000093
:046307000000000092
:0463080000017338E5
:0463090000017338E4
:04630A0000017340DB
:04630B0000017340DA
:04630C0000017348D1
:04630D0000017348D0
:04630E0000017350C7
:04630F0000017350C6
:0463100000017358BD
:0463110000017358BC
:0463120000017360B3
:0463130000017360B2
:0463140000017368A9
:0463150000017368A8
:04631600000173709F
:04631700000173709E
:046318000001737895
:046319000001737894
:04631A00000173808B
:04631B00000173808A
:04631C000001738881
:04631D000001738880
:04631E000001739077
:04631F000001739076
:04632000000173986D
:04632100000173986C
:04632200000173A063
:04632300000173A062
:04632400000173A859
:04632500000173A858
:04632600000173B04F
:04632700000173B04E
:04632800000173B845
:04632900000173B844
:04632A00000173C03B
:04632B00000173C03A
:04632C00000173C831
:04632D00000173C830
:04632E00000173D027
:04632F00000173D026
:04633000000173D81D
:04633100000173D81C
:04633200000173E013
:04633300000173E012
:04633400000173E809
:04633500000173E808
:04633600000173F0FF
:04633700000173F0FE
:04633800000173F8F5
:04633900000173F8F4
:04633A0000017400EA
:04633B0000017400E9
:04633C0000017408E0
:04633D0000017408DF
:04633E0000017410D6
:04633F0000017410D5
:0463400000017418CC
:0463410000017418CB
:0463420000017420C2
:0463430000017420C1
:0463440000017428B8
:0463450000017428B7
:0463460000017430AE
:0463470000017430AD
:0463480000017438A4
:0463490000017438A3
:04634A00000174409A
:04634B000001744099
:04634C000001744890
:04634D00000174488F
:04634E000001745086
:04634F000001745085
:04635000000174587C
:04635100000174587B
:046352000001746072
:046353000001746071
:046354000001746868
:046355000001746867
:04635600000174705E
:04635700000174705D
:046358000001747854
:046359000001747853
:04635A00000174804A
:04635B000001748049
:04635C000001748840
:04635D00000174883F
:04635E000001749036
:04635F000001749035
:04636000000174982C
:04636100000174982B
:04636200000174A022
:04636300000174A021
:04636400000174A818
:04636500000174A817
:04636600000174B00E
:04636700000174B00D
:04636800000174B804
:04636900000174B803
:04636A00000174C0FA
:04636B00000174C0F9
:04636C00000174C8F0
:04636D00000174C8EF
:04636E00000174D0E6
:04636F00000174D0E5
:04637000000174D8DC
:04637100000174D8DB
:04637200000174E0D2
:04637300000174E0D1
:04637400000174E8C8
:04637500000174E8C7
:04637600000174F0BE
:04637700000174F0BD
:04637800000174F8B4
:04637900000174F8B3
:04637A0000017500A9
:04637B0000017500A8
:04637C00000175089F
:04637D00000175089E
:04637E000001751095
:04637F000001751094
:04638000000175188B
:04638100000175188A
:046382000001752081
:046383000001752080
:046384000001752877
:046385000001752876
:04638600000175306D
:04638700000175306C
:046388000001753863
:046389000001753862
:04638A000001754059
:04638B000001754058
:04638C00000175484F
:04638D00000175484E
:04638E000001755045
:04638F000001755044
:04639000000175583B
:04639100000175583A
:046392000001756031
:046393000001756030
:046394000001756827
:046395000001756826
:04639600000175701D
:04639700000175701C
:046398000001757813
:046399000001757812
:04639A000001758009
:04639B000001758008
:04639C0000017588FF
:04639D0000017588FE
:04639E0000017590F5
:04639F0000017590F4
:0463A00000017598EB
:0463A10000017598EA
:0463A200000175A0E1
:0463A300000175A0E0
:0463A400000175A8D7
:0463A500000175A8D6
:0463A600000175B0CD
:0463A700000175B0CC
:0463A800000175B8C3
:0463A900000175B8C2
:0463AA00000175C0B9
:0463AB00000175C0B8
:0463AC00000175C8AF
:0463AD00000175C8AE
:0463AE00000175D0A5
:0463AF00000175D0A4
:0463B000000175D89B
:0463B100000175D89A
:0463B200000175E091
:0463B300000175E090
:0463B400000175E887
:0463B500000175E886
:0463B600000175F07D
:0463B700000175F07C
:0463B800000175F873
:0463B900000175F872
:0463BA000001760068
:0463BB000001760067
:0463BC00000176085E
:0463BD00000176085D
:0463BE000001761054
:0463BF000001761053
:0463C000000176184A
:0463C1000001761849
:0463C2000001762040
:0463C300000176203F
:0463C4000001762836
:0463C5000001762835
:0463C600000176302C
:0463C700000176302B
:0463C8000001763822
:0463C9000001763821
:0463CA000001764018
:0463CB000001764017
:0463CC00000176480E
:0463CD00000176480D
:0463CE000001765004
:0463CF000001765003
:0463D00000017658FA
:0463D10000017658F9
:0463D20000017660F0
:0463D30000017660EF
:0463D40000017668E6
:0463D50000017668E5
:0463D60000017670DC
:0463D70000017670DB
:0463D80000017678D2
:0463D90000017678D1
:0463DA0000017680C8
:0463DB0000017680C7
:0463DC0000017688BE
:0463DD0000017688BD
:0463DE0000017690B4
:0463DF0000017690B3
:0463E00000017698AA
:0463E10000017698A9
:0463E200000176A0A0
:0463E300000176A09F
:0463E400000176A896
:0463E500000176A895
:0463E600000176B08C
:0463E700000176B08B
:0463E800000176B882
:0463E900000176B881
:0463EA00000176C078
:0463EB00000176C077
:0463EC00000176C86E
:0463ED00000176C86D
:0463EE00000176D064
:0463EF00000176D063
:0463F000000176D85A
:0463F100000176D859
:0463F200000176E050
:0463F300000176E04F
:0463F400000176E846
:0463F500000176E845
:0463F600000176F03C
:0463F700000176F03B
:0463F800000176F832
:0463F900000176F831
:0463FA000001770027
:0463FB000001770026
:0463FC00000177081D
:0463FD00000177081C
:0463FE000001771013
:0463FF000001771012
:046400000001771808
:046401000001771807
:0464020000017720FE
:0464030000017720FD
:0464040000017728F4
:0464050000017728F3
:0464060000017730EA
:0464070000017730E9
:04640800000000434D
:04640900000000008F
:04640A00000000008E
:04640B00000000008D
:04640C00000000008C
:04640D00000000008B
:04640E00000000008A
:04640F000000000089
:046410000000004345
:046411000000000087
:046412000000000086
:046413000000000085
:046414000000000084
:046415000000000083
:046416000000000082
:046417000000000081
:04641800000000433D
:04641900000000007F
:04641A00000000007E
:04641B00000000007D
:04641C00000000007C
:04641D00000000007B
:04641E00000000007A
:04641F000000000079
:046420000000004335
:046421000000000077
:046422000000000076
:046423000000000075
:046424000000000074
:046425000000000073
:046426000000000072
:046427000000000071
:04642800000000432D
:04642900000000006F
:04642A00000000006E
:04642B00000000006D
:04642C00000000006C
:04642D00000000006B
:04642E00000000006A
:04642F000000000069
:046430000000004325
:046431000000000067
:046432000000000066
:046433000000000065
:046434000000000064
:046435000000000063
:046436000000000062
:046437000000000061
:04643800000000431D
:04643900000000005F
:04643A00000000005E
:04643B00000000005D
:04643C00000000005C
:04643D00000000005B
:04643E00000000005A
:04643F000000000059
:046440000000C12C6B
:046441000000C0B8DF
:046442000000000056
:0464430000015BD029
:046444000001578C70
:04644500000157FCFF
:04644600000157FCFE
:04644700000157FCFD
:04644800000157FCFC
:04644900000157FCFB
:04644A00000157FCFA
:04644B00000157FCF9
:04644C00000157FCF8
:04644D00000157FCF7
:04644E00FFFFFFFF4E
:04644F00FFFFFFFF4D
:04645000FFFFFFFF4C
:046451000000FFFF49
:0464520053410001B1
:046453000049494370
:046454000000000044
:046455000000000043
:046456000000000042
:046457000000000041
:046458000000000040
:04645900000000003F
:04645A0053410000AA
:04645B000049494368
:04645C00000000003C
:04645D00000000003B
:04645E00000000003A
:04645F000000000039
:046460000000000038
:046461000000000037
:046462000000000036
:04646300000178AC10
:04646400000178AC0F
:046465000001706062
:046466000001706061
:04646700FFFFFFFF35
:046468000000D52C2F
:04646900000178C4F2
:04646A00000178C4F1
:04646B0000017218A2
:04646C000001921089
:04646D00FFFFFFFF2F
:04646E000002000028
:04646F00000195A0F3
:046470000000000028
:046471000000000027
:046472000000000026
:046473000000000025
:046474000000000024
:046475000000000023
:046476000000000022
:046477000000000021
:046478000000000020
:04647900000000001F
:04647A00000000001E
:04647B00000000001D
:04647C00000000001C
:04647D00000000001B
:04647E00000000001A
:04647F000000000019
:046480000000000018
:046481000000000017
:046482000000000016
:046483000000000015
:046484000000000014
:046485000000000013
:046486000000000012
:046487000000000011
:046488000000000010
:04648900000000000F
:04648A00000000000E
:04648B00000000000D
:04648C00000000000C
:04648D00000000000B
:04648E00000000000A
:04648F000000000009
:046490000000000008
:046491000000000007
:046492000000000006
:046493000000000005
:046494000000000004
:046495000000000003
:046496000000000002
:046497000000000001
:046498000000000000
:0464990000000000FF
:04649A0000000000FE
:04649B0000000000FD
:04649C0000000000FC
:04649D0000000000FB
:04649E0000000000FA
:04649F0000000000F9
:0464A00000000000F8
:0464A10000000000F7
:0464A20000000000F6
:0464A30000000000F5
:0464A40000000000F4
:0464A50000000000F3
:0464A60000000000F2
:0464A70000000000F1
:0464A80000000000F0
:0464A90000000000EF
:0464AA0000000000EE
:0464AB0000000000ED
:0464AC0000000000EC
:0464AD0000000000EB
:0464AE0000000000EA
:0464AF0000000000E9
:0464B00000000000E8
:0464B10000000000E7
:0464B20000000000E6
:0464B30000000000E5
:0464B40000000000E4
:0464B50000000000E3
:0464B60000000000E2
:0464B70000000000E1
:0464B80000000000E0
:0464B90000000000DF
:0464BA0000000000DE
:0464BB0000000000DD
:0464BC0000000000DC
:0464BD0000000000DB
:0464BE0000000000DA
:0464BF0000000000D9
:0464C00000000000D8
:0464C10000000000D7
:0464C20000000000D6
:0464C30000000000D5
:0464C40000000000D4
:0464C50000000000D3
:0464C60000000000D2
:0464C70000000000D1
:0464C80000000000D0
:0464C90000000000CF
:0464CA0000000000CE
:0464CB0000000000CD
:0464CC0000000000CC
:0464CD0000000000CB
:0464CE0000000000CA
:0464CF0000000000C9
:0464D00000000000C8
:0464D10000000000C7
:0464D20000000000C6
:0464D30000000000C5
:0464D40000000000C4
:0464D50000000000C3
:0464D60000000000C2
:0464D70000000000C1
:0464D80000000000C0
:0464D90000000000BF
:0464DA0000000000BE
:0464DB0000000000BD
:0464DC0000000000BC
:0464DD0000000000BB
:0464DE0000000000BA
:0464DF0000000000B9
:0464E00000000000B8
:0464E10000000000B7
:0464E20000000000B6
:0464E30000000000B5
:0464E40000000000B4
:0464E50000000000B3
:0464E60000000000B2
:0464E70000000000B1
:0464E80000000000B0
:0464E90000000000AF
:0464EA0000000000AE
:0464EB0000000000AD
:0464EC0000000000AC
:0464ED0000000000AB
:0464EE0000000000AA
:0464EF0000000000A9
:0464F00000000000A8
:0464F10000000000A7
:0464F20000000000A6
:0464F30000000000A5
:0464F40000000000A4
:0464F50000000000A3
:0464F60000000000A2
:0464F70000000000A1
:0464F80000000000A0
:0464F900000000009F
:0464FA00000000009E
:0464FB00000000009D
:0464FC00000000009C
:0464FD00000000009B
:0464FE00000000009A
:0464FF000000000099
:046500000000000097
:046501000000000096
:046502000000000095
:046503000000000094
:046504000000000093
:046505000000000092
:046506000000000091
:046507000000000090
:04650800000000008F
:04650900000000008E
:04650A00000000008D
:04650B00000000008C
:04650C00000000008B
:04650D00000000008A
:04650E000000000089
:04650F000000000088
:046510000000000087
:046511000000000086
:046512000000000085
:046513000000000084
:046514000000000083
:046515000000000082
:046516000000000081
:046517000000000080
:04651800000000007F
:04651900000000007E
:04651A00000000007D
:04651B00000000007C
:04651C00000000007B
:04651D00000000007A
:04651E000000000079
:04651F000000000078
:046520000000000077
:046521000000000076
:046522000000000075
:046523000000000074
:046524000000000073
:046525000000000072
:046526000000000071
:046527000000000070
:04652800000000006F
:04652900000000006E
:04652A00000000006D
:04652B00000000006C
:04652C00000000006B
:04652D00000000006A
:04652E000000000069
:04652F000000000068
:046530000000000067
:046531000000000066
:046532000000000065
:046533000000000064
:046534000000000063
:046535000000000062
:046536000000000061
:046537000000000060
:04653800000000005F
:04653900000000005E
:04653A00000000005D
:04653B00000000005C
:04653C00000000005B
:04653D00000000005A
:04653E000000000059
:04653F000000000058
:046540000000000057
:046541000000000056
:046542000000000055
:046543000000000054
:046544000000000053
:046545000000000052
:046546000000000051
:046547000000000050
:04654800000000004F
:04654900000000004E
:04654A00000000004D
:04654B00000000004C
:04654C00000000004B
:04654D00000000004A
:04654E000000000049
:04654F000000000048
:046550000000000047
:046551000000000046
:046552000000000045
:046553000000000044
:046554000000000043
:046555000000000042
:046556000000000041
:046557000000000040
:04655800000000003F
:04655900000000003E
:04655A00000000003D
:04655B00000000003C
:04655C00000000003B
:04655D00000000003A
:04655E000000000039
:04655F000000000038
:046560000000000037
:046561000000000036
:046562000000000035
:046563000000000034
:046564000000000033
:046565000000000032
:046566000000000031
:046567000000000030
:04656800000000002F
:04656900000000002E
:04656A00000000002D
:04656B00000000002C
:04656C00000000002B
:04656D00000000002A
:04656E000000000029
:04656F000000000028
:046570000000000027
:046571000000000026
:046572000000000025
:046573000000000024
:046574000000000023
:046575000000000022
:046576000000000021
:046577000000000020
:04657800000000001F
:04657900000000001E
:04657A00000000001D
:04657B00000000001C
:04657C00000000001B
:04657D00000000001A
:04657E000000000019
:04657F000000000018
:046580000000000017
:046581000000000016
:046582000000000015
:046583000000000014
:046584000000000013
:046585000000000012
:046586000000000011
:046587000000000010
:04658800000000000F
:04658900000000000E
:04658A00000000000D
:04658B00000000000C
:04658C00000000000B
:04658D00000000000A
:04658E000000000009
:04658F000000000008
:046590000000000007
:046591000000000006
:046592000000000005
:046593000000000004
:046594000000000003
:046595000000000002
:046596000000000001
:046597000000000000
:0465980000000000FF
:0465990000000000FE
:04659A0000000000FD
:04659B0000000000FC
:04659C0000000000FB
:04659D0000000000FA
:04659E0000000000F9
:04659F0000000000F8
:0465A00000000000F7
:0465A10000000000F6
:0465A20000000000F5
:0465A30000000000F4
:0465A40000000000F3
:0465A50000000000F2
:0465A60000000000F1
:0465A70000000000F0
:0465A80000000000EF
:0465A90000000000EE
:0465AA0000000000ED
:0465AB0000000000EC
:0465AC0000000000EB
:0465AD0000000000EA
:0465AE0000000000E9
:0465AF0000000000E8
:0465B00000000000E7
:0465B10000000000E6
:0465B20000000000E5
:0465B30000000000E4
:0465B40000000000E3
:0465B50000000000E2
:0465B60000000000E1
:0465B70000000000E0
:0465B80000000000DF
:0465B90000000000DE
:0465BA0000000000DD
:0465BB0000000000DC
:0465BC0000000000DB
:0465BD0000000000DA
:0465BE0000000000D9
:0465BF0000000000D8
:0465C00000000000D7
:0465C10000000000D6
:0465C20000000000D5
:0465C30000000000D4
:0465C40000000000D3
:0465C50000000000D2
:0465C60000000000D1
:0465C70000000000D0
:0465C80000000000CF
:0465C90000000000CE
:0465CA0000000000CD
:0465CB0000000000CC
:0465CC0000000000CB
:0465CD0000000000CA
:0465CE0000000000C9
:0465CF0000000000C8
:0465D00000000000C7
:0465D10000000000C6
:0465D20000000000C5
:0465D30000000000C4
:0465D40000000000C3
:0465D50000000000C2
:0465D60000000000C1
:0465D70000000000C0
:0465D80000000000BF
:0465D90000000000BE
:0465DA0000000000BD
:0465DB0000000000BC
:0465DC0000000000BB
:0465DD0000000000BA
:0465DE0000000000B9
:0465DF0000000000B8
:0465E00000000000B7
:0465E10000000000B6
:0465E20000000000B5
:0465E30000000000B4
:0465E40000000000B3
:0465E50000000000B2
:0465E60000000000B1
:0465E70000000000B0
:0465E80000000000AF
:0465E90000000000AE
:0465EA0000000000AD
:0465EB0000000000AC
:0465EC0000000000AB
:0465ED0000000000AA
:0465EE0000000000A9
:0465EF0000000000A8
:0465F00000000000A7
:0465F10000000000A6
:0465F20000000000A5
:0465F30000000000A4
:0465F40000000000A3
:0465F50000000000A2
:0465F60000000000A1
:0465F70000000000A0
:0465F800000000009F
:0465F900000000009E
:0465FA00000000009D
:0465FB00000000009C
:0465FC00000000009B
:0465FD00000000009A
:0465FE000000000099
:0465FF000000000098
:046600000000000096
:046601000000000095
:046602000000000094
:046603000000000093
:046604000000000092
:046605000000000091
:046606000000000090
:04660700000000008F
:04660800000000008E
:04660900000000008D
:04660A00000000008C
:04660B00000000008B
:04660C00000000008A
:04660D000000000089
:04660E000000000088
:04660F000000000087
:046610000000000086
:046611000000000085
:046612000000000084
:046613000000000083
:046614000000000082
:046615000000000081
:046616000000000080
:04661700000000007F
:04661800000000007E
:04661900000000007D
:04661A00000000007C
:04661B00000000007B
:04661C00000000007A
:04661D000000000079
:04661E000000000078
:04661F000000000077
:046620000000000076
:046621000000000075
:046622000000000074
:046623000000000073
:046624000000000072
:046625000000000071
:046626000000000070
:04662700000000006F
:04662800000000006E
:04662900000000006D
:04662A00000000006C
:04662B00000000006B
:04662C00000000006A
:04662D000000000069
:04662E000000000068
:04662F000000000067
:046630000000000066
:046631000000000065
:046632000000000064
:046633000000000063
:046634000000000062
:046635000000000061
:046636000000000060
:04663700000000005F
:04663800000000005E
:04663900000000005D
:04663A00000000005C
:04663B00000000005B
:04663C00000000005A
:04663D000000000059
:04663E000000000058
:04663F000000000057
:046640000000000056
:046641000000000055
:046642000000000054
:046643000000000053
:046644000000000052
:046645000000000051
:046646000000000050
:04664700000000004F
:04664800000000004E
:04664900000000004D
:04664A00000000004C
:04664B00000000004B
:04664C00000000004A
:04664D000000000049
:04664E000000000048
:04664F000000000047
:046650000000000046
:046651000000000045
:046652000000000044
:046653000000000043
:046654000000000042
:046655000000000041
:046656000000000040
:04665700000000003F
:04665800000000003E
:04665900000000003D
:04665A00000000003C
:04665B00000000003B
:04665C00000000003A
:04665D000000000039
:04665E000000000038
:04665F000000000037
:046660000000000036
:046661000000000035
:046662000000000034
:046663000000000033
:046664000000000032
:046665000000000031
:046666000000000030
:04666700000000002F
:04666800000000002E
:04666900000000002D
:04666A00000000002C
:04666B00000000002B
:04666C00000000002A
:04666D000000000029
:04666E000000000028
:04666F000000000027
:046670000000000026
:046671000000000025
:046672000000000024
:046673000000000023
:046674000000000022
:046675000000000021
:046676000000000020
:04667700000000001F
:04667800000000001E
:04667900000000001D
:04667A00000000001C
:04667B00000000001B
:04667C00000000001A
:04667D000000000019
:04667E000000000018
:04667F000000000017
:046680000000000016
:046681000000000015
:046682000000000014
:046683000000000013
:046684000000000012
:046685000000000011
:046686000000000010
:04668700000000000F
:04668800000000000E
:04668900000000000D
:04668A00000000000C
:04668B00000000000B
:04668C00000000000A
:04668D000000000009
:04668E000000000008
:04668F000000000007
:046690000000000006
:046691000000000005
:046692000000000004
:046693000000000003
:046694000000000002
:046695000000000001
:046696000000000000
:0466970000000000FF
:0466980000000000FE
:0466990000000000FD
:04669A0000000000FC
:04669B0000000000FB
:04669C0000000000FA
:04669D0000000000F9
:04669E0000000000F8
:04669F0000000000F7
:0466A00000000000F6
:0466A10000000000F5
:0466A20000000000F4
:0466A30000000000F3
:0466A40000000000F2
:0466A50000000000F1
:0466A60000000000F0
:0466A70000000000EF
:0466A80000000000EE
:0466A90000000000ED
:0466AA0000000000EC
:0466AB0000000000EB
:0466AC0000000000EA
:0466AD0000000000E9
:0466AE0000000000E8
:0466AF0000000000E7
:0466B00000000000E6
:0466B10000000000E5
:0466B20000000000E4
:0466B30000000000E3
:0466B40000000000E2
:0466B50000000000E1
:0466B60000000000E0
:0466B70000000000DF
:0466B80000000000DE
:0466B90000000000DD
:0466BA0000000000DC
:0466BB0000000000DB
:0466BC0000000000DA
:0466BD0000000000D9
:0466BE0000000000D8
:0466BF0000000000D7
:0466C00000000000D6
:0466C10000000000D5
:0466C20000000000D4
:0466C30000000000D3
:0466C40000000000D2
:0466C50000000000D1
:0466C60000000000D0
:0466C70000000000CF
:0466C80000000000CE
:0466C90000000000CD
:0466CA0000000000CC
:0466CB0000000000CB
:0466CC0000000000CA
:0466CD0000000000C9
:0466CE0000000000C8
:0466CF0000000000C7
:0466D00000000000C6
:0466D10000000000C5
:0466D20000000000C4
:0466D30000000000C3
:0466D40000000000C2
:0466D50000000000C1
:0466D60000000000C0
:0466D70000000000BF
:0466D80000000000BE
:0466D90000000000BD
:0466DA0000000000BC
:0466DB0000000000BB
:0466DC0000000000BA
:0466DD0000000000B9
:0466DE0000000000B8
:0466DF0000000000B7
:0466E00000000000B6
:0466E10000000000B5
:0466E20000000000B4
:0466E30000000000B3
:0466E40000000000B2
:0466E50000000000B1
:0466E60000000000B0
:0466E70000000000AF
:0466E80000000000AE
:0466E90000000000AD
:0466EA0000000000AC
:0466EB0000000000AB
:0466EC0000000000AA
:0466ED0000000000A9
:0466EE0000000000A8
:0466EF0000000000A7
:0466F00000000000A6
:0466F10000000000A5
:0466F20000000000A4
:0466F30000000000A3
:0466F40000000000A2
:0466F50000000000A1
:0466F60000000000A0
:0466F700000000009F
:0466F800000000009E
:0466F900000000009D
:0466FA00000000009C
:0466FB00000000009B
:0466FC00000000009A
:0466FD000000000099
:0466FE000000000098
:0466FF000000000097
:046700000000000095
:046701000000000094
:046702000000000093
:046703000000000092
:046704000000000091
:046705000000000090
:04670600000000008F
:04670700000000008E
:04670800000000008D
:04670900000000008C
:04670A00000000008B
:04670B00000000008A
:04670C000000000089
:04670D000000000088
:04670E000000000087
:04670F000000000086
:046710000000000085
:046711000000000084
:046712000000000083
:046713000000000082
:046714000000000081
:046715000000000080
:04671600000000007F
:04671700000000007E
:04671800000000007D
:04671900000000007C
:04671A00000000007B
:04671B00000000007A
:04671C000000000079
:04671D000000000078
:04671E000000000077
:04671F000000000076
:046720000000000075
:046721000000000074
:046722000000000073
:046723000000000072
:046724000000000071
:046725000000000070
:04672600000000006F
:04672700000000006E
:04672800000000006D
:04672900000000006C
:04672A00000000006B
:04672B00000000006A
:04672C000000000069
:04672D000000000068
:04672E000000000067
:04672F000000000066
:046730000000000065
:046731000000000064
:046732000000000063
:046733000000000062
:046734000000000061
:046735000000000060
:04673600000000005F
:04673700000000005E
:04673800000000005D
:04673900000000005C
:04673A00000000005B
:04673B00000000005A
:04673C000000000059
:04673D000000000058
:04673E000000000057
:04673F000000000056
:046740000000000055
:046741000000000054
:046742000000000053
:046743000000000052
:046744000000000051
:046745000000000050
:04674600000000004F
:04674700000000004E
:04674800000000004D
:04674900000000004C
:04674A00000000004B
:04674B00000000004A
:04674C000000000049
:04674D000000000048
:04674E000000000047
:04674F000000000046
:046750000000000045
:046751000000000044
:046752000000000043
:046753000000000042
:046754000000000041
:046755000000000040
:04675600000000003F
:04675700000000003E
:04675800000000003D
:04675900000000003C
:04675A00000000003B
:04675B00000000003A
:04675C000000000039
:04675D000000000038
:04675E000000000037
:04675F000000000036
:046760000000000035
:046761000000000034
:046762000000000033
:046763000000000032
:046764000000000031
:046765000000000030
:04676600000000002F
:04676700000000002E
:04676800000000002D
:04676900000000002C
:04676A00000000002B
:04676B00000000002A
:04676C000000000029
:04676D000000000028
:04676E000000000027
:04676F000000000026
:046770000000000025
:046771000000000024
:046772000000000023
:046773000000000022
:046774000000000021
:046775000000000020
:04677600000000001F
:04677700000000001E
:04677800000000001D
:04677900000000001C
:04677A00000000001B
:04677B00000000001A
:04677C000000000019
:04677D000000000018
:04677E000000000017
:04677F000000000016
:046780000000000015
:046781000000000014
:046782000000000013
:046783000000000012
:046784000000000011
:046785000000000010
:04678600000000000F
:04678700000000000E
:04678800000000000D
:04678900000000000C
:04678A00000000000B
:04678B00000000000A
:04678C000000000009
:04678D000000000008
:04678E000000000007
:04678F000000000006
:046790000000000005
:046791000000000004
:046792000000000003
:046793000000000002
:046794000000000001
:046795000000000000
:0467960000000000FF
:0467970000000000FE
:0467980000000000FD
:0467990000000000FC
:04679A0000000000FB
:04679B0000000000FA
:04679C0000000000F9
:04679D0000000000F8
:04679E0000000000F7
:04679F0000000000F6
:0467A00000000000F5
:0467A10000000000F4
:0467A20000000000F3
:0467A30000000000F2
:0467A40000000000F1
:0467A50000000000F0
:0467A60000000000EF
:0467A70000000000EE
:0467A80000000000ED
:0467A90000000000EC
:0467AA0000000000EB
:0467AB0000000000EA
:0467AC0000000000E9
:0467AD0000000000E8
:0467AE0000000000E7
:0467AF0000000000E6
:0467B00000000000E5
:0467B10000000000E4
:0467B20000000000E3
:0467B30000000000E2
:0467B40000000000E1
:0467B50000000000E0
:0467B60000000000DF
:0467B70000000000DE
:0467B80000000000DD
:0467B90000000000DC
:0467BA0000000000DB
:0467BB0000000000DA
:0467BC0000000000D9
:0467BD0000000000D8
:0467BE0000000000D7
:0467BF0000000000D6
:0467C00000000000D5
:0467C10000000000D4
:0467C20000000000D3
:0467C30000000000D2
:0467C40000000000D1
:0467C50000000000D0
:0467C60000000000CF
:0467C70000000000CE
:0467C80000000000CD
:0467C90000000000CC
:0467CA0000000000CB
:0467CB0000000000CA
:0467CC0000000000C9
:0467CD0000000000C8
:0467CE0000000000C7
:0467CF0000000000C6
:0467D00000000000C5
:0467D10000000000C4
:0467D20000000000C3
:0467D30000000000C2
:0467D40000000000C1
:0467D50000000000C0
:0467D60000000000BF
:0467D70000000000BE
:0467D80000000000BD
:0467D90000000000BC
:0467DA0000000000BB
:0467DB0000000000BA
:0467DC0000000000B9
:0467DD0000000000B8
:0467DE0000000000B7
:0467DF0000000000B6
:0467E00000000000B5
:0467E10000000000B4
:0467E20000000000B3
:0467E30000000000B2
:0467E40000000000B1
:0467E50000000000B0
:0467E60000000000AF
:0467E70000000000AE
:0467E80000000000AD
:0467E90000000000AC
:0467EA0000000000AB
:0467EB0000000000AA
:0467EC0000000000A9
:0467ED0000000000A8
:0467EE0000000000A7
:0467EF0000000000A6
:0467F00000000000A5
:0467F10000000000A4
:0467F20000000000A3
:0467F30000000000A2
:0467F40000000000A1
:0467F50000000000A0
:0467F600000000009F
:0467F700000000009E
:0467F800000000009D
:0467F900000000009C
:0467FA00000000009B
:0467FB00000000009A
:0467FC000000000099
:0467FD000000000098
:0467FE000000000097
:0467FF000000000096
:046800000000000094
:046801000000000093
:046802000000000092
:046803000000000091
:046804000000000090
:04680500000000008F
:04680600000000008E
:04680700000000008D
:04680800000000008C
:04680900000000008B
:04680A00000000008A
:04680B000000000089
:04680C000000000088
:04680D000000000087
:04680E000000000086
:04680F000000000085
:046810000000000084
:046811000000000083
:046812000000000082
:046813000000000081
:046814000000000080
:04681500000000007F
:04681600000000007E
:04681700000000007D
:04681800000000007C
:04681900000000007B
:04681A00000000007A
:04681B000000000079
:04681C000000000078
:04681D000000000077
:04681E000000000076
:04681F000000000075
:046820000000000074
:046821000000000073
:046822000000000072
:046823000000000071
:046824000000000070
:04682500000000006F
:04682600000000006E
:04682700000000006D
:04682800000000006C
:04682900000000006B
:04682A00000000006A
:04682B000000000069
:04682C000000000068
:04682D000000000067
:04682E000000000066
:04682F000000000065
:046830000000000064
:046831000000000063
:046832000000000062
:046833000000000061
:046834000000000060
:04683500000000005F
:04683600000000005E
:04683700000000005D
:04683800000000005C
:04683900000000005B
:04683A00000000005A
:04683B000000000059
:04683C000000000058
:04683D000000000057
:04683E000000000056
:04683F000000000055
:046840000000000054
:046841000000000053
:046842000000000052
:046843000000000051
:046844000000000050
:04684500000000004F
:04684600000000004E
:04684700000000004D
:04684800000000004C
:04684900000000004B
:04684A00000000004A
:04684B000000000049
:04684C000000000048
:04684D000000000047
:04684E000000000046
:04684F000000000045
:046850000000000044
:046851000000000043
:046852000000000042
:046853000000000041
:046854000000000040
:04685500000000003F
:04685600000000003E
:04685700000000003D
:04685800000000003C
:04685900000000003B
:04685A00000000003A
:04685B000000000039
:04685C000000000038
:04685D000000000037
:04685E000000000036
:04685F000000000035
:046860000000000034
:046861000000000033
:046862000000000032
:046863000000000031
:046864000000000030
:04686500000000002F
:04686600000000002E
:04686700000000002D
:04686800000000002C
:04686900000000002B
:04686A00000000002A
:04686B000000000029
:04686C000000000028
:04686D000000000027
:04686E000000000026
:04686F000000000025
:046870000000000024
:046871000000000023
:046872000000000022
:046873000000000021
:046874000000000020
:04687500000000001F
:04687600000000001E
:04687700000000001D
:04687800000000001C
:04687900000000001B
:04687A00000000001A
:04687B000000000019
:04687C000000000018
:04687D000000000017
:04687E000000000016
:04687F000000000015
:046880000000000014
:046881000000000013
:046882000000000012
:046883000000000011
:046884000000000010
:04688500000000000F
:04688600000000000E
:04688700000000000D
:04688800000000000C
:04688900000000000B
:04688A00000000000A
:04688B000000000009
:04688C000000000008
:04688D000000000007
:04688E000000000006
:04688F000000000005
:046890000000000004
:046891000000000003
:046892000000000002
:046893000000000001
:046894000000000000
:0468950000000000FF
:0468960000000000FE
:0468970000000000FD
:0468980000000000FC
:0468990000000000FB
:04689A0000000000FA
:04689B0000000000F9
:04689C0000000000F8
:04689D0000000000F7
:04689E0000000000F6
:04689F0000000000F5
:0468A00000000000F4
:0468A10000000000F3
:0468A20000000000F2
:0468A30000000000F1
:0468A40000000000F0
:0468A50000000000EF
:0468A60000000000EE
:0468A70000000000ED
:0468A80000000000EC
:0468A90000000000EB
:0468AA0000000000EA
:0468AB0000000000E9
:0468AC0000000000E8
:0468AD0000000000E7
:0468AE0000000000E6
:0468AF0000000000E5
:0468B00000000000E4
:0468B10000000000E3
:0468B20000000000E2
:0468B30000000000E1
:0468B40000000000E0
:0468B50000000000DF
:0468B60000000000DE
:0468B70000000000DD
:0468B80000000000DC
:0468B90000000000DB
:0468BA0000000000DA
:0468BB0000000000D9
:0468BC0000000000D8
:0468BD0000000000D7
:0468BE0000000000D6
:0468BF0000000000D5
:0468C00000000000D4
:0468C10000000000D3
:0468C20000000000D2
:0468C30000000000D1
:0468C40000000000D0
:0468C50000000000CF
:0468C60000000000CE
:0468C70000000000CD
:0468C80000000000CC
:0468C90000000000CB
:0468CA0000000000CA
:0468CB0000000000C9
:0468CC0000000000C8
:0468CD0000000000C7
:0468CE0000000000C6
:0468CF0000000000C5
:0468D00000000000C4
:0468D10000000000C3
:0468D20000000000C2
:0468D30000000000C1
:0468D40000000000C0
:0468D50000000000BF
:0468D60000000000BE
:0468D70000000000BD
:0468D80000000000BC
:0468D90000000000BB
:0468DA0000000000BA
:0468DB0000000000B9
:0468DC0000000000B8
:0468DD0000000000B7
:0468DE0000000000B6
:0468DF0000000000B5
:0468E00000000000B4
:0468E10000000000B3
:0468E20000000000B2
:0468E30000000000B1
:0468E40000000000B0
:0468E50000000000AF
:0468E60000000000AE
:0468E70000000000AD
:0468E80000000000AC
:0468E90000000000AB
:0468EA0000000000AA
:0468EB0000000000A9
:0468EC0000000000A8
:0468ED0000000000A7
:0468EE0000000000A6
:0468EF0000000000A5
:0468F00000000000A4
:0468F10000000000A3
:0468F20000000000A2
:0468F30000000000A1
:0468F40000000000A0
:0468F500000000009F
:0468F600000000009E
:0468F700000000009D
:0468F800000000009C
:0468F900000000009B
:0468FA00000000009A
:0468FB000000000099
:0468FC000000000098
:0468FD000000000097
:0468FE000000000096
:0468FF000000000095
:046900000000000093
:046901000000000092
:046902000000000091
:046903000000000090
:04690400000000008F
:04690500000000008E
:04690600000000008D
:04690700000000008C
:04690800000000008B
:04690900000000008A
:04690A000000000089
:04690B000000000088
:04690C000000000087
:04690D000000000086
:04690E000000000085
:04690F000000000084
:046910000000000083
:046911000000000082
:046912000000000081
:046913000000000080
:04691400000000007F
:04691500000000007E
:04691600000000007D
:04691700000000007C
:04691800000000007B
:04691900000000007A
:04691A000000000079
:04691B000000000078
:04691C000000000077
:04691D000000000076
:04691E000000000075
:04691F000000000074
:046920000000000073
:046921000000000072
:046922000000000071
:046923000000000070
:04692400000000006F
:04692500000000006E
:04692600000000006D
:04692700000000006C
:04692800000000006B
:04692900000000006A
:04692A000000000069
:04692B000000000068
:04692C000000000067
:04692D000000000066
:04692E000000000065
:04692F000000000064
:046930000000000063
:046931000000000062
:046932000000000061
:046933000000000060
:04693400000000005F
:04693500000000005E
:04693600000000005D
:04693700000000005C
:04693800000000005B
:04693900000000005A
:04693A000000000059
:04693B000000000058
:04693C000000000057
:04693D000000000056
:04693E000000000055
:04693F000000000054
:046940000000000053
:046941000000000052
:046942000000000051
:046943000000000050
:04694400000000004F
:04694500000000004E
:04694600000000004D
:04694700000000004C
:04694800000000004B
:04694900000000004A
:04694A000000000049
:04694B000000000048
:04694C000000000047
:04694D000000000046
:04694E000000000045
:04694F000000000044
:046950000000000043
:046951000000000042
:046952000000000041
:046953000000000040
:04695400000000003F
:04695500000000003E
:04695600000000003D
:04695700000000003C
:04695800000000003B
:04695900000000003A
:04695A000000000039
:04695B000000000038
:04695C000000000037
:04695D000000000036
:04695E000000000035
:04695F000000000034
:046960000000000033
:046961000000000032
:046962000000000031
:046963000000000030
:04696400000000002F
:04696500000000002E
:04696600000000002D
:04696700000000002C
:04696800000000002B
:04696900000000002A
:04696A000000000029
:04696B000000000028
:04696C000000000027
:04696D000000000026
:04696E000000000025
:04696F000000000024
:046970000000000023
:046971000000000022
:046972000000000021
:046973000000000020
:04697400000000001F
:04697500000000001E
:04697600000000001D
:04697700000000001C
:04697800000000001B
:04697900000000001A
:04697A000000000019
:04697B000000000018
:04697C000000000017
:04697D000000000016
:04697E000000000015
:04697F000000000014
:046980000000000013
:046981000000000012
:046982000000000011
:046983000000000010
:04698400000000000F
:04698500000000000E
:04698600000000000D
:04698700000000000C
:04698800000000000B
:04698900000000000A
:04698A000000000009
:04698B000000000008
:04698C000000000007
:04698D000000000006
:04698E000000000005
:04698F000000000004
:046990000000000003
:046991000000000002
:046992000000000001
:046993000000000000
:0469940000000000FF
:0469950000000000FE
:0469960000000000FD
:0469970000000000FC
:0469980000000000FB
:0469990000000000FA
:04699A0000000000F9
:04699B0000000000F8
:04699C0000000000F7
:04699D0000000000F6
:04699E0000000000F5
:04699F0000000000F4
:0469A00000000000F3
:0469A10000000000F2
:0469A20000000000F1
:0469A30000000000F0
:0469A40000000000EF
:0469A50000000000EE
:0469A60000000000ED
:0469A70000000000EC
:0469A80000000000EB
:0469A90000000000EA
:0469AA0000000000E9
:0469AB0000000000E8
:0469AC0000000000E7
:0469AD0000000000E6
:0469AE0000000000E5
:0469AF0000000000E4
:0469B00000000000E3
:0469B10000000000E2
:0469B20000000000E1
:0469B30000000000E0
:0469B40000000000DF
:0469B50000000000DE
:0469B60000000000DD
:0469B70000000000DC
:0469B80000000000DB
:0469B90000000000DA
:0469BA0000000000D9
:0469BB0000000000D8
:0469BC0000000000D7
:0469BD0000000000D6
:0469BE0000000000D5
:0469BF0000000000D4
:0469C00000000000D3
:0469C10000000000D2
:0469C20000000000D1
:0469C30000000000D0
:0469C40000000000CF
:0469C50000000000CE
:0469C60000000000CD
:0469C70000000000CC
:0469C80000000000CB
:0469C90000000000CA
:0469CA0000000000C9
:0469CB0000000000C8
:0469CC0000000000C7
:0469CD0000000000C6
:0469CE0000000000C5
:0469CF0000000000C4
:0469D00000000000C3
:0469D10000000000C2
:0469D20000000000C1
:0469D30000000000C0
:0469D40000000000BF
:0469D50000000000BE
:0469D60000000000BD
:0469D70000000000BC
:0469D80000000000BB
:0469D90000000000BA
:0469DA0000000000B9
:0469DB0000000000B8
:0469DC0000000000B7
:0469DD0000000000B6
:0469DE0000000000B5
:0469DF0000000000B4
:0469E00000000000B3
:0469E10000000000B2
:0469E20000000000B1
:0469E30000000000B0
:0469E40000000000AF
:0469E50000000000AE
:0469E60000000000AD
:0469E70000000000AC
:0469E80000000000AB
:0469E90000000000AA
:0469EA0000000000A9
:0469EB0000000000A8
:0469EC0000000000A7
:0469ED0000000000A6
:0469EE0000000000A5
:0469EF0000000000A4
:0469F00000000000A3
:0469F10000000000A2
:0469F20000000000A1
:0469F30000000000A0
:0469F400000000009F
:0469F500000000009E
:0469F600000000009D
:0469F700000000009C
:0469F800000000009B
:0469F900000000009A
:0469FA000000000099
:0469FB000000000098
:0469FC000000000097
:0469FD000000000096
:0469FE000000000095
:0469FF000000000094
:046A00000000000092
:046A01000000000091
:046A02000000000090
:046A0300000000008F
:046A0400000000008E
:046A0500000000008D
:046A0600000000008C
:046A0700000000008B
:046A0800000000008A
:046A09000000000089
:046A0A000000000088
:046A0B000000000087
:046A0C000000000086
:046A0D000000000085
:046A0E000000000084
:046A0F000000000083
:046A10000000000082
:046A11000000000081
:046A12000000000080
:046A1300000000007F
:046A1400000000007E
:046A1500000000007D
:046A1600000000007C
:046A1700000000007B
:046A1800000000007A
:046A19000000000079
:046A1A000000000078
:046A1B000000000077
:046A1C000000000076
:046A1D000000000075
:046A1E000000000074
:046A1F000000000073
:046A20000000000072
:046A21000000000071
:046A22000000000070
:046A2300000000006F
:046A2400000000006E
:046A2500000000006D
:046A2600000000006C
:046A2700000000006B
:046A2800000000006A
:046A29000000000069
:046A2A000000000068
:046A2B000000000067
:046A2C000000000066
:046A2D000000000065
:046A2E000000000064
:046A2F000000000063
:046A30000000000062
:046A31000000000061
:046A32000000000060
:046A3300000000005F
:046A3400000000005E
:046A3500000000005D
:046A3600000000005C
:046A3700000000005B
:046A3800000000005A
:046A39000000000059
:046A3A000000000058
:046A3B000000000057
:046A3C000000000056
:046A3D000000000055
:046A3E000000000054
:046A3F000000000053
:046A40000000000052
:046A41000000000051
:046A42000000000050
:046A4300000000004F
:046A4400000000004E
:046A4500000000004D
:046A4600000000004C
:046A4700000000004B
:046A4800000000004A
:046A49000000000049
:046A4A000000000048
:046A4B000000000047
:046A4C000000000046
:046A4D000000000045
:046A4E000000000044
:046A4F000000000043
:046A50000000000042
:046A51000000000041
:046A52000000000040
:046A5300000000003F
:046A5400000000003E
:046A5500000000003D
:046A5600000000003C
:046A5700000000003B
:046A5800000000003A
:046A59000000000039
:046A5A000000000038
:046A5B000000000037
:046A5C000000000036
:046A5D000000000035
:046A5E000000000034
:046A5F000000000033
:046A60000000000032
:046A61000000000031
:046A62000000000030
:046A6300000000002F
:046A6400000000002E
:046A6500000000002D
:046A6600000000002C
:046A6700000000002B
:046A6800000000002A
:046A69000000000029
:046A6A000000000028
:046A6B000000000027
:046A6C000000000026
:046A6D000000000025
:046A6E000000000024
:046A6F000000000023
:046A70000000000022
:046A71000000000021
:046A72000000000020
:046A7300000000001F
:046A7400000000001E
:046A7500000000001D
:046A7600000000001C
:046A7700000000001B
:046A7800000000001A
:046A79000000000019
:046A7A000000000018
:046A7B000000000017
:046A7C000000000016
:046A7D000000000015
:046A7E000000000014
:046A7F000000000013
:046A80000000000012
:046A81000000000011
:046A82000000000010
:046A8300000000000F
:046A8400000000000E
:046A8500000000000D
:046A8600000000000C
:046A8700000000000B
:046A8800000000000A
:046A89000000000009
:046A8A000000000008
:046A8B000000000007
:046A8C000000000006
:046A8D000000000005
:046A8E000000000004
:046A8F000000000003
:046A90000000000002
:046A91000000000001
:046A92000000000000
:046A930000000000FF
:046A940000000000FE
:046A950000000000FD
:046A960000000000FC
:046A970000000000FB
:046A980000000000FA
:046A990000000000F9
:046A9A0000000000F8
:046A9B0000000000F7
:046A9C0000000000F6
:046A9D0000000000F5
:046A9E0000000000F4
:046A9F0000000000F3
:046AA00000000000F2
:046AA10000000000F1
:046AA20000000000F0
:046AA30000000000EF
:046AA40000000000EE
:046AA50000000000ED
:046AA60000000000EC
:046AA70000000000EB
:046AA80000000000EA
:046AA90000000000E9
:046AAA0000000000E8
:046AAB0000000000E7
:046AAC0000000000E6
:046AAD0000000000E5
:046AAE0000000000E4
:046AAF0000000000E3
:046AB00000000000E2
:046AB10000000000E1
:046AB20000000000E0
:046AB30000000000DF
:046AB40000000000DE
:046AB50000000000DD
:046AB60000000000DC
:046AB70000000000DB
:046AB80000000000DA
:046AB90000000000D9
:046ABA0000000000D8
:046ABB0000000000D7
:046ABC0000000000D6
:046ABD0000000000D5
:046ABE0000000000D4
:046ABF0000000000D3
:046AC00000000000D2
:046AC10000000000D1
:046AC20000000000D0
:046AC30000000000CF
:046AC40000000000CE
:046AC50000000000CD
:046AC60000000000CC
:046AC70000000000CB
:046AC80000000000CA
:046AC90000000000C9
:046ACA0000000000C8
:046ACB0000000000C7
:046ACC0000000000C6
:046ACD0000000000C5
:046ACE0000000000C4
:046ACF0000000000C3
:046AD00000000000C2
:046AD10000000000C1
:046AD20000000000C0
:046AD30000000000BF
:046AD40000000000BE
:046AD50000000000BD
:046AD60000000000BC
:046AD70000000000BB
:046AD80000000000BA
:046AD90000000000B9
:046ADA0000000000B8
:046ADB0000000000B7
:046ADC0000000000B6
:046ADD0000000000B5
:046ADE0000000000B4
:046ADF0000000000B3
:046AE00000000000B2
:046AE10000000000B1
:046AE20000000000B0
:046AE30000000000AF
:046AE40000000000AE
:046AE50000000000AD
:046AE60000000000AC
:046AE70000000000AB
:046AE80000000000AA
:046AE90000000000A9
:046AEA0000000000A8
:046AEB0000000000A7
:046AEC0000000000A6
:046AED0000000000A5
:046AEE0000000000A4
:046AEF0000000000A3
:046AF00000000000A2
:046AF10000000000A1
:046AF20000000000A0
:046AF300000000009F
:046AF400000000009E
:046AF500000000009D
:046AF600000000009C
:046AF700000000009B
:046AF800000000009A
:046AF9000000000099
:046AFA000000000098
:046AFB000000000097
:046AFC000000000096
:046AFD000000000095
:046AFE000000000094
:046AFF000000000093
:046B00000000000091
:046B01000000000090
:046B0200000000008F
:046B0300000000008E
:046B0400000000008D
:046B0500000000008C
:046B0600000000008B
:046B0700000000008A
:046B08000000000089
:046B09000000000088
:046B0A000000000087
:046B0B000000000086
:046B0C000000000085
:046B0D000000000084
:046B0E000000000083
:046B0F000000000082
:046B10000000000081
:046B11000000000080
:046B1200000000007F
:046B1300000000007E
:046B1400000000007D
:046B1500000000007C
:046B1600000000007B
:046B1700000000007A
:046B18000000000079
:046B19000000000078
:046B1A000000000077
:046B1B000000000076
:046B1C000000000075
:046B1D000000000074
:046B1E000000000073
:046B1F000000000072
:046B20000000000071
:046B21000000000070
:046B2200000000006F
:046B2300000000006E
:046B2400000000006D
:046B2500000000006C
:046B2600000000006B
:046B2700000000006A
:046B28000000000069
:046B29000000000068
:046B2A000000000067
:046B2B000000000066
:046B2C000000000065
:046B2D000000000064
:046B2E000000000063
:046B2F000000000062
:046B30000000000061
:046B31000000000060
:046B3200000000005F
:046B3300000000005E
:046B3400000000005D
:046B3500000000005C
:046B3600000000005B
:046B3700000000005A
:046B38000000000059
:046B39000000000058
:046B3A000000000057
:046B3B000000000056
:046B3C000000000055
:046B3D000000000054
:046B3E000000000053
:046B3F000000000052
:046B40000000000051
:046B41000000000050
:046B4200000000004F
:046B4300000000004E
:046B4400000000004D
:046B4500000000004C
:046B4600000000004B
:046B4700000000004A
:046B48000000000049
:046B49000000000048
:046B4A000000000047
:046B4B000000000046
:046B4C000000000045
:046B4D000000000044
:046B4E000000000043
:046B4F000000000042
:046B50000000000041
:046B51000000000040
:046B5200000000003F
:046B5300000000003E
:046B5400000000003D
:046B5500000000003C
:046B5600000000003B
:046B5700000000003A
:046B58000000000039
:046B59000000000038
:046B5A000000000037
:046B5B000000000036
:046B5C000000000035
:046B5D000000000034
:046B5E000000000033
:046B5F000000000032
:046B60000000000031
:046B61000000000030
:046B6200000000002F
:046B6300000000002E
:046B6400000000002D
:046B6500000000002C
:046B6600000000002B
:046B6700000000002A
:046B68000000000029
:046B69000000000028
:046B6A000000000027
:046B6B000000000026
:046B6C000000000025
:046B6D000000000024
:046B6E000000000023
:046B6F000000000022
:046B70000000000021
:046B71000000000020
:046B7200000000001F
:046B7300000000001E
:046B7400000000001D
:046B7500000000001C
:046B7600000000001B
:046B7700000000001A
:046B78000000000019
:046B79000000000018
:046B7A000000000017
:046B7B000000000016
:046B7C000000000015
:046B7D000000000014
:046B7E000000000013
:046B7F000000000012
:046B80000000000011
:046B81000000000010
:046B8200000000000F
:046B8300000000000E
:046B8400000000000D
:046B8500000000000C
:046B8600000000000B
:046B8700000000000A
:046B88000000000009
:046B89000000000008
:046B8A000000000007
:046B8B000000000006
:046B8C000000000005
:046B8D000000000004
:046B8E000000000003
:046B8F000000000002
:046B90000000000001
:046B91000000000000
:046B920000000000FF
:046B930000000000FE
:046B940000000000FD
:046B950000000000FC
:046B960000000000FB
:046B970000000000FA
:046B980000000000F9
:046B990000000000F8
:046B9A0000000000F7
:046B9B0000000000F6
:046B9C0000000000F5
:046B9D0000000000F4
:046B9E0000000000F3
:046B9F0000000000F2
:046BA00000000000F1
:046BA10000000000F0
:046BA20000000000EF
:046BA30000000000EE
:046BA40000000000ED
:046BA50000000000EC
:046BA60000000000EB
:046BA70000000000EA
:046BA80000000000E9
:046BA90000000000E8
:046BAA0000000000E7
:046BAB0000000000E6
:046BAC0000000000E5
:046BAD0000000000E4
:046BAE0000000000E3
:046BAF0000000000E2
:046BB00000000000E1
:046BB10000000000E0
:046BB20000000000DF
:046BB30000000000DE
:046BB40000000000DD
:046BB50000000000DC
:046BB60000000000DB
:046BB70000000000DA
:046BB80000000000D9
:046BB90000000000D8
:046BBA0000000000D7
:046BBB0000000000D6
:046BBC0000000000D5
:046BBD0000000000D4
:046BBE0000000000D3
:046BBF0000000000D2
:046BC00000000000D1
:046BC10000000000D0
:046BC20000000000CF
:046BC30000000000CE
:046BC40000000000CD
:046BC50000000000CC
:046BC60000000000CB
:046BC70000000000CA
:046BC80000000000C9
:046BC90000000000C8
:046BCA0000000000C7
:046BCB0000000000C6
:046BCC0000000000C5
:046BCD0000000000C4
:046BCE0000000000C3
:046BCF0000000000C2
:046BD00000000000C1
:046BD10000000000C0
:046BD20000000000BF
:046BD30000000000BE
:046BD40000000000BD
:046BD50000000000BC
:046BD60000000000BB
:046BD70000000000BA
:046BD80000000000B9
:046BD90000000000B8
:046BDA0000000000B7
:046BDB0000000000B6
:046BDC0000000000B5
:046BDD0000000000B4
:046BDE0000000000B3
:046BDF0000000000B2
:046BE00000000000B1
:046BE10000000000B0
:046BE20000000000AF
:046BE30000000000AE
:046BE40000000000AD
:046BE50000000000AC
:046BE60000000000AB
:046BE70000000000AA
:046BE80000000000A9
:046BE90000000000A8
:046BEA0000000000A7
:046BEB0000000000A6
:046BEC0000000000A5
:046BED0000000000A4
:046BEE0000000000A3
:046BEF0000000000A2
:046BF00000000000A1
:046BF10000000000A0
:046BF200000000009F
:046BF300000000009E
:046BF400000000009D
:046BF500000000009C
:046BF600000000009B
:046BF700000000009A
:046BF8000000000099
:046BF9000000000098
:046BFA000000000097
:046BFB000000000096
:046BFC000000000095
:046BFD000000000094
:046BFE000000000093
:046BFF000000000092
:046C00000000000090
:046C0100000000008F
:046C0200000000008E
:046C0300000000008D
:046C0400000000008C
:046C0500000000008B
:046C0600000000008A
:046C07000000000089
:046C08000000000088
:046C09000000000087
:046C0A000000000086
:046C0B000000000085
:046C0C000000000084
:046C0D000000000083
:046C0E000000000082
:046C0F000000000081
:046C10000000000080
:046C1100000000007F
:046C1200000000007E
:046C1300000000007D
:046C1400000000007C
:046C1500000000007B
:046C1600000000007A
:046C17000000000079
:046C18000000000078
:046C19000000000077
:046C1A000000000076
:046C1B000000000075
:046C1C000000000074
:046C1D000000000073
:046C1E000000000072
:046C1F000000000071
:046C20000000000070
:046C2100000000006F
:046C2200000000006E
:046C2300000000006D
:046C2400000000006C
:046C2500000000006B
:046C2600000000006A
:046C27000000000069
:046C28000000000068
:046C29000000000067
:046C2A000000000066
:046C2B000000000065
:046C2C000000000064
:046C2D000000000063
:046C2E000000000062
:046C2F000000000061
:046C30000000000060
:046C3100000000005F
:046C3200000000005E
:046C3300000000005D
:046C3400000000005C
:046C3500000000005B
:046C3600000000005A
:046C37000000000059
:046C38000000000058
:046C39000000000057
:046C3A000000000056
:046C3B000000000055
:046C3C000000000054
:046C3D000000000053
:046C3E000000000052
:046C3F000000000051
:046C40000000000050
:046C4100000000004F
:046C4200000000004E
:046C4300000000004D
:046C4400000000004C
:046C4500000000004B
:046C4600000000004A
:046C47000000000049
:046C48000000000048
:046C49000000000047
:046C4A000000000046
:046C4B000000000045
:046C4C000000000044
:046C4D000000000043
:046C4E000000000042
:046C4F000000000041
:046C50000000000040
:046C5100000000003F
:046C5200000000003E
:046C5300000000003D
:046C5400000000003C
:046C5500000000003B
:046C5600000000003A
:046C57000000000039
:046C58000000000038
:046C59000000000037
:046C5A000000000036
:046C5B000000000035
:046C5C000000000034
:046C5D000000000033
:046C5E000000000032
:046C5F000000000031
:046C60000000000030
:046C6100000000002F
:046C6200000000002E
:046C6300000000002D
:046C6400000000002C
:046C6500000000002B
:046C6600000000002A
:046C67000000000029
:046C68000000000028
:046C69000000000027
:046C6A000000000026
:046C6B000000000025
:046C6C000000000024
:046C6D000000000023
:046C6E000000000022
:046C6F000000000021
:046C70000000000020
:046C7100000000001F
:046C7200000000001E
:046C7300000000001D
:046C7400000000001C
:046C7500000000001B
:046C7600000000001A
:046C77000000000019
:046C78000000000018
:046C79000000000017
:046C7A000000000016
:046C7B000000000015
:046C7C000000000014
:046C7D000000000013
:046C7E000000000012
:046C7F000000000011
:046C80000000000010
:046C8100000000000F
:046C8200000000000E
:046C8300000000000D
:046C8400000000000C
:046C8500000000000B
:046C8600000000000A
:046C87000000000009
:046C88000000000008
:046C89000000000007
:046C8A000000000006
:046C8B000000000005
:046C8C000000000004
:046C8D000000000003
:046C8E000000000002
:046C8F000000000001
:046C90000000000000
:046C910000000000FF
:046C920000000000FE
:046C930000000000FD
:046C940000000000FC
:046C950000000000FB
:046C960000000000FA
:046C970000000000F9
:046C980000000000F8
:046C990000000000F7
:046C9A0000000000F6
:046C9B0000000000F5
:046C9C0000000000F4
:046C9D0000000000F3
:046C9E0000000000F2
:046C9F0000000000F1
:046CA00000000000F0
:046CA10000000000EF
:046CA20000000000EE
:046CA30000000000ED
:046CA40000000000EC
:046CA50000000000EB
:046CA60000000000EA
:046CA70000000000E9
:046CA80000000000E8
:046CA90000000000E7
:046CAA0000000000E6
:046CAB0000000000E5
:046CAC0000000000E4
:046CAD0000000000E3
:046CAE0000000000E2
:046CAF0000000000E1
:046CB00000000000E0
:046CB10000000000DF
:046CB20000000000DE
:046CB30000000000DD
:046CB40000000000DC
:046CB50000000000DB
:046CB60000000000DA
:046CB70000000000D9
:046CB80000000000D8
:046CB90000000000D7
:046CBA0000000000D6
:046CBB0000000000D5
:046CBC0000000000D4
:046CBD0000000000D3
:046CBE0000000000D2
:046CBF0000000000D1
:046CC00000000000D0
:046CC10000000000CF
:046CC20000000000CE
:046CC30000000000CD
:046CC40000000000CC
:046CC50000000000CB
:046CC60000000000CA
:046CC70000000000C9
:046CC80000000000C8
:046CC90000000000C7
:046CCA0000000000C6
:046CCB0000000000C5
:046CCC0000000000C4
:046CCD0000000000C3
:046CCE0000000000C2
:046CCF0000000000C1
:046CD00000000000C0
:046CD10000000000BF
:046CD20000000000BE
:046CD30000000000BD
:046CD40000000000BC
:046CD50000000000BB
:046CD60000000000BA
:046CD70000000000B9
:046CD80000000000B8
:046CD90000000000B7
:046CDA0000000000B6
:046CDB0000000000B5
:046CDC0000000000B4
:046CDD0000000000B3
:046CDE0000000000B2
:046CDF0000000000B1
:046CE00000000000B0
:046CE10000000000AF
:046CE20000000000AE
:046CE30000000000AD
:046CE40000000000AC
:046CE50000000000AB
:046CE60000000000AA
:046CE70000000000A9
:046CE80000000000A8
:046CE90000000000A7
:046CEA0000000000A6
:046CEB0000000000A5
:046CEC0000000000A4
:046CED0000000000A3
:046CEE0000000000A2
:046CEF0000000000A1
:046CF00000000000A0
:046CF100000000009F
:046CF200000000009E
:046CF300000000009D
:046CF400000000009C
:046CF500000000009B
:046CF600000000009A
:046CF7000000000099
:046CF8000000000098
:046CF9000000000097
:046CFA000000000096
:046CFB000000000095
:046CFC000000000094
:046CFD000000000093
:046CFE000000000092
:046CFF000000000091
:046D0000000000008F
:046D0100000000008E
:046D0200000000008D
:046D0300000000008C
:046D0400000000008B
:046D0500000000008A
:046D06000000000089
:046D07000000000088
:046D08000000000087
:046D09000000000086
:046D0A000000000085
:046D0B000000000084
:046D0C000000000083
:046D0D000000000082
:046D0E000000000081
:046D0F000000000080
:046D1000000000007F
:046D1100000000007E
:046D1200000000007D
:046D1300000000007C
:046D1400000000007B
:046D1500000000007A
:046D16000000000079
:046D17000000000078
:046D18000000000077
:046D19000000000076
:046D1A000000000075
:046D1B000000000074
:046D1C000000000073
:046D1D000000000072
:046D1E000000000071
:046D1F000000000070
:046D2000000000006F
:046D2100000000006E
:046D2200000000006D
:046D2300000000006C
:046D2400000000006B
:046D2500000000006A
:046D26000000000069
:046D27000000000068
:046D28000000000067
:046D29000000000066
:046D2A000000000065
:046D2B000000000064
:046D2C000000000063
:046D2D000000000062
:046D2E000000000061
:046D2F000000000060
:046D3000000000005F
:046D3100000000005E
:046D3200000000005D
:046D3300000000005C
:046D3400000000005B
:046D3500000000005A
:046D36000000000059
:046D37000000000058
:046D38000000000057
:046D39000000000056
:046D3A000000000055
:046D3B000000000054
:046D3C000000000053
:046D3D000000000052
:046D3E000000000051
:046D3F000000000050
:046D4000000000004F
:046D4100000000004E
:046D4200000000004D
:046D4300000000004C
:046D4400000000004B
:046D4500000000004A
:046D46000000000049
:046D47000000000048
:046D48000000000047
:046D49000000000046
:046D4A000000000045
:046D4B000000000044
:046D4C000000000043
:046D4D000000000042
:046D4E000000000041
:046D4F000000000040
:046D5000000000003F
:046D5100000000003E
:046D5200000000003D
:046D5300000000003C
:046D5400000000003B
:046D5500000000003A
:046D56000000000039
:046D57000000000038
:046D58000000000037
:046D59000000000036
:046D5A000000000035
:046D5B000000000034
:046D5C000000000033
:046D5D000000000032
:046D5E000000000031
:046D5F000000000030
:046D6000000000002F
:046D6100000000002E
:046D6200000000002D
:046D6300000000002C
:046D6400000000002B
:046D6500000000002A
:046D66000000000029
:046D67000000000028
:046D68000000000027
:046D69000000000026
:046D6A000000000025
:046D6B000000000024
:046D6C000000000023
:046D6D000000000022
:046D6E000000000021
:046D6F000000000020
:046D7000000000001F
:046D7100000000001E
:046D7200000000001D
:046D7300000000001C
:046D7400000000001B
:046D7500000000001A
:046D76000000000019
:046D77000000000018
:046D78000000000017
:046D79000000000016
:046D7A000000000015
:046D7B000000000014
:046D7C000000000013
:046D7D000000000012
:046D7E000000000011
:046D7F000000000010
:046D8000000000000F
:046D8100000000000E
:046D8200000000000D
:046D8300000000000C
:046D8400000000000B
:046D8500000000000A
:046D86000000000009
:046D87000000000008
:046D88000000000007
:046D89000000000006
:046D8A000000000005
:046D8B000000000004
:046D8C000000000003
:046D8D000000000002
:046D8E000000000001
:046D8F000000000000
:046D900000000000FF
:046D910000000000FE
:046D920000000000FD
:046D930000000000FC
:046D940000000000FB
:046D950000000000FA
:046D960000000000F9
:046D970000000000F8
:046D980000000000F7
:046D990000000000F6
:046D9A0000000000F5
:046D9B0000000000F4
:046D9C0000000000F3
:046D9D0000000000F2
:046D9E0000000000F1
:046D9F0000000000F0
:046DA00000000000EF
:046DA10000000000EE
:046DA20000000000ED
:046DA30000000000EC
:046DA40000000000EB
:046DA50000000000EA
:046DA60000000000E9
:046DA70000000000E8
:046DA80000000000E7
:046DA90000000000E6
:046DAA0000000000E5
:046DAB0000000000E4
:046DAC0000000000E3
:046DAD0000000000E2
:046DAE0000000000E1
:046DAF0000000000E0
:046DB00000000000DF
:046DB10000000000DE
:046DB20000000000DD
:046DB30000000000DC
:046DB40000000000DB
:046DB50000000000DA
:046DB60000000000D9
:046DB70000000000D8
:046DB80000000000D7
:046DB90000000000D6
:046DBA0000000000D5
:046DBB0000000000D4
:046DBC0000000000D3
:046DBD0000000000D2
:046DBE0000000000D1
:046DBF0000000000D0
:046DC00000000000CF
:046DC10000000000CE
:046DC20000000000CD
:046DC30000000000CC
:046DC40000000000CB
:046DC50000000000CA
:046DC60000000000C9
:046DC70000000000C8
:046DC80000000000C7
:046DC90000000000C6
:046DCA0000000000C5
:046DCB0000000000C4
:046DCC0000000000C3
:046DCD0000000000C2
:046DCE0000000000C1
:046DCF0000000000C0
:046DD00000000000BF
:046DD10000000000BE
:046DD20000000000BD
:046DD30000000000BC
:046DD40000000000BB
:046DD50000000000BA
:046DD60000000000B9
:046DD70000000000B8
:046DD80000000000B7
:046DD90000000000B6
:046DDA0000000000B5
:046DDB0000000000B4
:046DDC0000000000B3
:046DDD0000000000B2
:046DDE0000000000B1
:046DDF0000000000B0
:046DE00000000000AF
:046DE10000000000AE
:046DE20000000000AD
:046DE30000000000AC
:046DE40000000000AB
:046DE50000000000AA
:046DE60000000000A9
:046DE70000000000A8
:046DE80000000000A7
:046DE90000000000A6
:046DEA0000000000A5
:046DEB0000000000A4
:046DEC0000000000A3
:046DED0000000000A2
:046DEE0000000000A1
:046DEF0000000000A0
:046DF000000000009F
:046DF100000000009E
:046DF200000000009D
:046DF300000000009C
:046DF400000000009B
:046DF500000000009A
:046DF6000000000099
:046DF7000000000098
:046DF8000000000097
:046DF9000000000096
:046DFA000000000095
:046DFB000000000094
:046DFC000000000093
:046DFD000000000092
:046DFE000000000091
:046DFF000000000090
:046E0000000000008E
:046E0100000000008D
:046E0200000000008C
:046E0300000000008B
:046E0400000000008A
:046E05000000000089
:046E06000000000088
:046E07000000000087
:046E08000000000086
:046E09000000000085
:046E0A000000000084
:046E0B000000000083
:046E0C000000000082
:046E0D000000000081
:046E0E000000000080
:046E0F00000000007F
:046E1000000000007E
:046E1100000000007D
:046E1200000000007C
:046E1300000000007B
:046E1400000000007A
:046E15000000000079
:046E16000000000078
:046E17000000000077
:046E18000000000076
:046E19000000000075
:046E1A000000000074
:046E1B000000000073
:046E1C000000000072
:046E1D000000000071
:046E1E000000000070
:046E1F00000000006F
:046E2000000000006E
:046E2100000000006D
:046E2200000000006C
:046E2300000000006B
:046E2400000000006A
:046E25000000000069
:046E26000000000068
:046E27000000000067
:046E28000000000066
:046E29000000000065
:046E2A000000000064
:046E2B000000000063
:046E2C000000000062
:046E2D000000000061
:046E2E000000000060
:046E2F00000000005F
:046E3000000000005E
:046E3100000000005D
:046E3200000000005C
:046E3300000000005B
:046E3400000000005A
:046E35000000000059
:046E36000000000058
:046E37000000000057
:046E38000000000056
:046E39000000000055
:046E3A000000000054
:046E3B000000000053
:046E3C000000000052
:046E3D000000000051
:046E3E000000000050
:046E3F00000000004F
:046E4000000000004E
:046E4100000000004D
:046E4200000000004C
:046E4300000000004B
:046E4400000000004A
:046E45000000000049
:046E46000000000048
:046E47000000000047
:046E48000000000046
:046E49000000000045
:046E4A000000000044
:046E4B000000000043
:046E4C000000000042
:046E4D000000000041
:046E4E000000000040
:046E4F00000000003F
:046E5000000000003E
:046E5100000000003D
:046E5200000000003C
:046E5300000000003B
:046E5400000000003A
:046E55000000000039
:046E56000000000038
:046E57000000000037
:046E58000000000036
:046E59000000000035
:046E5A000000000034
:046E5B000000000033
:046E5C000000000032
:046E5D000000000031
:046E5E000000000030
:046E5F00000000002F
:046E6000000000002E
:046E6100000000002D
:046E6200000000002C
:046E6300000000002B
:046E6400000000002A
:046E65000000000029
:046E66000000000028
:046E67000000000027
:046E68000000000026
:046E69000000000025
:046E6A000000000024
:046E6B000000000023
:046E6C000000000022
:046E6D000000000021
:046E6E000000000020
:046E6F00000000001F
:046E7000000000001E
:046E7100000000001D
:046E7200000000001C
:046E7300000000001B
:046E7400000000001A
:046E75000000000019
:046E76000000000018
:046E77000000000017
:046E78000000000016
:046E79000000000015
:046E7A000000000014
:046E7B000000000013
:046E7C000000000012
:046E7D000000000011
:046E7E000000000010
:046E7F00000000000F
:046E8000000000000E
:046E8100000000000D
:046E8200000000000C
:046E8300000000000B
:046E8400000000000A
:046E85000000000009
:046E86000000000008
:046E87000000000007
:046E88000000000006
:046E89000000000005
:046E8A000000000004
:046E8B000000000003
:046E8C000000000002
:046E8D000000000001
:046E8E000000000000
:046E8F0000000000FF
:046E900000000000FE
:046E910000000000FD
:046E920000000000FC
:046E930000000000FB
:046E940000000000FA
:046E950000000000F9
:046E960000000000F8
:046E970000000000F7
:046E980000000000F6
:046E990000000000F5
:046E9A0000000000F4
:046E9B0000000000F3
:046E9C0000000000F2
:046E9D0000000000F1
:046E9E0000000000F0
:046E9F0000000000EF
:046EA00000000000EE
:046EA10000000000ED
:046EA20000000000EC
:046EA30000000000EB
:046EA40000000000EA
:046EA50000000000E9
:046EA60000000000E8
:046EA70000000000E7
:046EA80000000000E6
:046EA90000000000E5
:046EAA0000000000E4
:046EAB0000000000E3
:046EAC0000000000E2
:046EAD0000000000E1
:046EAE0000000000E0
:046EAF0000000000DF
:046EB00000000000DE
:046EB10000000000DD
:046EB20000000000DC
:046EB30000000000DB
:046EB40000000000DA
:046EB50000000000D9
:046EB60000000000D8
:046EB70000000000D7
:046EB80000000000D6
:046EB90000000000D5
:046EBA0000000000D4
:046EBB0000000000D3
:046EBC0000000000D2
:046EBD0000000000D1
:046EBE0000000000D0
:046EBF0000000000CF
:046EC00000000000CE
:046EC10000000000CD
:046EC20000000000CC
:046EC30000000000CB
:046EC40000000000CA
:046EC50000000000C9
:046EC60000000000C8
:046EC70000000000C7
:046EC80000000000C6
:046EC90000000000C5
:046ECA0000000000C4
:046ECB0000000000C3
:046ECC0000000000C2
:046ECD0000000000C1
:046ECE0000000000C0
:046ECF0000000000BF
:046ED00000000000BE
:046ED10000000000BD
:046ED20000000000BC
:046ED30000000000BB
:046ED40000000000BA
:046ED50000000000B9
:046ED60000000000B8
:046ED70000000000B7
:046ED80000000000B6
:046ED90000000000B5
:046EDA0000000000B4
:046EDB0000000000B3
:046EDC0000000000B2
:046EDD0000000000B1
:046EDE0000000000B0
:046EDF0000000000AF
:046EE00000000000AE
:046EE10000000000AD
:046EE20000000000AC
:046EE30000000000AB
:046EE40000000000AA
:046EE50000000000A9
:046EE60000000000A8
:046EE70000000000A7
:046EE80000000000A6
:046EE90000000000A5
:046EEA0000000000A4
:046EEB0000000000A3
:046EEC0000000000A2
:046EED0000000000A1
:046EEE0000000000A0
:046EEF00000000009F
:046EF000000000009E
:046EF100000000009D
:046EF200000000009C
:046EF300000000009B
:046EF400000000009A
:046EF5000000000099
:046EF6000000000098
:046EF7000000000097
:046EF8000000000096
:046EF9000000000095
:046EFA000000000094
:046EFB000000000093
:046EFC000000000092
:046EFD000000000091
:046EFE000000000090
:046EFF00000000008F
:046F0000000000008D
:046F0100000000008C
:046F0200000000008B
:046F0300000000008A
:046F04000000000089
:046F05000000000088
:046F06000000000087
:046F07000000000086
:046F08000000000085
:046F09000000000084
:046F0A000000000083
:046F0B000000000082
:046F0C000000000081
:046F0D000000000080
:046F0E00000000007F
:046F0F00000000007E
:046F1000000000007D
:046F1100000000007C
:046F1200000000007B
:046F1300000000007A
:046F14000000000079
:046F15000000000078
:046F16000000000077
:046F17000000000076
:046F18000000000075
:046F19000000000074
:046F1A000000000073
:046F1B000000000072
:046F1C000000000071
:046F1D000000000070
:046F1E00000000006F
:046F1F00000000006E
:046F2000000000006D
:046F2100000000006C
:046F2200000000006B
:046F2300000000006A
:046F24000000000069
:046F25000000000068
:046F26000000000067
:046F27000000000066
:046F28000000000065
:046F29000000000064
:046F2A000000000063
:046F2B000000000062
:046F2C000000000061
:046F2D000000000060
:046F2E00000000005F
:046F2F00000000005E
:046F3000000000005D
:046F3100000000005C
:046F3200000000005B
:046F3300000000005A
:046F34000000000059
:046F35000000000058
:046F36000000000057
:046F37000000000056
:046F38000000000055
:046F39000000000054
:046F3A000000000053
:046F3B000000000052
:046F3C000000000051
:046F3D000000000050
:046F3E00000000004F
:046F3F00000000004E
:046F4000000000004D
:046F4100000000004C
:046F4200000000004B
:046F4300000000004A
:046F44000000000049
:046F45000000000048
:046F46000000000047
:046F47000000000046
:046F48000000000045
:046F49000000000044
:046F4A000000000043
:046F4B000000000042
:046F4C000000000041
:046F4D000000000040
:046F4E00000000003F
:046F4F00000000003E
:046F5000000000003D
:046F5100000000003C
:046F5200000000003B
:046F5300000000003A
:046F54000000000039
:046F55000000000038
:046F56000000000037
:046F57000000000036
:046F58000000000035
:046F59000000000034
:046F5A000000000033
:046F5B000000000032
:046F5C000000000031
:046F5D000000000030
:046F5E00000000002F
:046F5F00000000002E
:046F6000000000002D
:046F6100000000002C
:046F6200000000002B
:046F6300000000002A
:046F64000000000029
:046F65000000000028
:046F66000000000027
:046F67000000000026
:046F68000000000025
:046F69000000000024
:046F6A000000000023
:046F6B000000000022
:046F6C000000000021
:046F6D000000000020
:046F6E00000000001F
:046F6F00000000001E
:046F7000000000001D
:046F7100000000001C
:046F7200000000001B
:046F7300000000001A
:046F74000000000019
:046F75000000000018
:046F76000000000017
:046F77000000000016
:046F78000000000015
:046F79000000000014
:046F7A000000000013
:046F7B000000000012
:046F7C000000000011
:046F7D000000000010
:046F7E00000000000F
:046F7F00000000000E
:046F8000000000000D
:046F8100000000000C
:046F8200000000000B
:046F8300000000000A
:046F84000000000009
:046F85000000000008
:046F86000000000007
:046F87000000000006
:046F88000000000005
:046F89000000000004
:046F8A000000000003
:046F8B000000000002
:046F8C000000000001
:046F8D000000000000
:046F8E0000000000FF
:046F8F0000000000FE
:046F900000000000FD
:046F910000000000FC
:046F920000000000FB
:046F930000000000FA
:046F940000000000F9
:046F950000000000F8
:046F960000000000F7
:046F970000000000F6
:046F980000000000F5
:046F990000000000F4
:046F9A0000000000F3
:046F9B0000000000F2
:046F9C0000000000F1
:046F9D0000000000F0
:046F9E0000000000EF
:046F9F0000000000EE
:046FA00000000000ED
:046FA10000000000EC
:046FA20000000000EB
:046FA30000000000EA
:046FA40000000000E9
:046FA50000000000E8
:046FA60000000000E7
:046FA70000000000E6
:046FA80000000000E5
:046FA90000000000E4
:046FAA0000000000E3
:046FAB0000000000E2
:046FAC0000000000E1
:046FAD0000000000E0
:046FAE0000000000DF
:046FAF0000000000DE
:046FB00000000000DD
:046FB10000000000DC
:046FB20000000000DB
:046FB30000000000DA
:046FB40000000000D9
:046FB50000000000D8
:046FB60000000000D7
:046FB70000000000D6
:046FB80000000000D5
:046FB90000000000D4
:046FBA0000000000D3
:046FBB0000000000D2
:046FBC0000000000D1
:046FBD0000000000D0
:046FBE0000000000CF
:046FBF0000000000CE
:046FC00000000000CD
:046FC10000000000CC
:046FC20000000000CB
:046FC30000000000CA
:046FC40000000000C9
:046FC50000000000C8
:046FC60000000000C7
:046FC70000000000C6
:046FC80000000000C5
:046FC90000000000C4
:046FCA0000000000C3
:046FCB0000000000C2
:046FCC0000000000C1
:046FCD0000000000C0
:046FCE0000000000BF
:046FCF0000000000BE
:046FD00000000000BD
:046FD10000000000BC
:046FD20000000000BB
:046FD30000000000BA
:046FD40000000000B9
:046FD50000000000B8
:046FD60000000000B7
:046FD70000000000B6
:046FD80000000000B5
:046FD90000000000B4
:046FDA0000000000B3
:046FDB0000000000B2
:046FDC0000000000B1
:046FDD0000000000B0
:046FDE0000000000AF
:046FDF0000000000AE
:046FE00000000000AD
:046FE10000000000AC
:046FE20000000000AB
:046FE30000000000AA
:046FE40000000000A9
:046FE50000000000A8
:046FE60000000000A7
:046FE70000000000A6
:046FE80000000000A5
:046FE90000000000A4
:046FEA0000000000A3
:046FEB0000000000A2
:046FEC0000000000A1
:046FED0000000000A0
:046FEE00000000009F
:046FEF00000000009E
:046FF000000000009D
:046FF100000000009C
:046FF200000000009B
:046FF300000000009A
:046FF4000000000099
:046FF5000000000098
:046FF6000000000097
:046FF7000000000096
:046FF8000000000095
:046FF9000000000094
:046FFA000000000093
:046FFB000000000092
:046FFC000000000091
:046FFD000000000090
:046FFE00000000008F
:046FFF00000000008E
:04700000000000008C
:04700100000000008B
:04700200000000008A
:047003000000000089
:047004000000000088
:047005000000000087
:047006000000000086
:047007000000000085
:047008000000000084
:047009000000000083
:04700A000000000082
:04700B000000000081
:04700C000000000080
:04700D00000000007F
:04700E00000000007E
:04700F00000000007D
:04701000000000007C
:04701100000000007B
:04701200000000007A
:047013000000000079
:047014000000000078
:047015000000000077
:047016000000000076
:047017000000000075
:047018000000000074
:047019000000000073
:04701A000000000072
:04701B000000000071
:04701C000000000070
:04701D00000000006F
:04701E00000000006E
:04701F00000000006D
:04702000000000006C
:04702100000000006B
:04702200000000006A
:047023000000000069
:047024000000000068
:047025000000000067
:047026000000000066
:047027000000000065
:047028000000000064
:047029000000000063
:04702A000000000062
:04702B000000000061
:04702C000000000060
:04702D00000000005F
:04702E00000000005E
:04702F00000000005D
:04703000000000005C
:04703100000000005B
:04703200000000005A
:047033000000000059
:047034000000000058
:047035000000000057
:047036000000000056
:047037000000000055
:047038000000000054
:047039000000000053
:04703A000000000052
:04703B000000000051
:04703C000000000050
:04703D00000000004F
:04703E00000000004E
:04703F00000000004D
:04704000000000004C
:04704100000000004B
:04704200000000004A
:047043000000000049
:047044000000000048
:047045000000000047
:047046000000000046
:047047000000000045
:047048000000000044
:047049000000000043
:04704A000000000042
:04704B000000000041
:04704C000000000040
:04704D00000000003F
:04704E00000000003E
:04704F00000000003D
:04705000000000003C
:04705100000000003B
:04705200000000003A
:047053000000000039
:047054000000000038
:047055000000000037
:047056000000000036
:047057000000000035
:047058000000000034
:047059000000000033
:04705A000000000032
:04705B000000000031
:04705C000000000030
:04705D00000000002F
:04705E00000000002E
:04705F00000000002D
:04706000000000002C
:04706100000000002B
:04706200000000002A
:047063000000000029
:047064000000000028
:047065000000000027
:047066000000000026
:047067000000000025
:047068000000000024
:047069000000000023
:04706A000000000022
:04706B000000000021
:04706C000000000020
:04706D00000000001F
:04706E00000000001E
:04706F00000000001D
:04707000000000001C
:04707100000000001B
:04707200000000001A
:047073000000000019
:047074000000000018
:047075000000000017
:047076000000000016
:047077000000000015
:047078000000000014
:047079000000000013
:04707A000000000012
:04707B000000000011
:04707C000000000010
:04707D00000000000F
:04707E00000000000E
:04707F00000000000D
:04708000000000000C
:04708100000000000B
:04708200000000000A
:047083000000000009
:047084000000000008
:047085000000000007
:047086000000000006
:047087000000000005
:047088000000000004
:047089000000000003
:04708A000000000002
:04708B000000000001
:04708C000000000000
:04708D0000000000FF
:04708E0000000000FE
:04708F0000000000FD
:0470900000000000FC
:0470910000000000FB
:0470920000000000FA
:0470930000000000F9
:0470940000000000F8
:0470950000000000F7
:0470960000000000F6
:0470970000000000F5
:0470980000000000F4
:0470990000000000F3
:04709A0000000000F2
:04709B0000000000F1
:04709C0000000000F0
:04709D0000000000EF
:04709E0000000000EE
:04709F0000000000ED
:0470A00000000000EC
:0470A10000000000EB
:0470A20000000000EA
:0470A30000000000E9
:0470A40000000000E8
:0470A50000000000E7
:0470A60000000000E6
:0470A70000000000E5
:0470A80000000000E4
:0470A90000000000E3
:0470AA0000000000E2
:0470AB0000000000E1
:0470AC0000000000E0
:0470AD0000000000DF
:0470AE0000000000DE
:0470AF0000000000DD
:0470B00000000000DC
:0470B10000000000DB
:0470B20000000000DA
:0470B30000000000D9
:0470B40000000000D8
:0470B50000000000D7
:0470B60000000000D6
:0470B70000000000D5
:0470B80000000000D4
:0470B90000000000D3
:0470BA0000000000D2
:0470BB0000000000D1
:0470BC0000000000D0
:0470BD0000000000CF
:0470BE0000000000CE
:0470BF0000000000CD
:0470C00000000000CC
:0470C10000000000CB
:0470C20000000000CA
:0470C30000000000C9
:0470C40000000000C8
:0470C50000000000C7
:0470C60000000000C6
:0470C70000000000C5
:0470C80000000000C4
:0470C90000000000C3
:0470CA0000000000C2
:0470CB0000000000C1
:0470CC0000000000C0
:0470CD0000000000BF
:0470CE0000000000BE
:0470CF0000000000BD
:0470D00000000000BC
:0470D10000000000BB
:0470D20000000000BA
:0470D30000000000B9
:0470D40000000000B8
:0470D50000000000B7
:0470D60000000000B6
:0470D70000000000B5
:0470D80000000000B4
:0470D90000000000B3
:0470DA0000000000B2
:0470DB0000000000B1
:0470DC0000000000B0
:0470DD0000000000AF
:0470DE0000000000AE
:0470DF0000000000AD
:0470E00000000000AC
:0470E10000000000AB
:0470E20000000000AA
:0470E30000000000A9
:0470E40000000000A8
:0470E50000000000A7
:0470E60000000000A6
:0470E70000000000A5
:0470E80000000000A4
:0470E90000000000A3
:0470EA0000000000A2
:0470EB0000000000A1
:0470EC0000000000A0
:0470ED00000000009F
:0470EE00000000009E
:0470EF00000000009D
:0470F000000000009C
:0470F100000000009B
:0470F200000000009A
:0470F3000000000099
:0470F4000000000098
:0470F5000000000097
:0470F6000000000096
:0470F7000000000095
:0470F8000000000094
:0470F9000000000093
:0470FA000000000092
:0470FB000000000091
:0470FC000000000090
:0470FD00000000008F
:0470FE00000000008E
:0470FF00000000008D
:04710000000000008B
:04710100000000008A
:047102000000000089
:047103000000000088
:047104000000000087
:047105000000000086
:047106000000000085
:047107000000000084
:047108000000000083
:047109000000000082
:04710A000000000081
:04710B000000000080
:04710C00000000007F
:04710D00000000007E
:04710E00000000007D
:04710F00000000007C
:04711000000000007B
:04711100000000007A
:047112000000000079
:047113000000000078
:047114000000000077
:047115000000000076
:047116000000000075
:047117000000000074
:047118000000000073
:047119000000000072
:04711A000000000071
:04711B000000000070
:04711C00000000006F
:04711D00000000006E
:04711E00000000006D
:04711F00000000006C
:04712000000000006B
:04712100000000006A
:047122000000000069
:047123000000000068
:047124000000000067
:047125000000000066
:047126000000000065
:047127000000000064
:047128000000000063
:047129000000000062
:04712A000000000061
:04712B000000000060
:04712C00000000005F
:04712D00000000005E
:04712E00000000005D
:04712F00000000005C
:04713000000000005B
:04713100000000005A
:047132000000000059
:047133000000000058
:047134000000000057
:047135000000000056
:047136000000000055
:047137000000000054
:047138000000000053
:047139000000000052
:04713A000000000051
:04713B000000000050
:04713C00000000004F
:04713D00000000004E
:04713E00000000004D
:04713F00000000004C
:04714000000000004B
:04714100000000004A
:047142000000000049
:047143000000000048
:047144000000000047
:047145000000000046
:047146000000000045
:047147000000000044
:047148000000000043
:047149000000000042
:04714A000000000041
:04714B000000000040
:04714C00000000003F
:04714D00000000003E
:04714E00000000003D
:04714F00000000003C
:04715000000000003B
:04715100000000003A
:047152000000000039
:047153000000000038
:047154000000000037
:047155000000000036
:047156000000000035
:047157000000000034
:047158000000000033
:047159000000000032
:04715A000000000031
:04715B000000000030
:04715C00000000002F
:04715D00000000002E
:04715E00000000002D
:04715F00000000002C
:04716000000000002B
:04716100000000002A
:047162000000000029
:047163000000000028
:047164000000000027
:047165000000000026
:047166000000000025
:047167000000000024
:047168000000000023
:047169000000000022
:04716A000000000021
:04716B000000000020
:04716C00000000001F
:04716D00000000001E
:04716E00000000001D
:04716F00000000001C
:04717000000000001B
:04717100000000001A
:047172000000000019
:047173000000000018
:047174000000000017
:047175000000000016
:047176000000000015
:047177000000000014
:047178000000000013
:047179000000000012
:04717A000000000011
:04717B000000000010
:04717C00000000000F
:04717D00000000000E
:04717E00000000000D
:04717F00000000000C
:04718000000000000B
:04718100000000000A
:047182000000000009
:047183000000000008
:047184000000000007
:047185000000000006
:047186000000000005
:047187000000000004
:047188000000000003
:047189000000000002
:04718A000000000001
:04718B000000000000
:04718C0000000000FF
:04718D0000000000FE
:04718E0000000000FD
:04718F0000000000FC
:0471900000000000FB
:0471910000000000FA
:0471920000000000F9
:0471930000000000F8
:0471940000000000F7
:0471950000000000F6
:0471960000000000F5
:0471970000000000F4
:0471980000000000F3
:0471990000000000F2
:04719A0000000000F1
:04719B0000000000F0
:04719C0000000000EF
:04719D0000000000EE
:04719E0000000000ED
:04719F0000000000EC
:0471A00000000000EB
:0471A10000000000EA
:0471A20000000000E9
:0471A30000000000E8
:0471A40000000000E7
:0471A50000000000E6
:0471A60000000000E5
:0471A70000000000E4
:0471A80000000000E3
:0471A90000000000E2
:0471AA0000000000E1
:0471AB0000000000E0
:0471AC0000000000DF
:0471AD0000000000DE
:0471AE0000000000DD
:0471AF0000000000DC
:0471B00000000000DB
:0471B10000000000DA
:0471B20000000000D9
:0471B30000000000D8
:0471B40000000000D7
:0471B50000000000D6
:0471B60000000000D5
:0471B70000000000D4
:0471B80000000000D3
:0471B90000000000D2
:0471BA0000000000D1
:0471BB0000000000D0
:0471BC0000000000CF
:0471BD0000000000CE
:0471BE0000000000CD
:0471BF0000000000CC
:0471C00000000000CB
:0471C10000000000CA
:0471C20000000000C9
:0471C30000000000C8
:0471C40000000000C7
:0471C50000000000C6
:0471C60000000000C5
:0471C70000000000C4
:0471C80000000000C3
:0471C90000000000C2
:0471CA0000000000C1
:0471CB0000000000C0
:0471CC0000000000BF
:0471CD0000000000BE
:0471CE0000000000BD
:0471CF0000000000BC
:0471D00000000000BB
:0471D10000000000BA
:0471D20000000000B9
:0471D30000000000B8
:0471D40000000000B7
:0471D50000000000B6
:0471D60000000000B5
:0471D70000000000B4
:0471D80000000000B3
:0471D90000000000B2
:0471DA0000000000B1
:0471DB0000000000B0
:0471DC0000000000AF
:0471DD0000000000AE
:0471DE0000000000AD
:0471DF0000000000AC
:0471E00000000000AB
:0471E10000000000AA
:0471E20000000000A9
:0471E30000000000A8
:0471E40000000000A7
:0471E50000000000A6
:0471E60000000000A5
:0471E70000000000A4
:0471E80000000000A3
:0471E90000000000A2
:0471EA0000000000A1
:0471EB0000000000A0
:0471EC00000000009F
:0471ED00000000009E
:0471EE00000000009D
:0471EF00000000009C
:0471F000000000009B
:0471F100000000009A
:0471F2000000000099
:0471F3000000000098
:0471F4000000000097
:0471F5000000000096
:0471F6000000000095
:0471F7000000000094
:0471F8000000000093
:0471F9000000000092
:0471FA000000000091
:0471FB000000000090
:0471FC00000000008F
:0471FD00000000008E
:0471FE00000000008D
:0471FF00000000008C
:04720000000000008A
:047201000000000089
:047202000000000088
:047203000000000087
:047204000000000086
:047205000000000085
:047206000000000084
:047207000000000083
:047208000000000082
:047209000000000081
:04720A000000000080
:04720B00000000007F
:04720C00000000007E
:04720D00000000007D
:04720E00000000007C
:04720F00000000007B
:04721000000000007A
:047211000000000079
:047212000000000078
:047213000000000077
:047214000000000076
:047215000000000075
:047216000000000074
:047217000000000073
:047218000000000072
:047219000000000071
:04721A000000000070
:04721B00000000006F
:04721C00000000006E
:04721D00000000006D
:04721E00000000006C
:04721F00000000006B
:04722000000000006A
:047221000000000069
:047222000000000068
:047223000000000067
:047224000000000066
:047225000000000065
:047226000000000064
:047227000000000063
:047228000000000062
:047229000000000061
:04722A000000000060
:04722B00000000005F
:04722C00000000005E
:04722D00000000005D
:04722E00000000005C
:04722F00000000005B
:04723000000000005A
:047231000000000059
:047232000000000058
:047233000000000057
:047234000000000056
:047235000000000055
:047236000000000054
:047237000000000053
:047238000000000052
:047239000000000051
:04723A000000000050
:04723B00000000004F
:04723C00000000004E
:04723D00000000004D
:04723E00000000004C
:04723F00000000004B
:04724000000000004A
:047241000000000049
:047242000000000048
:047243000000000047
:047244000000000046
:047245000000000045
:047246000000000044
:047247000000000043
:047248000000000042
:047249000000000041
:04724A000000000040
:04724B00000000003F
:04724C00000000003E
:04724D00000000003D
:04724E00000000003C
:04724F00000000003B
:04725000000000003A
:047251000000000039
:047252000000000038
:047253000000000037
:047254000000000036
:047255000000000035
:047256000000000034
:047257000000000033
:047258000000000032
:047259000000000031
:04725A000000000030
:04725B00000000002F
:04725C00000000002E
:04725D00000000002D
:04725E00000000002C
:04725F00000000002B
:04726000000000002A
:047261000000000029
:047262000000000028
:047263000000000027
:047264000000000026
:047265000000000025
:047266000000000024
:047267000000000023
:047268000000000022
:047269000000000021
:04726A000000000020
:04726B00000000001F
:04726C00000000001E
:04726D00000000001D
:04726E00000000001C
:04726F00000000001B
:04727000000000001A
:047271000000000019
:047272000000000018
:047273000000000017
:047274000000000016
:047275000000000015
:047276000000000014
:047277000000000013
:047278000000000012
:047279000000000011
:04727A000000000010
:04727B00000000000F
:04727C00000000000E
:04727D00000000000D
:04727E00000000000C
:04727F00000000000B
:04728000000000000A
:047281000000000009
:047282000000000008
:047283000000000007
:047284000000000006
:047285000000000005
:047286000000000004
:047287000000000003
:047288000000000002
:047289000000000001
:04728A000000000000
:04728B0000000000FF
:04728C0000000000FE
:04728D0000000000FD
:04728E0000000000FC
:04728F0000000000FB
:0472900000000000FA
:0472910000000000F9
:0472920000000000F8
:0472930000000000F7
:0472940000000000F6
:0472950000000000F5
:0472960000000000F4
:0472970000000000F3
:0472980000000000F2
:0472990000000000F1
:04729A0000000000F0
:04729B0000000000EF
:04729C0000000000EE
:04729D0000000000ED
:04729E0000000000EC
:04729F0000000000EB
:0472A00000000000EA
:0472A10000000000E9
:0472A20000000000E8
:0472A30000000000E7
:0472A40000000000E6
:0472A50000000000E5
:0472A60000000000E4
:0472A70000000000E3
:0472A80000000000E2
:0472A90000000000E1
:0472AA0000000000E0
:0472AB0000000000DF
:0472AC0000000000DE
:0472AD0000000000DD
:0472AE0000000000DC
:0472AF0000000000DB
:0472B00000000000DA
:0472B10000000000D9
:0472B20000000000D8
:0472B30000000000D7
:0472B40000000000D6
:0472B50000000000D5
:0472B60000000000D4
:0472B70000000000D3
:0472B80000000000D2
:0472B90000000000D1
:0472BA0000000000D0
:0472BB0000000000CF
:0472BC0000000000CE
:0472BD0000000000CD
:0472BE0000000000CC
:0472BF0000000000CB
:0472C00000000000CA
:0472C10000000000C9
:0472C20000000000C8
:0472C30000000000C7
:0472C40000000000C6
:0472C50000000000C5
:0472C60000000000C4
:0472C70000000000C3
:0472C80000000000C2
:0472C90000000000C1
:0472CA0000000000C0
:0472CB0000000000BF
:0472CC0000000000BE
:0472CD0000000000BD
:0472CE0000000000BC
:0472CF0000000000BB
:0472D00000000000BA
:0472D10000000000B9
:0472D20000000000B8
:0472D30000000000B7
:0472D40000000000B6
:0472D50000000000B5
:0472D60000000000B4
:0472D70000000000B3
:0472D80000000000B2
:0472D90000000000B1
:0472DA0000000000B0
:0472DB0000000000AF
:0472DC0000000000AE
:0472DD0000000000AD
:0472DE0000000000AC
:0472DF0000000000AB
:0472E00000000000AA
:0472E10000000000A9
:0472E20000000000A8
:0472E30000000000A7
:0472E40000000000A6
:0472E50000000000A5
:0472E60000000000A4
:0472E70000000000A3
:0472E80000000000A2
:0472E90000000000A1
:0472EA0000000000A0
:0472EB00000000009F
:0472EC00000000009E
:0472ED00000000009D
:0472EE00000000009C
:0472EF00000000009B
:0472F000000000009A
:0472F1000000000099
:0472F2000000000098
:0472F3000000000097
:0472F4000000000096
:0472F5000000000095
:0472F6000000000094
:0472F7000000000093
:0472F8000000000092
:0472F9000000000091
:0472FA000000000090
:0472FB00000000008F
:0472FC00000000008E
:0472FD00000000008D
:0472FE00000000008C
:0472FF00000000008B
:047300000000000089
:047301000000000088
:047302000000000087
:047303000000000086
:047304000000000085
:047305000000000084
:047306000000000083
:047307000000000082
:047308000000000081
:047309000000000080
:04730A00000000007F
:04730B00000000007E
:04730C00000000007D
:04730D00000000007C
:04730E00000000007B
:04730F00000000007A
:047310000000000079
:047311000000000078
:047312000000000077
:047313000000000076
:047314000000000075
:047315000000000074
:047316000000000073
:047317000000000072
:047318000000000071
:047319000000000070
:04731A00000000006F
:04731B00000000006E
:04731C00000000006D
:04731D00000000006C
:04731E00000000006B
:04731F00000000006A
:047320000000000069
:047321000000000068
:047322000000000067
:047323000000000066
:047324000000000065
:047325000000000064
:047326000000000063
:047327000000000062
:047328000000000061
:047329000000000060
:04732A00000000005F
:04732B00000000005E
:04732C00000000005D
:04732D00000000005C
:04732E00000000005B
:04732F00000000005A
:047330000000000059
:047331000000000058
:047332000000000057
:047333000000000056
:047334000000000055
:047335000000000054
:047336000000000053
:047337000000000052
:047338000000000051
:047339000000000050
:04733A00000000004F
:04733B00000000004E
:04733C00000000004D
:04733D00000000004C
:04733E00000000004B
:04733F00000000004A
:047340000000000049
:047341000000000048
:047342000000000047
:047343000000000046
:047344000000000045
:047345000000000044
:047346000000000043
:047347000000000042
:047348000000000041
:047349000000000040
:04734A00000000003F
:04734B00000000003E
:04734C00000000003D
:04734D00000000003C
:04734E00000000003B
:04734F00000000003A
:047350000000000039
:047351000000000038
:047352000000000037
:047353000000000036
:047354000000000035
:047355000000000034
:047356000000000033
:047357000000000032
:047358000000000031
:047359000000000030
:04735A00000000002F
:04735B00000000002E
:04735C00000000002D
:04735D00000000002C
:04735E00000000002B
:04735F00000000002A
:047360000000000029
:047361000000000028
:047362000000000027
:047363000000000026
:047364000000000025
:047365000000000024
:047366000000000023
:047367000000000022
:047368000000000021
:047369000000000020
:04736A00000000001F
:04736B00000000001E
:04736C00000000001D
:04736D00000000001C
:04736E00000000001B
:04736F00000000001A
:047370000000000019
:047371000000000018
:047372000000000017
:047373000000000016
:047374000000000015
:047375000000000014
:047376000000000013
:047377000000000012
:047378000000000011
:047379000000000010
:04737A00000000000F
:04737B00000000000E
:04737C00000000000D
:04737D00000000000C
:04737E00000000000B
:04737F00000000000A
:047380000000000009
:047381000000000008
:047382000000000007
:047383000000000006
:047384000000000005
:047385000000000004
:047386000000000003
:047387000000000002
:047388000000000001
:047389000000000000
:04738A0000000000FF
:04738B0000000000FE
:04738C0000000000FD
:04738D0000000000FC
:04738E0000000000FB
:04738F0000000000FA
:0473900000000000F9
:0473910000000000F8
:0473920000000000F7
:0473930000000000F6
:0473940000000000F5
:0473950000000000F4
:0473960000000000F3
:0473970000000000F2
:0473980000000000F1
:0473990000000000F0
:04739A0000000000EF
:04739B0000000000EE
:04739C0000000000ED
:04739D0000000000EC
:04739E0000000000EB
:04739F0000000000EA
:0473A00000000000E9
:0473A10000000000E8
:0473A20000000000E7
:0473A30000000000E6
:0473A40000000000E5
:0473A50000000000E4
:0473A60000000000E3
:0473A70000000000E2
:0473A80000000000E1
:0473A90000000000E0
:0473AA0000000000DF
:0473AB0000000000DE
:0473AC0000000000DD
:0473AD0000000000DC
:0473AE0000000000DB
:0473AF0000000000DA
:0473B00000000000D9
:0473B10000000000D8
:0473B20000000000D7
:0473B30000000000D6
:0473B40000000000D5
:0473B50000000000D4
:0473B60000000000D3
:0473B70000000000D2
:0473B80000000000D1
:0473B90000000000D0
:0473BA0000000000CF
:0473BB0000000000CE
:0473BC0000000000CD
:0473BD0000000000CC
:0473BE0000000000CB
:0473BF0000000000CA
:0473C00000000000C9
:0473C10000000000C8
:0473C20000000000C7
:0473C30000000000C6
:0473C40000000000C5
:0473C50000000000C4
:0473C60000000000C3
:0473C70000000000C2
:0473C80000000000C1
:0473C90000000000C0
:0473CA0000000000BF
:0473CB0000000000BE
:0473CC0000000000BD
:0473CD0000000000BC
:0473CE0000000000BB
:0473CF0000000000BA
:0473D00000000000B9
:0473D10000000000B8
:0473D20000000000B7
:0473D30000000000B6
:0473D40000000000B5
:0473D50000000000B4
:0473D60000000000B3
:0473D70000000000B2
:0473D80000000000B1
:0473D90000000000B0
:0473DA0000000000AF
:0473DB0000000000AE
:0473DC0000000000AD
:0473DD0000000000AC
:0473DE0000000000AB
:0473DF0000000000AA
:0473E00000000000A9
:0473E10000000000A8
:0473E20000000000A7
:0473E30000000000A6
:0473E40000000000A5
:0473E50000000000A4
:0473E60000000000A3
:0473E70000000000A2
:0473E80000000000A1
:0473E90000000000A0
:0473EA00000000009F
:0473EB00000000009E
:0473EC00000000009D
:0473ED00000000009C
:0473EE00000000009B
:0473EF00000000009A
:0473F0000000000099
:0473F1000000000098
:0473F2000000000097
:0473F3000000000096
:0473F4000000000095
:0473F5000000000094
:0473F6000000000093
:0473F7000000000092
:0473F8000000000091
:0473F9000000000090
:0473FA00000000008F
:0473FB00000000008E
:0473FC00000000008D
:0473FD00000000008C
:0473FE00000000008B
:0473FF00000000008A
:047400000000000088
:047401000000000087
:047402000000000086
:047403000000000085
:047404000000000084
:047405000000000083
:047406000000000082
:047407000000000081
:047408000000000080
:04740900000000007F
:04740A00000000007E
:04740B00000000007D
:04740C00000000007C
:04740D00000000007B
:04740E00000000007A
:04740F000000000079
:047410000000000078
:047411000000000077
:047412000000000076
:047413000000000075
:047414000000000074
:047415000000000073
:047416000000000072
:047417000000000071
:047418000000000070
:04741900000000006F
:04741A00000000006E
:04741B00000000006D
:04741C00000000006C
:04741D00000000006B
:04741E00000000006A
:04741F000000000069
:047420000000000068
:047421000000000067
:047422000000000066
:047423000000000065
:047424000000000064
:047425000000000063
:047426000000000062
:047427000000000061
:047428000000000060
:04742900000000005F
:04742A00000000005E
:04742B00000000005D
:04742C00000000005C
:04742D00000000005B
:04742E00000000005A
:04742F000000000059
:047430000000000058
:047431000000000057
:047432000000000056
:047433000000000055
:047434000000000054
:047435000000000053
:047436000000000052
:047437000000000051
:047438000000000050
:04743900000000004F
:04743A00000000004E
:04743B00000000004D
:04743C00000000004C
:04743D00000000004B
:04743E00000000004A
:04743F000000000049
:047440000000000048
:047441000000000047
:047442000000000046
:047443000000000045
:047444000000000044
:047445000000000043
:047446000000000042
:047447000000000041
:047448000000000040
:04744900000000003F
:04744A00000000003E
:04744B00000000003D
:04744C00000000003C
:04744D00000000003B
:04744E00000000003A
:04744F000000000039
:047450000000000038
:047451000000000037
:047452000000000036
:047453000000000035
:047454000000000034
:047455000000000033
:047456000000000032
:047457000000000031
:047458000000000030
:04745900000000002F
:04745A00000000002E
:04745B00000000002D
:04745C00000000002C
:04745D00000000002B
:04745E00000000002A
:04745F000000000029
:047460000000000028
:047461000000000027
:047462000000000026
:047463000000000025
:047464000000000024
:047465000000000023
:047466000000000022
:047467000000000021
:047468000000000020
:04746900000000001F
:04746A00000000001E
:04746B00000000001D
:04746C00000000001C
:04746D00000000001B
:04746E00000000001A
:04746F000000000019
:047470000000000018
:047471000000000017
:047472000000000016
:047473000000000015
:047474000000000014
:047475000000000013
:047476000000000012
:047477000000000011
:047478000000000010
:04747900000000000F
:04747A00000000000E
:04747B00000000000D
:04747C00000000000C
:04747D00000000000B
:04747E00000000000A
:04747F000000000009
:047480000000000008
:047481000000000007
:047482000000000006
:047483000000000005
:047484000000000004
:047485000000000003
:047486000000000002
:047487000000000001
:047488000000000000
:0474890000000000FF
:04748A0000000000FE
:04748B0000000000FD
:04748C0000000000FC
:04748D0000000000FB
:04748E0000000000FA
:04748F0000000000F9
:0474900000000000F8
:0474910000000000F7
:0474920000000000F6
:0474930000000000F5
:0474940000000000F4
:0474950000000000F3
:0474960000000000F2
:0474970000000000F1
:0474980000000000F0
:0474990000000000EF
:04749A0000000000EE
:04749B0000000000ED
:04749C0000000000EC
:04749D0000000000EB
:04749E0000000000EA
:04749F0000000000E9
:0474A00000000000E8
:0474A10000000000E7
:0474A20000000000E6
:0474A30000000000E5
:0474A40000000000E4
:0474A50000000000E3
:0474A60000000000E2
:0474A70000000000E1
:0474A80000000000E0
:0474A90000000000DF
:0474AA0000000000DE
:0474AB0000000000DD
:0474AC0000000000DC
:0474AD0000000000DB
:0474AE0000000000DA
:0474AF0000000000D9
:0474B00000000000D8
:0474B10000000000D7
:0474B20000000000D6
:0474B30000000000D5
:0474B40000000000D4
:0474B50000000000D3
:0474B60000000000D2
:0474B70000000000D1
:0474B80000000000D0
:0474B90000000000CF
:0474BA0000000000CE
:0474BB0000000000CD
:0474BC0000000000CC
:0474BD0000000000CB
:0474BE0000000000CA
:0474BF0000000000C9
:0474C00000000000C8
:0474C10000000000C7
:0474C20000000000C6
:0474C30000000000C5
:0474C40000000000C4
:0474C50000000000C3
:0474C60000000000C2
:0474C70000000000C1
:0474C80000000000C0
:0474C90000000000BF
:0474CA0000000000BE
:0474CB0000000000BD
:0474CC0000000000BC
:0474CD0000000000BB
:0474CE0000000000BA
:0474CF0000000000B9
:0474D00000000000B8
:0474D10000000000B7
:0474D20000000000B6
:0474D30000000000B5
:0474D40000000000B4
:0474D50000000000B3
:0474D60000000000B2
:0474D70000000000B1
:0474D80000000000B0
:0474D90000000000AF
:0474DA0000000000AE
:0474DB0000000000AD
:0474DC0000000000AC
:0474DD0000000000AB
:0474DE0000000000AA
:0474DF0000000000A9
:0474E00000000000A8
:0474E10000000000A7
:0474E20000000000A6
:0474E30000000000A5
:0474E40000000000A4
:0474E50000000000A3
:0474E60000000000A2
:0474E70000000000A1
:0474E80000000000A0
:0474E900000000009F
:0474EA00000000009E
:0474EB00000000009D
:0474EC00000000009C
:0474ED00000000009B
:0474EE00000000009A
:0474EF000000000099
:0474F0000000000098
:0474F1000000000097
:0474F2000000000096
:0474F3000000000095
:0474F4000000000094
:0474F5000000000093
:0474F6000000000092
:0474F7000000000091
:0474F8000000000090
:0474F900000000008F
:0474FA00000000008E
:0474FB00000000008D
:0474FC00000000008C
:0474FD00000000008B
:0474FE00000000008A
:0474FF000000000089
:047500000000000087
:047501000000000086
:047502000000000085
:047503000000000084
:047504000000000083
:047505000000000082
:047506000000000081
:047507000000000080
:04750800000000007F
:04750900000000007E
:04750A00000000007D
:04750B00000000007C
:04750C00000000007B
:04750D00000000007A
:04750E000000000079
:04750F000000000078
:047510000000000077
:047511000000000076
:047512000000000075
:047513000000000074
:047514000000000073
:047515000000000072
:047516000000000071
:047517000000000070
:04751800000000006F
:04751900000000006E
:04751A00000000006D
:04751B00000000006C
:04751C00000000006B
:04751D00000000006A
:04751E000000000069
:04751F000000000068
:047520000000000067
:047521000000000066
:047522000000000065
:047523000000000064
:047524000000000063
:047525000000000062
:047526000000000061
:047527000000000060
:04752800000000005F
:04752900000000005E
:04752A00000000005D
:04752B00000000005C
:04752C00000000005B
:04752D00000000005A
:04752E000000000059
:04752F000000000058
:047530000000000057
:047531000000000056
:047532000000000055
:047533000000000054
:047534000000000053
:047535000000000052
:047536000000000051
:047537000000000050
:04753800000000004F
:04753900000000004E
:04753A00000000004D
:04753B00000000004C
:04753C00000000004B
:04753D00000000004A
:04753E000000000049
:04753F000000000048
:047540000000000047
:047541000000000046
:047542000000000045
:047543000000000044
:047544000000000043
:047545000000000042
:047546000000000041
:047547000000000040
:04754800000000003F
:04754900000000003E
:04754A00000000003D
:04754B00000000003C
:04754C00000000003B
:04754D00000000003A
:04754E000000000039
:04754F000000000038
:047550000000000037
:047551000000000036
:047552000000000035
:047553000000000034
:047554000000000033
:047555000000000032
:047556000000000031
:047557000000000030
:04755800000000002F
:04755900000000002E
:04755A00000000002D
:04755B00000000002C
:04755C00000000002B
:04755D00000000002A
:04755E000000000029
:04755F000000000028
:047560000000000027
:047561000000000026
:047562000000000025
:047563000000000024
:047564000000000023
:047565000000000022
:047566000000000021
:047567000000000020
:04756800000000001F
:04756900000000001E
:04756A00000000001D
:04756B00000000001C
:04756C00000000001B
:04756D00000000001A
:04756E000000000019
:04756F000000000018
:047570000000000017
:047571000000000016
:047572000000000015
:047573000000000014
:047574000000000013
:047575000000000012
:047576000000000011
:047577000000000010
:04757800000000000F
:04757900000000000E
:04757A00000000000D
:04757B00000000000C
:04757C00000000000B
:04757D00000000000A
:04757E000000000009
:04757F000000000008
:047580000000000007
:047581000000000006
:047582000000000005
:047583000000000004
:047584000000000003
:047585000000000002
:047586000000000001
:047587000000000000
:0475880000000000FF
:0475890000000000FE
:04758A0000000000FD
:04758B0000000000FC
:04758C0000000000FB
:04758D0000000000FA
:04758E0000000000F9
:04758F0000000000F8
:0475900000000000F7
:0475910000000000F6
:0475920000000000F5
:0475930000000000F4
:0475940000000000F3
:0475950000000000F2
:0475960000000000F1
:0475970000000000F0
:0475980000000000EF
:0475990000000000EE
:04759A0000000000ED
:04759B0000000000EC
:04759C0000000000EB
:04759D0000000000EA
:04759E0000000000E9
:04759F0000000000E8
:0475A00000000000E7
:0475A10000000000E6
:0475A20000000000E5
:0475A30000000000E4
:0475A40000000000E3
:0475A50000000000E2
:0475A60000000000E1
:0475A70000000000E0
:0475A80000000000DF
:0475A90000000000DE
:0475AA0000000000DD
:0475AB0000000000DC
:0475AC0000000000DB
:0475AD0000000000DA
:0475AE0000000000D9
:0475AF0000000000D8
:0475B00000000000D7
:0475B10000000000D6
:0475B20000000000D5
:0475B30000000000D4
:0475B40000000000D3
:0475B50000000000D2
:0475B60000000000D1
:0475B70000000000D0
:0475B80000000000CF
:0475B90000000000CE
:0475BA0000000000CD
:0475BB0000000000CC
:0475BC0000000000CB
:0475BD0000000000CA
:0475BE0000000000C9
:0475BF0000000000C8
:0475C00000000000C7
:0475C10000000000C6
:0475C20000000000C5
:0475C30000000000C4
:0475C40000000000C3
:0475C50000000000C2
:0475C60000000000C1
:0475C70000000000C0
:0475C80000000000BF
:0475C90000000000BE
:0475CA0000000000BD
:0475CB0000000000BC
:0475CC0000000000BB
:0475CD0000000000BA
:0475CE0000000000B9
:0475CF0000000000B8
:0475D00000000000B7
:0475D10000000000B6
:0475D20000000000B5
:0475D30000000000B4
:0475D40000000000B3
:0475D50000000000B2
:0475D60000000000B1
:0475D70000000000B0
:0475D80000000000AF
:0475D90000000000AE
:0475DA0000000000AD
:0475DB0000000000AC
:0475DC0000000000AB
:0475DD0000000000AA
:0475DE0000000000A9
:0475DF0000000000A8
:0475E00000000000A7
:0475E10000000000A6
:0475E20000000000A5
:0475E30000000000A4
:0475E40000000000A3
:0475E50000000000A2
:0475E60000000000A1
:0475E70000000000A0
:0475E800000000009F
:0475E900000000009E
:0475EA00000000009D
:0475EB00000000009C
:0475EC00000000009B
:0475ED00000000009A
:0475EE000000000099
:0475EF000000000098
:0475F0000000000097
:0475F1000000000096
:0475F2000000000095
:0475F3000000000094
:0475F4000000000093
:0475F5000000000092
:0475F6000000000091
:0475F7000000000090
:0475F800000000008F
:0475F900000000008E
:0475FA00000000008D
:0475FB00000000008C
:0475FC00000000008B
:0475FD00000000008A
:0475FE000000000089
:0475FF000000000088
:047600000000000086
:047601000000000085
:047602000000000084
:047603000000000083
:047604000000000082
:047605000000000081
:047606000000000080
:04760700000000007F
:04760800000000007E
:04760900000000007D
:04760A00000000007C
:04760B00000000007B
:04760C00000000007A
:04760D000000000079
:04760E000000000078
:04760F000000000077
:047610000000000076
:047611000000000075
:047612000000000074
:047613000000000073
:047614000000000072
:047615000000000071
:047616000000000070
:04761700000000006F
:04761800000000006E
:04761900000000006D
:04761A00000000006C
:04761B00000000006B
:04761C00000000006A
:04761D000000000069
:04761E000000000068
:04761F000000000067
:047620000000000066
:047621000000000065
:047622000000000064
:047623000000000063
:047624000000000062
:047625000000000061
:047626000000000060
:04762700000000005F
:04762800000000005E
:04762900000000005D
:04762A00000000005C
:04762B00000000005B
:04762C00000000005A
:04762D000000000059
:04762E000000000058
:04762F000000000057
:047630000000000056
:047631000000000055
:047632000000000054
:047633000000000053
:047634000000000052
:047635000000000051
:047636000000000050
:04763700000000004F
:04763800000000004E
:04763900000000004D
:04763A00000000004C
:04763B00000000004B
:04763C00000000004A
:04763D000000000049
:04763E000000000048
:04763F000000000047
:047640000000000046
:047641000000000045
:047642000000000044
:047643000000000043
:047644000000000042
:047645000000000041
:047646000000000040
:04764700000000003F
:04764800000000003E
:04764900000000003D
:04764A00000000003C
:04764B00000000003B
:04764C00000000003A
:04764D000000000039
:04764E000000000038
:04764F000000000037
:047650000000000036
:047651000000000035
:047652000000000034
:047653000000000033
:047654000000000032
:047655000000000031
:047656000000000030
:04765700000000002F
:04765800000000002E
:04765900000000002D
:04765A00000000002C
:04765B00000000002B
:04765C00000000002A
:04765D000000000029
:04765E000000000028
:04765F000000000027
:047660000000000026
:047661000000000025
:047662000000000024
:047663000000000023
:047664000000000022
:047665000000000021
:047666000000000020
:04766700000000001F
:04766800000000001E
:04766900000000001D
:04766A00000000001C
:04766B00000000001B
:04766C00000000001A
:04766D000000000019
:04766E000000000018
:04766F000000000017
:047670000000000016
:047671000000000015
:047672000000000014
:047673000000000013
:047674000000000012
:047675000000000011
:047676000000000010
:04767700000000000F
:04767800000000000E
:04767900000000000D
:04767A00000000000C
:04767B00000000000B
:04767C00000000000A
:04767D000000000009
:04767E000000000008
:04767F000000000007
:047680000000000006
:047681000000000005
:047682000000000004
:047683000000000003
:047684000000000002
:047685000000000001
:047686000000000000
:0476870000000000FF
:0476880000000000FE
:0476890000000000FD
:04768A0000000000FC
:04768B0000000000FB
:04768C0000000000FA
:04768D0000000000F9
:04768E0000000000F8
:04768F0000000000F7
:0476900000000000F6
:0476910000000000F5
:0476920000000000F4
:0476930000000000F3
:0476940000000000F2
:0476950000000000F1
:0476960000000000F0
:0476970000000000EF
:0476980000000000EE
:0476990000000000ED
:04769A0000000000EC
:04769B0000000000EB
:04769C0000000000EA
:04769D0000000000E9
:04769E0000000000E8
:04769F0000000000E7
:0476A00000000000E6
:0476A10000000000E5
:0476A20000000000E4
:0476A30000000000E3
:0476A40000000000E2
:0476A50000000000E1
:0476A60000000000E0
:0476A70000000000DF
:0476A80000000000DE
:0476A90000000000DD
:0476AA0000000000DC
:0476AB0000000000DB
:0476AC0000000000DA
:0476AD0000000000D9
:0476AE0000000000D8
:0476AF0000000000D7
:0476B00000000000D6
:0476B10000000000D5
:0476B20000000000D4
:0476B30000000000D3
:0476B40000000000D2
:0476B50000000000D1
:0476B60000000000D0
:0476B70000000000CF
:0476B80000000000CE
:0476B90000000000CD
:0476BA0000000000CC
:0476BB0000000000CB
:0476BC0000000000CA
:0476BD0000000000C9
:0476BE0000000000C8
:0476BF0000000000C7
:0476C00000000000C6
:0476C10000000000C5
:0476C20000000000C4
:0476C30000000000C3
:0476C40000000000C2
:0476C50000000000C1
:0476C60000000000C0
:0476C70000000000BF
:0476C80000000000BE
:0476C90000000000BD
:0476CA0000000000BC
:0476CB0000000000BB
:0476CC0000000000BA
:0476CD0000000000B9
:0476CE0000000000B8
:0476CF0000000000B7
:0476D00000000000B6
:0476D10000000000B5
:0476D20000000000B4
:0476D30000000000B3
:0476D40000000000B2
:0476D50000000000B1
:0476D60000000000B0
:0476D70000000000AF
:0476D80000000000AE
:0476D90000000000AD
:0476DA0000000000AC
:0476DB0000000000AB
:0476DC0000000000AA
:0476DD0000000000A9
:0476DE0000000000A8
:0476DF0000000000A7
:0476E00000000000A6
:0476E10000000000A5
:0476E20000000000A4
:0476E30000000000A3
:0476E40000000000A2
:0476E50000000000A1
:0476E60000000000A0
:0476E700000000009F
:0476E800000000009E
:0476E900000000009D
:0476EA00000000009C
:0476EB00000000009B
:0476EC00000000009A
:0476ED000000000099
:0476EE000000000098
:0476EF000000000097
:0476F0000000000096
:0476F1000000000095
:0476F2000000000094
:0476F3000000000093
:0476F4000000000092
:0476F5000000000091
:0476F6000000000090
:0476F700000000008F
:0476F800000000008E
:0476F900000000008D
:0476FA00000000008C
:0476FB00000000008B
:0476FC00000000008A
:0476FD000000000089
:0476FE000000000088
:0476FF000000000087
:047700000000000085
:047701000000000084
:047702000000000083
:047703000000000082
:047704000000000081
:047705000000000080
:04770600000000007F
:04770700000000007E
:04770800000000007D
:04770900000000007C
:04770A00000000007B
:04770B00000000007A
:04770C000000000079
:04770D000000000078
:04770E000000000077
:04770F000000000076
:047710000000000075
:047711000000000074
:047712000000000073
:047713000000000072
:047714000000000071
:047715000000000070
:04771600000000006F
:04771700000000006E
:04771800000000006D
:04771900000000006C
:04771A00000000006B
:04771B00000000006A
:04771C000000000069
:04771D000000000068
:04771E000000000067
:04771F000000000066
:047720000000000065
:047721000000000064
:047722000000000063
:047723000000000062
:047724000000000061
:047725000000000060
:04772600000000005F
:04772700000000005E
:04772800000000005D
:04772900000000005C
:04772A00000000005B
:04772B00000000005A
:04772C000000000059
:04772D000000000058
:04772E000000000057
:04772F000000000056
:047730000000000055
:047731000000000054
:047732000000000053
:047733000000000052
:047734000000000051
:047735000000000050
:04773600000000004F
:04773700000000004E
:04773800000000004D
:04773900000000004C
:04773A00000000004B
:04773B00000000004A
:04773C000000000049
:04773D000000000048
:04773E000000000047
:04773F000000000046
:047740000000000045
:047741000000000044
:047742000000000043
:047743000000000042
:047744000000000041
:047745000000000040
:04774600000000003F
:04774700000000003E
:04774800000000003D
:04774900000000003C
:04774A00000000003B
:04774B00000000003A
:04774C000000000039
:04774D000000000038
:04774E000000000037
:04774F000000000036
:047750000000000035
:047751000000000034
:047752000000000033
:047753000000000032
:047754000000000031
:047755000000000030
:04775600000000002F
:04775700000000002E
:04775800000000002D
:04775900000000002C
:04775A00000000002B
:04775B00000000002A
:04775C000000000029
:04775D000000000028
:04775E000000000027
:04775F000000000026
:047760000000000025
:047761000000000024
:047762000000000023
:047763000000000022
:047764000000000021
:047765000000000020
:04776600000000001F
:04776700000000001E
:04776800000000001D
:04776900000000001C
:04776A00000000001B
:04776B00000000001A
:04776C000000000019
:04776D000000000018
:04776E000000000017
:04776F000000000016
:047770000000000015
:047771000000000014
:047772000000000013
:047773000000000012
:047774000000000011
:047775000000000010
:04777600000000000F
:04777700000000000E
:04777800000000000D
:04777900000000000C
:04777A00000000000B
:04777B00000000000A
:04777C000000000009
:04777D000000000008
:04777E000000000007
:04777F000000000006
:047780000000000005
:047781000000000004
:047782000000000003
:047783000000000002
:047784000000000001
:047785000000000000
:0477860000000000FF
:0477870000000000FE
:0477880000000000FD
:0477890000000000FC
:04778A0000000000FB
:04778B0000000000FA
:04778C0000000000F9
:04778D0000000000F8
:04778E0000000000F7
:04778F0000000000F6
:0477900000000000F5
:0477910000000000F4
:0477920000000000F3
:0477930000000000F2
:0477940000000000F1
:0477950000000000F0
:0477960000000000EF
:0477970000000000EE
:0477980000000000ED
:0477990000000000EC
:04779A0000000000EB
:04779B0000000000EA
:04779C0000000000E9
:04779D0000000000E8
:04779E0000000000E7
:04779F0000000000E6
:0477A00000000000E5
:0477A10000000000E4
:0477A20000000000E3
:0477A30000000000E2
:0477A40000000000E1
:0477A50000000000E0
:0477A60000000000DF
:0477A70000000000DE
:0477A80000000000DD
:0477A90000000000DC
:0477AA0000000000DB
:0477AB0000000000DA
:0477AC0000000000D9
:0477AD0000000000D8
:0477AE0000000000D7
:0477AF0000000000D6
:0477B00000000000D5
:0477B10000000000D4
:0477B20000000000D3
:0477B30000000000D2
:0477B40000000000D1
:0477B50000000000D0
:0477B60000000000CF
:0477B70000000000CE
:0477B80000000000CD
:0477B90000000000CC
:0477BA0000000000CB
:0477BB0000000000CA
:0477BC0000000000C9
:0477BD0000000000C8
:0477BE0000000000C7
:0477BF0000000000C6
:0477C00000000000C5
:0477C10000000000C4
:0477C20000000000C3
:0477C30000000000C2
:0477C40000000000C1
:0477C50000000000C0
:0477C60000000000BF
:0477C70000000000BE
:0477C80000000000BD
:0477C90000000000BC
:0477CA0000000000BB
:0477CB0000000000BA
:0477CC0000000000B9
:0477CD0000000000B8
:0477CE0000000000B7
:0477CF0000000000B6
:0477D00000000000B5
:0477D10000000000B4
:0477D20000000000B3
:0477D30000000000B2
:0477D40000000000B1
:0477D50000000000B0
:0477D60000000000AF
:0477D70000000000AE
:0477D80000000000AD
:0477D90000000000AC
:0477DA0000000000AB
:0477DB0000000000AA
:0477DC0000000000A9
:0477DD0000000000A8
:0477DE0000000000A7
:0477DF0000000000A6
:0477E00000000000A5
:0477E10000000000A4
:0477E20000000000A3
:0477E30000000000A2
:0477E40000000000A1
:0477E50000000000A0
:0477E600000000009F
:0477E700000000009E
:0477E800000000009D
:0477E900000000009C
:0477EA00000000009B
:0477EB00000000009A
:0477EC000000000099
:0477ED000000000098
:0477EE000000000097
:0477EF000000000096
:0477F0000000000095
:0477F1000000000094
:0477F2000000000093
:0477F3000000000092
:0477F4000000000091
:0477F5000000000090
:0477F600000000008F
:0477F700000000008E
:0477F800000000008D
:0477F900000000008C
:0477FA00000000008B
:0477FB00000000008A
:0477FC000000000089
:0477FD000000000088
:0477FE000000000087
:0477FF000000000086
:047800000000000084
:047801000000000083
:047802000000000082
:047803000000000081
:047804000000000080
:04780500000000007F
:04780600000000007E
:04780700000000007D
:04780800000000007C
:04780900000000007B
:04780A00000000007A
:04780B000000000079
:04780C000000000078
:04780D000000000077
:04780E000000000076
:04780F000000000075
:047810000000000074
:047811000000000073
:047812000000000072
:047813000000000071
:047814000000000070
:04781500000000006F
:04781600000000006E
:04781700000000006D
:04781800000000006C
:04781900000000006B
:04781A00000000006A
:04781B000000000069
:04781C000000000068
:04781D000000000067
:04781E000000000066
:04781F000000000065
:047820000000000064
:047821000000000063
:047822000000000062
:047823000000000061
:047824000000000060
:04782500000000005F
:04782600000000005E
:04782700000000005D
:04782800000000005C
:04782900000000005B
:04782A00000000005A
:04782B000000000059
:04782C000000000058
:04782D000000000057
:04782E000000000056
:04782F000000000055
:047830000000000054
:047831000000000053
:047832000000000052
:047833000000000051
:047834000000000050
:04783500000000004F
:04783600000000004E
:04783700000000004D
:04783800000000004C
:04783900000000004B
:04783A00000000004A
:04783B000000000049
:04783C000000000048
:04783D000000000047
:04783E000000000046
:04783F000000000045
:047840000000000044
:047841000000000043
:047842000000000042
:047843000000000041
:047844000000000040
:04784500000000003F
:04784600000000003E
:04784700000000003D
:04784800000000003C
:04784900000000003B
:04784A00000000003A
:04784B000000000039
:04784C000000000038
:04784D000000000037
:04784E000000000036
:04784F000000000035
:047850000000000034
:047851000000000033
:047852000000000032
:047853000000000031
:047854000000000030
:04785500000000002F
:04785600000000002E
:04785700000000002D
:04785800000000002C
:04785900000000002B
:04785A00000000002A
:04785B000000000029
:04785C000000000028
:04785D000000000027
:04785E000000000026
:04785F000000000025
:047860000000000024
:047861000000000023
:047862000000000022
:047863000000000021
:047864000000000020
:04786500000000001F
:04786600000000001E
:04786700000000001D
:04786800000000001C
:04786900000000001B
:04786A00000000001A
:04786B000000000019
:04786C000000000018
:04786D000000000017
:04786E000000000016
:04786F000000000015
:047870000000000014
:047871000000000013
:047872000000000012
:047873000000000011
:047874000000000010
:04787500000000000F
:04787600000000000E
:04787700000000000D
:04787800000000000C
:04787900000000000B
:04787A00000000000A
:04787B000000000009
:04787C000000000008
:04787D000000000007
:04787E000000000006
:04787F000000000005
:047880000000000004
:047881000000000003
:047882000000000002
:047883000000000001
:047884000000000000
:0478850000000000FF
:0478860000000000FE
:0478870000000000FD
:0478880000000000FC
:0478890000000000FB
:04788A0000000000FA
:04788B0000000000F9
:04788C0000000000F8
:04788D0000000000F7
:04788E0000000000F6
:04788F0000000000F5
:0478900000000000F4
:0478910000000000F3
:0478920000000000F2
:0478930000000000F1
:0478940000000000F0
:0478950000000000EF
:0478960000000000EE
:0478970000000000ED
:0478980000000000EC
:0478990000000000EB
:04789A0000000000EA
:04789B0000000000E9
:04789C0000000000E8
:04789D0000000000E7
:04789E0000000000E6
:04789F0000000000E5
:0478A00000000000E4
:0478A10000000000E3
:0478A20000000000E2
:0478A30000000000E1
:0478A40000000000E0
:0478A50000000000DF
:0478A60000000000DE
:0478A70000000000DD
:0478A80000000000DC
:0478A90000000000DB
:0478AA0000000000DA
:0478AB0000000000D9
:0478AC0000000000D8
:0478AD0000000000D7
:0478AE0000000000D6
:0478AF0000000000D5
:0478B00000000000D4
:0478B10000000000D3
:0478B20000000000D2
:0478B30000000000D1
:0478B40000000000D0
:0478B50000000000CF
:0478B60000000000CE
:0478B70000000000CD
:0478B80000000000CC
:0478B90000000000CB
:0478BA0000000000CA
:0478BB0000000000C9
:0478BC0000000000C8
:0478BD0000000000C7
:0478BE0000000000C6
:0478BF0000000000C5
:0478C00000000000C4
:0478C10000000000C3
:0478C20000000000C2
:0478C30000000000C1
:0478C40000000000C0
:0478C50000000000BF
:0478C60000000000BE
:0478C70000000000BD
:0478C80000000000BC
:0478C90000000000BB
:0478CA0000000000BA
:0478CB0000000000B9
:0478CC0000000000B8
:0478CD0000000000B7
:0478CE0000000000B6
:0478CF0000000000B5
:0478D00000000000B4
:0478D10000000000B3
:0478D20000000000B2
:0478D30000000000B1
:0478D40000000000B0
:0478D50000000000AF
:0478D60000000000AE
:0478D70000000000AD
:0478D80000000000AC
:0478D90000000000AB
:0478DA0000000000AA
:0478DB0000000000A9
:0478DC0000000000A8
:0478DD0000000000A7
:0478DE0000000000A6
:0478DF0000000000A5
:0478E00000000000A4
:0478E10000000000A3
:0478E20000000000A2
:0478E30000000000A1
:0478E40000000000A0
:0478E500000000009F
:0478E600000000009E
:0478E700000000009D
:0478E800000000009C
:0478E900000000009B
:0478EA00000000009A
:0478EB000000000099
:0478EC000000000098
:0478ED000000000097
:0478EE000000000096
:0478EF000000000095
:0478F0000000000094
:0478F1000000000093
:0478F2000000000092
:0478F3000000000091
:0478F4000000000090
:0478F500000000008F
:0478F600000000008E
:0478F700000000008D
:0478F800000000008C
:0478F900000000008B
:0478FA00000000008A
:0478FB000000000089
:0478FC000000000088
:0478FD000000000087
:0478FE000000000086
:0478FF000000000085
:047900000000000083
:047901000000000082
:047902000000000081
:047903000000000080
:04790400000000007F
:04790500000000007E
:04790600000000007D
:04790700000000007C
:04790800000000007B
:04790900000000007A
:04790A000000000079
:04790B000000000078
:04790C000000000077
:04790D000000000076
:04790E000000000075
:04790F000000000074
:047910000000000073
:047911000000000072
:047912000000000071
:047913000000000070
:04791400000000006F
:04791500000000006E
:04791600000000006D
:04791700000000006C
:04791800000000006B
:04791900000000006A
:04791A000000000069
:04791B000000000068
:04791C000000000067
:04791D000000000066
:04791E000000000065
:04791F000000000064
:047920000000000063
:047921000000000062
:047922000000000061
:047923000000000060
:04792400000000005F
:04792500000000005E
:04792600000000005D
:04792700000000005C
:04792800000000005B
:04792900000000005A
:04792A000000000059
:04792B000000000058
:04792C000000000057
:04792D000000000056
:04792E000000000055
:04792F000000000054
:047930000000000053
:047931000000000052
:047932000000000051
:047933000000000050
:04793400000000004F
:04793500000000004E
:04793600000000004D
:04793700000000004C
:04793800000000004B
:04793900000000004A
:04793A000000000049
:04793B000000000048
:04793C000000000047
:04793D000000000046
:04793E000000000045
:04793F000000000044
:047940000000000043
:047941000000000042
:047942000000000041
:047943000000000040
:04794400000000003F
:04794500000000003E
:04794600000000003D
:04794700000000003C
:04794800000000003B
:04794900000000003A
:04794A000000000039
:04794B000000000038
:04794C000000000037
:04794D000000000036
:04794E000000000035
:04794F000000000034
:047950000000000033
:047951000000000032
:047952000000000031
:047953000000000030
:04795400000000002F
:04795500000000002E
:04795600000000002D
:04795700000000002C
:04795800000000002B
:04795900000000002A
:04795A000000000029
:04795B000000000028
:04795C000000000027
:04795D000000000026
:04795E000000000025
:04795F000000000024
:047960000000000023
:047961000000000022
:047962000000000021
:047963000000000020
:04796400000000001F
:04796500000000001E
:04796600000000001D
:04796700000000001C
:04796800000000001B
:04796900000000001A
:04796A000000000019
:04796B000000000018
:04796C000000000017
:04796D000000000016
:04796E000000000015
:04796F000000000014
:047970000000000013
:047971000000000012
:047972000000000011
:047973000000000010
:04797400000000000F
:04797500000000000E
:04797600000000000D
:04797700000000000C
:04797800000000000B
:04797900000000000A
:04797A000000000009
:04797B000000000008
:04797C000000000007
:04797D000000000006
:04797E000000000005
:04797F000000000004
:047980000000000003
:047981000000000002
:047982000000000001
:047983000000000000
:0479840000000000FF
:0479850000000000FE
:0479860000000000FD
:0479870000000000FC
:0479880000000000FB
:0479890000000000FA
:04798A0000000000F9
:04798B0000000000F8
:04798C0000000000F7
:04798D0000000000F6
:04798E0000000000F5
:04798F0000000000F4
:0479900000000000F3
:0479910000000000F2
:0479920000000000F1
:0479930000000000F0
:0479940000000000EF
:0479950000000000EE
:0479960000000000ED
:0479970000000000EC
:0479980000000000EB
:0479990000000000EA
:04799A0000000000E9
:04799B0000000000E8
:04799C0000000000E7
:04799D0000000000E6
:04799E0000000000E5
:04799F0000000000E4
:0479A00000000000E3
:0479A10000000000E2
:0479A20000000000E1
:0479A30000000000E0
:0479A40000000000DF
:0479A50000000000DE
:0479A60000000000DD
:0479A70000000000DC
:0479A80000000000DB
:0479A90000000000DA
:0479AA0000000000D9
:0479AB0000000000D8
:0479AC0000000000D7
:0479AD0000000000D6
:0479AE0000000000D5
:0479AF0000000000D4
:0479B00000000000D3
:0479B10000000000D2
:0479B20000000000D1
:0479B30000000000D0
:0479B40000000000CF
:0479B50000000000CE
:0479B60000000000CD
:0479B70000000000CC
:0479B80000000000CB
:0479B90000000000CA
:0479BA0000000000C9
:0479BB0000000000C8
:0479BC0000000000C7
:0479BD0000000000C6
:0479BE0000000000C5
:0479BF0000000000C4
:0479C00000000000C3
:0479C10000000000C2
:0479C20000000000C1
:0479C30000000000C0
:0479C40000000000BF
:0479C50000000000BE
:0479C60000000000BD
:0479C70000000000BC
:0479C80000000000BB
:0479C90000000000BA
:0479CA0000000000B9
:0479CB0000000000B8
:0479CC0000000000B7
:0479CD0000000000B6
:0479CE0000000000B5
:0479CF0000000000B4
:0479D00000000000B3
:0479D10000000000B2
:0479D20000000000B1
:0479D30000000000B0
:0479D40000000000AF
:0479D50000000000AE
:0479D60000000000AD
:0479D70000000000AC
:0479D80000000000AB
:0479D90000000000AA
:0479DA0000000000A9
:0479DB0000000000A8
:0479DC0000000000A7
:0479DD0000000000A6
:0479DE0000000000A5
:0479DF0000000000A4
:0479E00000000000A3
:0479E10000000000A2
:0479E20000000000A1
:0479E30000000000A0
:0479E400000000009F
:0479E500000000009E
:0479E600000000009D
:0479E700000000009C
:0479E800000000009B
:0479E900000000009A
:0479EA000000000099
:0479EB000000000098
:0479EC000000000097
:0479ED000000000096
:0479EE000000000095
:0479EF000000000094
:0479F0000000000093
:0479F1000000000092
:0479F2000000000091
:0479F3000000000090
:0479F400000000008F
:0479F500000000008E
:0479F600000000008D
:0479F700000000008C
:0479F800000000008B
:0479F900000000008A
:0479FA000000000089
:0479FB000000000088
:0479FC000000000087
:0479FD000000000086
:0479FE000000000085
:0479FF000000000084
:047A00000000000082
:047A01000000000081
:047A02000000000080
:047A0300000000007F
:047A0400000000007E
:047A0500000000007D
:047A0600000000007C
:047A0700000000007B
:047A0800000000007A
:047A09000000000079
:047A0A000000000078
:047A0B000000000077
:047A0C000000000076
:047A0D000000000075
:047A0E000000000074
:047A0F000000000073
:047A10000000000072
:047A11000000000071
:047A12000000000070
:047A1300000000006F
:047A1400000000006E
:047A1500000000006D
:047A1600000000006C
:047A1700000000006B
:047A1800000000006A
:047A19000000000069
:047A1A000000000068
:047A1B000000000067
:047A1C000000000066
:047A1D000000000065
:047A1E000000000064
:047A1F000000000063
:047A20000000000062
:047A21000000000061
:047A22000000000060
:047A2300000000005F
:047A2400000000005E
:047A2500000000005D
:047A2600000000005C
:047A2700000000005B
:047A2800000000005A
:047A29000000000059
:047A2A000000000058
:047A2B000000000057
:047A2C000000000056
:047A2D000000000055
:047A2E000000000054
:047A2F000000000053
:047A30000000000052
:047A31000000000051
:047A32000000000050
:047A3300000000004F
:047A3400000000004E
:047A3500000000004D
:047A3600000000004C
:047A3700000000004B
:047A3800000000004A
:047A39000000000049
:047A3A000000000048
:047A3B000000000047
:047A3C000000000046
:047A3D000000000045
:047A3E000000000044
:047A3F000000000043
:047A40000000000042
:047A41000000000041
:047A42000000000040
:047A4300000000003F
:047A4400000000003E
:047A4500000000003D
:047A4600000000003C
:047A4700000000003B
:047A4800000000003A
:047A49000000000039
:047A4A000000000038
:047A4B000000000037
:047A4C000000000036
:047A4D000000000035
:047A4E000000000034
:047A4F000000000033
:047A50000000000032
:047A51000000000031
:047A52000000000030
:047A5300000000002F
:047A5400000000002E
:047A5500000000002D
:047A5600000000002C
:047A5700000000002B
:047A5800000000002A
:047A59000000000029
:047A5A000000000028
:047A5B000000000027
:047A5C000000000026
:047A5D000000000025
:047A5E000000000024
:047A5F000000000023
:047A60000000000022
:047A61000000000021
:047A62000000000020
:047A6300000000001F
:047A6400000000001E
:047A6500000000001D
:047A6600000000001C
:047A6700000000001B
:047A6800000000001A
:047A69000000000019
:047A6A000000000018
:047A6B000000000017
:047A6C000000000016
:047A6D000000000015
:047A6E000000000014
:047A6F000000000013
:047A70000000000012
:047A71000000000011
:047A72000000000010
:047A7300000000000F
:047A7400000000000E
:047A7500000000000D
:047A7600000000000C
:047A7700000000000B
:047A7800000000000A
:047A79000000000009
:047A7A000000000008
:047A7B000000000007
:047A7C000000000006
:047A7D000000000005
:047A7E000000000004
:047A7F000000000003
:047A80000000000002
:047A81000000000001
:047A82000000000000
:047A830000000000FF
:047A840000000000FE
:047A850000000000FD
:047A860000000000FC
:047A870000000000FB
:047A880000000000FA
:047A890000000000F9
:047A8A0000000000F8
:047A8B0000000000F7
:047A8C0000000000F6
:047A8D0000000000F5
:047A8E0000000000F4
:047A8F0000000000F3
:047A900000000000F2
:047A910000000000F1
:047A920000000000F0
:047A930000000000EF
:047A940000000000EE
:047A950000000000ED
:047A960000000000EC
:047A970000000000EB
:047A980000000000EA
:047A990000000000E9
:047A9A0000000000E8
:047A9B0000000000E7
:047A9C0000000000E6
:047A9D0000000000E5
:047A9E0000000000E4
:047A9F0000000000E3
:047AA00000000000E2
:047AA10000000000E1
:047AA20000000000E0
:047AA30000000000DF
:047AA40000000000DE
:047AA50000000000DD
:047AA60000000000DC
:047AA70000000000DB
:047AA80000000000DA
:047AA90000000000D9
:047AAA0000000000D8
:047AAB0000000000D7
:047AAC0000000000D6
:047AAD0000000000D5
:047AAE0000000000D4
:047AAF0000000000D3
:047AB00000000000D2
:047AB10000000000D1
:047AB20000000000D0
:047AB30000000000CF
:047AB40000000000CE
:047AB50000000000CD
:047AB60000000000CC
:047AB70000000000CB
:047AB80000000000CA
:047AB90000000000C9
:047ABA0000000000C8
:047ABB0000000000C7
:047ABC0000000000C6
:047ABD0000000000C5
:047ABE0000000000C4
:047ABF0000000000C3
:047AC00000000000C2
:047AC10000000000C1
:047AC20000000000C0
:047AC30000000000BF
:047AC40000000000BE
:047AC50000000000BD
:047AC60000000000BC
:047AC70000000000BB
:047AC80000000000BA
:047AC90000000000B9
:047ACA0000000000B8
:047ACB0000000000B7
:047ACC0000000000B6
:047ACD0000000000B5
:047ACE0000000000B4
:047ACF0000000000B3
:047AD00000000000B2
:047AD10000000000B1
:047AD20000000000B0
:047AD30000000000AF
:047AD40000000000AE
:047AD50000000000AD
:047AD60000000000AC
:047AD70000000000AB
:047AD80000000000AA
:047AD90000000000A9
:047ADA0000000000A8
:047ADB0000000000A7
:047ADC0000000000A6
:047ADD0000000000A5
:047ADE0000000000A4
:047ADF0000000000A3
:047AE00000000000A2
:047AE10000000000A1
:047AE20000000000A0
:047AE300000000009F
:047AE400000000009E
:047AE500000000009D
:047AE600000000009C
:047AE700000000009B
:047AE800000000009A
:047AE9000000000099
:047AEA000000000098
:047AEB000000000097
:047AEC000000000096
:047AED000000000095
:047AEE000000000094
:047AEF000000000093
:047AF0000000000092
:047AF1000000000091
:047AF2000000000090
:047AF300000000008F
:047AF400000000008E
:047AF500000000008D
:047AF600000000008C
:047AF700000000008B
:047AF800000000008A
:047AF9000000000089
:047AFA000000000088
:047AFB000000000087
:047AFC000000000086
:047AFD000000000085
:047AFE000000000084
:047AFF000000000083
:047B00000000000081
:047B01000000000080
:047B0200000000007F
:047B0300000000007E
:047B0400000000007D
:047B0500000000007C
:047B0600000000007B
:047B0700000000007A
:047B08000000000079
:047B09000000000078
:047B0A000000000077
:047B0B000000000076
:047B0C000000000075
:047B0D000000000074
:047B0E000000000073
:047B0F000000000072
:047B10000000000071
:047B11000000000070
:047B1200000000006F
:047B1300000000006E
:047B1400000000006D
:047B1500000000006C
:047B1600000000006B
:047B1700000000006A
:047B18000000000069
:047B19000000000068
:047B1A000000000067
:047B1B000000000066
:047B1C000000000065
:047B1D000000000064
:047B1E000000000063
:047B1F000000000062
:047B20000000000061
:047B21000000000060
:047B2200000000005F
:047B2300000000005E
:047B2400000000005D
:047B2500000000005C
:047B2600000000005B
:047B2700000000005A
:047B28000000000059
:047B29000000000058
:047B2A000000000057
:047B2B000000000056
:047B2C000000000055
:047B2D000000000054
:047B2E000000000053
:047B2F000000000052
:047B30000000000051
:047B31000000000050
:047B3200000000004F
:047B3300000000004E
:047B3400000000004D
:047B3500000000004C
:047B3600000000004B
:047B3700000000004A
:047B38000000000049
:047B39000000000048
:047B3A000000000047
:047B3B000000000046
:047B3C000000000045
:047B3D000000000044
:047B3E000000000043
:047B3F000000000042
:047B40000000000041
:047B41000000000040
:047B4200000000003F
:047B4300000000003E
:047B4400000000003D
:047B4500000000003C
:047B4600000000003B
:047B4700000000003A
:047B48000000000039
:047B49000000000038
:047B4A000000000037
:047B4B000000000036
:047B4C000000000035
:047B4D000000000034
:047B4E000000000033
:047B4F000000000032
:047B50000000000031
:047B51000000000030
:047B5200000000002F
:047B5300000000002E
:047B5400000000002D
:047B5500000000002C
:047B5600000000002B
:047B5700000000002A
:047B58000000000029
:047B59000000000028
:047B5A000000000027
:047B5B000000000026
:047B5C000000000025
:047B5D000000000024
:047B5E000000000023
:047B5F000000000022
:047B60000000000021
:047B61000000000020
:047B6200000000001F
:047B6300000000001E
:047B6400000000001D
:047B6500000000001C
:047B6600000000001B
:047B6700000000001A
:047B68000000000019
:047B69000000000018
:047B6A000000000017
:047B6B000000000016
:047B6C000000000015
:047B6D000000000014
:047B6E000000000013
:047B6F000000000012
:047B70000000000011
:047B71000000000010
:047B7200000000000F
:047B7300000000000E
:047B7400000000000D
:047B7500000000000C
:047B7600000000000B
:047B7700000000000A
:047B78000000000009
:047B79000000000008
:047B7A000000000007
:047B7B000000000006
:047B7C000000000005
:047B7D000000000004
:047B7E000000000003
:047B7F000000000002
:047B80000000000001
:047B81000000000000
:047B820000000000FF
:047B830000000000FE
:047B840000000000FD
:047B850000000000FC
:047B860000000000FB
:047B870000000000FA
:047B880000000000F9
:047B890000000000F8
:047B8A0000000000F7
:047B8B0000000000F6
:047B8C0000000000F5
:047B8D0000000000F4
:047B8E0000000000F3
:047B8F0000000000F2
:047B900000000000F1
:047B910000000000F0
:047B920000000000EF
:047B930000000000EE
:047B940000000000ED
:047B950000000000EC
:047B960000000000EB
:047B970000000000EA
:047B980000000000E9
:047B990000000000E8
:047B9A0000000000E7
:047B9B0000000000E6
:047B9C0000000000E5
:047B9D0000000000E4
:047B9E0000000000E3
:047B9F0000000000E2
:047BA00000000000E1
:047BA10000000000E0
:047BA20000000000DF
:047BA30000000000DE
:047BA40000000000DD
:047BA50000000000DC
:047BA60000000000DB
:047BA70000000000DA
:047BA80000000000D9
:047BA90000000000D8
:047BAA0000000000D7
:047BAB0000000000D6
:047BAC0000000000D5
:047BAD0000000000D4
:047BAE0000000000D3
:047BAF0000000000D2
:047BB00000000000D1
:047BB10000000000D0
:047BB20000000000CF
:047BB30000000000CE
:047BB40000000000CD
:047BB50000000000CC
:047BB60000000000CB
:047BB70000000000CA
:047BB80000000000C9
:047BB90000000000C8
:047BBA0000000000C7
:047BBB0000000000C6
:047BBC0000000000C5
:047BBD0000000000C4
:047BBE0000000000C3
:047BBF0000000000C2
:047BC00000000000C1
:047BC10000000000C0
:047BC20000000000BF
:047BC30000000000BE
:047BC40000000000BD
:047BC50000000000BC
:047BC60000000000BB
:047BC70000000000BA
:047BC80000000000B9
:047BC90000000000B8
:047BCA0000000000B7
:047BCB0000000000B6
:047BCC0000000000B5
:047BCD0000000000B4
:047BCE0000000000B3
:047BCF0000000000B2
:047BD00000000000B1
:047BD10000000000B0
:047BD20000000000AF
:047BD30000000000AE
:047BD40000000000AD
:047BD50000000000AC
:047BD60000000000AB
:047BD70000000000AA
:047BD80000000000A9
:047BD90000000000A8
:047BDA0000000000A7
:047BDB0000000000A6
:047BDC0000000000A5
:047BDD0000000000A4
:047BDE0000000000A3
:047BDF0000000000A2
:047BE00000000000A1
:047BE10000000000A0
:047BE200000000009F
:047BE300000000009E
:047BE400000000009D
:047BE500000000009C
:047BE600000000009B
:047BE700000000009A
:047BE8000000000099
:047BE9000000000098
:047BEA000000000097
:047BEB000000000096
:047BEC000000000095
:047BED000000000094
:047BEE000000000093
:047BEF000000000092
:047BF0000000000091
:047BF1000000000090
:047BF200000000008F
:047BF300000000008E
:047BF400000000008D
:047BF500000000008C
:047BF600000000008B
:047BF700000000008A
:047BF8000000000089
:047BF9000000000088
:047BFA000000000087
:047BFB000000000086
:047BFC000000000085
:047BFD000000000084
:047BFE000000000083
:047BFF000000000082
:047C00000000000080
:047C0100000000007F
:047C0200000000007E
:047C0300000000007D
:047C0400000000007C
:047C0500000000007B
:047C0600000000007A
:047C07000000000079
:047C08000000000078
:047C09000000000077
:047C0A000000000076
:047C0B000000000075
:047C0C000000000074
:047C0D000000000073
:047C0E000000000072
:047C0F000000000071
:047C10000000000070
:047C1100000000006F
:047C1200000000006E
:047C1300000000006D
:047C1400000000006C
:047C1500000000006B
:047C1600000000006A
:047C17000000000069
:047C18000000000068
:047C19000000000067
:047C1A000000000066
:047C1B000000000065
:047C1C000000000064
:047C1D000000000063
:047C1E000000000062
:047C1F000000000061
:047C20000000000060
:047C2100000000005F
:047C2200000000005E
:047C2300000000005D
:047C2400000000005C
:047C2500000000005B
:047C2600000000005A
:047C27000000000059
:047C28000000000058
:047C29000000000057
:047C2A000000000056
:047C2B000000000055
:047C2C000000000054
:047C2D000000000053
:047C2E000000000052
:047C2F000000000051
:047C30000000000050
:047C3100000000004F
:047C3200000000004E
:047C3300000000004D
:047C3400000000004C
:047C3500000000004B
:047C3600000000004A
:047C37000000000049
:047C38000000000048
:047C39000000000047
:047C3A000000000046
:047C3B000000000045
:047C3C000000000044
:047C3D000000000043
:047C3E000000000042
:047C3F000000000041
:047C40000000000040
:047C4100000000003F
:047C4200000000003E
:047C4300000000003D
:047C4400000000003C
:047C4500000000003B
:047C4600000000003A
:047C47000000000039
:047C48000000000038
:047C49000000000037
:047C4A000000000036
:047C4B000000000035
:047C4C000000000034
:047C4D000000000033
:047C4E000000000032
:047C4F000000000031
:047C50000000000030
:047C5100000000002F
:047C5200000000002E
:047C5300000000002D
:047C5400000000002C
:047C5500000000002B
:047C5600000000002A
:047C57000000000029
:047C58000000000028
:047C59000000000027
:047C5A000000000026
:047C5B000000000025
:047C5C000000000024
:047C5D000000000023
:047C5E000000000022
:047C5F000000000021
:047C60000000000020
:047C6100000000001F
:047C6200000000001E
:047C6300000000001D
:047C6400000000001C
:047C6500000000001B
:047C6600000000001A
:047C67000000000019
:047C68000000000018
:047C69000000000017
:047C6A000000000016
:047C6B000000000015
:047C6C000000000014
:047C6D000000000013
:047C6E000000000012
:047C6F000000000011
:047C70000000000010
:047C7100000000000F
:047C7200000000000E
:047C7300000000000D
:047C7400000000000C
:047C7500000000000B
:047C7600000000000A
:047C77000000000009
:047C78000000000008
:047C79000000000007
:047C7A000000000006
:047C7B000000000005
:047C7C000000000004
:047C7D000000000003
:047C7E000000000002
:047C7F000000000001
:047C80000000000000
:047C810000000000FF
:047C820000000000FE
:047C830000000000FD
:047C840000000000FC
:047C850000000000FB
:047C860000000000FA
:047C870000000000F9
:047C880000000000F8
:047C890000000000F7
:047C8A0000000000F6
:047C8B0000000000F5
:047C8C0000000000F4
:047C8D0000000000F3
:047C8E0000000000F2
:047C8F0000000000F1
:047C900000000000F0
:047C910000000000EF
:047C920000000000EE
:047C930000000000ED
:047C940000000000EC
:047C950000000000EB
:047C960000000000EA
:047C970000000000E9
:047C980000000000E8
:047C990000000000E7
:047C9A0000000000E6
:047C9B0000000000E5
:047C9C0000000000E4
:047C9D0000000000E3
:047C9E0000000000E2
:047C9F0000000000E1
:047CA00000000000E0
:047CA10000000000DF
:047CA20000000000DE
:047CA30000000000DD
:047CA40000000000DC
:047CA50000000000DB
:047CA60000000000DA
:047CA70000000000D9
:047CA80000000000D8
:047CA90000000000D7
:047CAA0000000000D6
:047CAB0000000000D5
:047CAC0000000000D4
:047CAD0000000000D3
:047CAE0000000000D2
:047CAF0000000000D1
:047CB00000000000D0
:047CB10000000000CF
:047CB20000000000CE
:047CB30000000000CD
:047CB40000000000CC
:047CB50000000000CB
:047CB60000000000CA
:047CB70000000000C9
:047CB80000000000C8
:047CB90000000000C7
:047CBA0000000000C6
:047CBB0000000000C5
:047CBC0000000000C4
:047CBD0000000000C3
:047CBE0000000000C2
:047CBF0000000000C1
:047CC00000000000C0
:047CC10000000000BF
:047CC20000000000BE
:047CC30000000000BD
:047CC40000000000BC
:047CC50000000000BB
:047CC60000000000BA
:047CC70000000000B9
:047CC80000000000B8
:047CC90000000000B7
:047CCA0000000000B6
:047CCB0000000000B5
:047CCC0000000000B4
:047CCD0000000000B3
:047CCE0000000000B2
:047CCF0000000000B1
:047CD00000000000B0
:047CD10000000000AF
:047CD20000000000AE
:047CD30000000000AD
:047CD40000000000AC
:047CD50000000000AB
:047CD60000000000AA
:047CD70000000000A9
:047CD80000000000A8
:047CD90000000000A7
:047CDA0000000000A6
:047CDB0000000000A5
:047CDC0000000000A4
:047CDD0000000000A3
:047CDE0000000000A2
:047CDF0000000000A1
:047CE00000000000A0
:047CE100000000009F
:047CE200000000009E
:047CE300000000009D
:047CE400000000009C
:047CE500000000009B
:047CE600000000009A
:047CE7000000000099
:047CE8000000000098
:047CE9000000000097
:047CEA000000000096
:047CEB000000000095
:047CEC000000000094
:047CED000000000093
:047CEE000000000092
:047CEF000000000091
:047CF0000000000090
:047CF100000000008F
:047CF200000000008E
:047CF300000000008D
:047CF400000000008C
:047CF500000000008B
:047CF600000000008A
:047CF7000000000089
:047CF8000000000088
:047CF9000000000087
:047CFA000000000086
:047CFB000000000085
:047CFC000000000084
:047CFD000000000083
:047CFE000000000082
:047CFF000000000081
:047D0000000000007F
:047D0100000000007E
:047D0200000000007D
:047D0300000000007C
:047D0400000000007B
:047D0500000000007A
:047D06000000000079
:047D07000000000078
:047D08000000000077
:047D09000000000076
:047D0A000000000075
:047D0B000000000074
:047D0C000000000073
:047D0D000000000072
:047D0E000000000071
:047D0F000000000070
:047D1000000000006F
:047D1100000000006E
:047D1200000000006D
:047D1300000000006C
:047D1400000000006B
:047D1500000000006A
:047D16000000000069
:047D17000000000068
:047D18000000000067
:047D19000000000066
:047D1A000000000065
:047D1B000000000064
:047D1C000000000063
:047D1D000000000062
:047D1E000000000061
:047D1F000000000060
:047D2000000000005F
:047D2100000000005E
:047D2200000000005D
:047D2300000000005C
:047D2400000000005B
:047D2500000000005A
:047D26000000000059
:047D27000000000058
:047D28000000000057
:047D29000000000056
:047D2A000000000055
:047D2B000000000054
:047D2C000000000053
:047D2D000000000052
:047D2E000000000051
:047D2F000000000050
:047D3000000000004F
:047D3100000000004E
:047D3200000000004D
:047D3300000000004C
:047D3400000000004B
:047D3500000000004A
:047D36000000000049
:047D37000000000048
:047D38000000000047
:047D39000000000046
:047D3A000000000045
:047D3B000000000044
:047D3C000000000043
:047D3D000000000042
:047D3E000000000041
:047D3F000000000040
:047D4000000000003F
:047D4100000000003E
:047D4200000000003D
:047D4300000000003C
:047D4400000000003B
:047D4500000000003A
:047D46000000000039
:047D47000000000038
:047D48000000000037
:047D49000000000036
:047D4A000000000035
:047D4B000000000034
:047D4C000000000033
:047D4D000000000032
:047D4E000000000031
:047D4F000000000030
:047D5000000000002F
:047D5100000000002E
:047D5200000000002D
:047D5300000000002C
:047D5400000000002B
:047D5500000000002A
:047D56000000000029
:047D57000000000028
:047D58000000000027
:047D59000000000026
:047D5A000000000025
:047D5B000000000024
:047D5C000000000023
:047D5D000000000022
:047D5E000000000021
:047D5F000000000020
:047D6000000000001F
:047D6100000000001E
:047D6200000000001D
:047D6300000000001C
:047D6400000000001B
:047D6500000000001A
:047D66000000000019
:047D67000000000018
:047D68000000000017
:047D69000000000016
:047D6A000000000015
:047D6B000000000014
:047D6C000000000013
:047D6D000000000012
:047D6E000000000011
:047D6F000000000010
:047D7000000000000F
:047D7100000000000E
:047D7200000000000D
:047D7300000000000C
:047D7400000000000B
:047D7500000000000A
:047D76000000000009
:047D77000000000008
:047D78000000000007
:047D79000000000006
:047D7A000000000005
:047D7B000000000004
:047D7C000000000003
:047D7D000000000002
:047D7E000000000001
:047D7F000000000000
:047D800000000000FF
:047D810000000000FE
:047D820000000000FD
:047D830000000000FC
:047D840000000000FB
:047D850000000000FA
:047D860000000000F9
:047D870000000000F8
:047D880000000000F7
:047D890000000000F6
:047D8A0000000000F5
:047D8B0000000000F4
:047D8C0000000000F3
:047D8D0000000000F2
:047D8E0000000000F1
:047D8F0000000000F0
:047D900000000000EF
:047D910000000000EE
:047D920000000000ED
:047D930000000000EC
:047D940000000000EB
:047D950000000000EA
:047D960000000000E9
:047D970000000000E8
:047D980000000000E7
:047D990000000000E6
:047D9A0000000000E5
:047D9B0000000000E4
:047D9C0000000000E3
:047D9D0000000000E2
:047D9E0000000000E1
:047D9F0000000000E0
:047DA00000000000DF
:047DA10000000000DE
:047DA20000000000DD
:047DA30000000000DC
:047DA40000000000DB
:047DA50000000000DA
:047DA60000000000D9
:047DA70000000000D8
:047DA80000000000D7
:047DA90000000000D6
:047DAA0000000000D5
:047DAB0000000000D4
:047DAC0000000000D3
:047DAD0000000000D2
:047DAE0000000000D1
:047DAF0000000000D0
:047DB00000000000CF
:047DB10000000000CE
:047DB20000000000CD
:047DB30000000000CC
:047DB40000000000CB
:047DB50000000000CA
:047DB60000000000C9
:047DB70000000000C8
:047DB80000000000C7
:047DB90000000000C6
:047DBA0000000000C5
:047DBB0000000000C4
:047DBC0000000000C3
:047DBD0000000000C2
:047DBE0000000000C1
:047DBF0000000000C0
:047DC00000000000BF
:047DC10000000000BE
:047DC20000000000BD
:047DC30000000000BC
:047DC40000000000BB
:047DC50000000000BA
:047DC60000000000B9
:047DC70000000000B8
:047DC80000000000B7
:047DC90000000000B6
:047DCA0000000000B5
:047DCB0000000000B4
:047DCC0000000000B3
:047DCD0000000000B2
:047DCE0000000000B1
:047DCF0000000000B0
:047DD00000000000AF
:047DD10000000000AE
:047DD20000000000AD
:047DD30000000000AC
:047DD40000000000AB
:047DD50000000000AA
:047DD60000000000A9
:047DD70000000000A8
:047DD80000000000A7
:047DD90000000000A6
:047DDA0000000000A5
:047DDB0000000000A4
:047DDC0000000000A3
:047DDD0000000000A2
:047DDE0000000000A1
:047DDF0000000000A0
:047DE000000000009F
:047DE100000000009E
:047DE200000000009D
:047DE300000000009C
:047DE400000000009B
:047DE500000000009A
:047DE6000000000099
:047DE7000000000098
:047DE8000000000097
:047DE9000000000096
:047DEA000000000095
:047DEB000000000094
:047DEC000000000093
:047DED000000000092
:047DEE000000000091
:047DEF000000000090
:047DF000000000008F
:047DF100000000008E
:047DF200000000008D
:047DF300000000008C
:047DF400000000008B
:047DF500000000008A
:047DF6000000000089
:047DF7000000000088
:047DF8000000000087
:047DF9000000000086
:047DFA000000000085
:047DFB000000000084
:047DFC000000000083
:047DFD000000000082
:047DFE000000000081
:047DFF000000000080
:047E0000000000007E
:047E0100000000007D
:047E0200000000007C
:047E0300000000007B
:047E0400000000007A
:047E05000000000079
:047E06000000000078
:047E07000000000077
:047E08000000000076
:047E09000000000075
:047E0A000000000074
:047E0B000000000073
:047E0C000000000072
:047E0D000000000071
:047E0E000000000070
:047E0F00000000006F
:047E1000000000006E
:047E1100000000006D
:047E1200000000006C
:047E1300000000006B
:047E1400000000006A
:047E15000000000069
:047E16000000000068
:047E17000000000067
:047E18000000000066
:047E19000000000065
:047E1A000000000064
:047E1B000000000063
:047E1C000000000062
:047E1D000000000061
:047E1E000000000060
:047E1F00000000005F
:047E2000000000005E
:047E2100000000005D
:047E2200000000005C
:047E2300000000005B
:047E2400000000005A
:047E25000000000059
:047E26000000000058
:047E27000000000057
:047E28000000000056
:047E29000000000055
:047E2A000000000054
:047E2B000000000053
:047E2C000000000052
:047E2D000000000051
:047E2E000000000050
:047E2F00000000004F
:047E3000000000004E
:047E3100000000004D
:047E3200000000004C
:047E3300000000004B
:047E3400000000004A
:047E35000000000049
:047E36000000000048
:047E37000000000047
:047E38000000000046
:047E39000000000045
:047E3A000000000044
:047E3B000000000043
:047E3C000000000042
:047E3D000000000041
:047E3E000000000040
:047E3F00000000003F
:047E4000000000003E
:047E4100000000003D
:047E4200000000003C
:047E4300000000003B
:047E4400000000003A
:047E45000000000039
:047E46000000000038
:047E47000000000037
:047E48000000000036
:047E49000000000035
:047E4A000000000034
:047E4B000000000033
:047E4C000000000032
:047E4D000000000031
:047E4E000000000030
:047E4F00000000002F
:047E5000000000002E
:047E5100000000002D
:047E5200000000002C
:047E5300000000002B
:047E5400000000002A
:047E55000000000029
:047E56000000000028
:047E57000000000027
:047E58000000000026
:047E59000000000025
:047E5A000000000024
:047E5B000000000023
:047E5C000000000022
:047E5D000000000021
:047E5E000000000020
:047E5F00000000001F
:047E6000000000001E
:047E6100000000001D
:047E6200000000001C
:047E6300000000001B
:047E6400000000001A
:047E65000000000019
:047E66000000000018
:047E67000000000017
:047E68000000000016
:047E69000000000015
:047E6A000000000014
:047E6B000000000013
:047E6C000000000012
:047E6D000000000011
:047E6E000000000010
:047E6F00000000000F
:047E7000000000000E
:047E7100000000000D
:047E7200000000000C
:047E7300000000000B
:047E7400000000000A
:047E75000000000009
:047E76000000000008
:047E77000000000007
:047E78000000000006
:047E79000000000005
:047E7A000000000004
:047E7B000000000003
:047E7C000000000002
:047E7D000000000001
:047E7E000000000000
:047E7F0000000000FF
:047E800000000000FE
:047E810000000000FD
:047E820000000000FC
:047E830000000000FB
:047E840000000000FA
:047E850000000000F9
:047E860000000000F8
:047E870000000000F7
:047E880000000000F6
:047E890000000000F5
:047E8A0000000000F4
:047E8B0000000000F3
:047E8C0000000000F2
:047E8D0000000000F1
:047E8E0000000000F0
:047E8F0000000000EF
:047E900000000000EE
:047E910000000000ED
:047E920000000000EC
:047E930000000000EB
:047E940000000000EA
:047E950000000000E9
:047E960000000000E8
:047E970000000000E7
:047E980000000000E6
:047E990000000000E5
:047E9A0000000000E4
:047E9B0000000000E3
:047E9C0000000000E2
:047E9D0000000000E1
:047E9E0000000000E0
:047E9F0000000000DF
:047EA00000000000DE
:047EA10000000000DD
:047EA20000000000DC
:047EA30000000000DB
:047EA40000000000DA
:047EA50000000000D9
:047EA60000000000D8
:047EA70000000000D7
:047EA80000000000D6
:047EA90000000000D5
:047EAA0000000000D4
:047EAB0000000000D3
:047EAC0000000000D2
:047EAD0000000000D1
:047EAE0000000000D0
:047EAF0000000000CF
:047EB00000000000CE
:047EB10000000000CD
:047EB20000000000CC
:047EB30000000000CB
:047EB40000000000CA
:047EB50000000000C9
:047EB60000000000C8
:047EB70000000000C7
:047EB80000000000C6
:047EB90000000000C5
:047EBA0000000000C4
:047EBB0000000000C3
:047EBC0000000000C2
:047EBD0000000000C1
:047EBE0000000000C0
:047EBF0000000000BF
:047EC00000000000BE
:047EC10000000000BD
:047EC20000000000BC
:047EC30000000000BB
:047EC40000000000BA
:047EC50000000000B9
:047EC60000000000B8
:047EC70000000000B7
:047EC80000000000B6
:047EC90000000000B5
:047ECA0000000000B4
:047ECB0000000000B3
:047ECC0000000000B2
:047ECD0000000000B1
:047ECE0000000000B0
:047ECF0000000000AF
:047ED00000000000AE
:047ED10000000000AD
:047ED20000000000AC
:047ED30000000000AB
:047ED40000000000AA
:047ED50000000000A9
:047ED60000000000A8
:047ED70000000000A7
:047ED80000000000A6
:047ED90000000000A5
:047EDA0000000000A4
:047EDB0000000000A3
:047EDC0000000000A2
:047EDD0000000000A1
:047EDE0000000000A0
:047EDF00000000009F
:047EE000000000009E
:047EE100000000009D
:047EE200000000009C
:047EE300000000009B
:047EE400000000009A
:047EE5000000000099
:047EE6000000000098
:047EE7000000000097
:047EE8000000000096
:047EE9000000000095
:047EEA000000000094
:047EEB000000000093
:047EEC000000000092
:047EED000000000091
:047EEE000000000090
:047EEF00000000008F
:047EF000000000008E
:047EF100000000008D
:047EF200000000008C
:047EF300000000008B
:047EF400000000008A
:047EF5000000000089
:047EF6000000000088
:047EF7000000000087
:047EF8000000000086
:047EF9000000000085
:047EFA000000000084
:047EFB000000000083
:047EFC000000000082
:047EFD000000000081
:047EFE000000000080
:047EFF00000000007F
:047F0000000000007D
:047F0100000000007C
:047F0200000000007B
:047F0300000000007A
:047F04000000000079
:047F05000000000078
:047F06000000000077
:047F07000000000076
:047F08000000000075
:047F09000000000074
:047F0A000000000073
:047F0B000000000072
:047F0C000000000071
:047F0D000000000070
:047F0E00000000006F
:047F0F00000000006E
:047F1000000000006D
:047F1100000000006C
:047F1200000000006B
:047F1300000000006A
:047F14000000000069
:047F15000000000068
:047F16000000000067
:047F17000000000066
:047F18000000000065
:047F19000000000064
:047F1A000000000063
:047F1B000000000062
:047F1C000000000061
:047F1D000000000060
:047F1E00000000005F
:047F1F00000000005E
:047F2000000000005D
:047F2100000000005C
:047F2200000000005B
:047F2300000000005A
:047F24000000000059
:047F25000000000058
:047F26000000000057
:047F27000000000056
:047F28000000000055
:047F29000000000054
:047F2A000000000053
:047F2B000000000052
:047F2C000000000051
:047F2D000000000050
:047F2E00000000004F
:047F2F00000000004E
:047F3000000000004D
:047F3100000000004C
:047F3200000000004B
:047F3300000000004A
:047F34000000000049
:047F35000000000048
:047F36000000000047
:047F37000000000046
:047F38000000000045
:047F39000000000044
:047F3A000000000043
:047F3B000000000042
:047F3C000000000041
:047F3D000000000040
:047F3E00000000003F
:047F3F00000000003E
:047F4000000000003D
:047F4100000000003C
:047F4200000000003B
:047F4300000000003A
:047F44000000000039
:047F45000000000038
:047F46000000000037
:047F47000000000036
:047F48000000000035
:047F49000000000034
:047F4A000000000033
:047F4B000000000032
:047F4C000000000031
:047F4D000000000030
:047F4E00000000002F
:047F4F00000000002E
:047F5000000000002D
:047F5100000000002C
:047F5200000000002B
:047F5300000000002A
:047F54000000000029
:047F55000000000028
:047F56000000000027
:047F57000000000026
:047F58000000000025
:047F59000000000024
:047F5A000000000023
:047F5B000000000022
:047F5C000000000021
:047F5D000000000020
:047F5E00000000001F
:047F5F00000000001E
:047F6000000000001D
:047F6100000000001C
:047F6200000000001B
:047F6300000000001A
:047F64000000000019
:047F65000000000018
:047F66000000000017
:047F67000000000016
:047F68000000000015
:047F69000000000014
:047F6A000000000013
:047F6B000000000012
:047F6C000000000011
:047F6D000000000010
:047F6E00000000000F
:047F6F00000000000E
:047F7000000000000D
:047F7100000000000C
:047F7200000000000B
:047F7300000000000A
:047F74000000000009
:047F75000000000008
:047F76000000000007
:047F77000000000006
:047F78000000000005
:047F79000000000004
:047F7A000000000003
:047F7B000000000002
:047F7C000000000001
:047F7D000000000000
:047F7E0000000000FF
:047F7F0000000000FE
:047F800000000000FD
:047F810000000000FC
:047F820000000000FB
:047F830000000000FA
:047F840000000000F9
:047F850000000000F8
:047F860000000000F7
:047F870000000000F6
:047F880000000000F5
:047F890000000000F4
:047F8A0000000000F3
:047F8B0000000000F2
:047F8C0000000000F1
:047F8D0000000000F0
:047F8E0000000000EF
:047F8F0000000000EE
:047F900000000000ED
:047F910000000000EC
:047F920000000000EB
:047F930000000000EA
:047F940000000000E9
:047F950000000000E8
:047F960000000000E7
:047F970000000000E6
:047F980000000000E5
:047F990000000000E4
:047F9A0000000000E3
:047F9B0000000000E2
:047F9C0000000000E1
:047F9D0000000000E0
:047F9E0000000000DF
:047F9F0000000000DE
:047FA00000000000DD
:047FA10000000000DC
:047FA20000000000DB
:047FA30000000000DA
:047FA40000000000D9
:047FA50000000000D8
:047FA60000000000D7
:047FA70000000000D6
:047FA80000000000D5
:047FA90000000000D4
:047FAA0000000000D3
:047FAB0000000000D2
:047FAC0000000000D1
:047FAD0000000000D0
:047FAE0000000000CF
:047FAF0000000000CE
:047FB00000000000CD
:047FB10000000000CC
:047FB20000000000CB
:047FB30000000000CA
:047FB40000000000C9
:047FB50000000000C8
:047FB60000000000C7
:047FB70000000000C6
:047FB80000000000C5
:047FB90000000000C4
:047FBA0000000000C3
:047FBB0000000000C2
:047FBC0000000000C1
:047FBD0000000000C0
:047FBE0000000000BF
:047FBF0000000000BE
:047FC00000000000BD
:047FC10000000000BC
:047FC20000000000BB
:047FC30000000000BA
:047FC40000000000B9
:047FC50000000000B8
:047FC60000000000B7
:047FC70000000000B6
:047FC80000000000B5
:047FC90000000000B4
:047FCA0000000000B3
:047FCB0000000000B2
:047FCC0000000000B1
:047FCD0000000000B0
:047FCE0000000000AF
:047FCF0000000000AE
:047FD00000000000AD
:047FD10000000000AC
:047FD20000000000AB
:047FD30000000000AA
:047FD40000000000A9
:047FD50000000000A8
:047FD60000000000A7
:047FD70000000000A6
:047FD80000000000A5
:047FD90000000000A4
:047FDA0000000000A3
:047FDB0000000000A2
:047FDC0000000000A1
:047FDD0000000000A0
:047FDE00000000009F
:047FDF00000000009E
:047FE000000000009D
:047FE100000000009C
:047FE200000000009B
:047FE300000000009A
:047FE4000000000099
:047FE5000000000098
:047FE6000000000097
:047FE7000000000096
:047FE8000000000095
:047FE9000000000094
:047FEA000000000093
:047FEB000000000092
:047FEC000000000091
:047FED000000000090
:047FEE00000000008F
:047FEF00000000008E
:047FF000000000008D
:047FF100000000008C
:047FF200000000008B
:047FF300000000008A
:047FF4000000000089
:047FF5000000000088
:047FF6000000000087
:047FF7000000000086
:047FF8000000000085
:047FF9000000000084
:047FFA000000000083
:047FFB000000000082
:047FFC000000000081
:047FFD000000000080
:047FFE00000000007F
:047FFF00000000007E
:00000001FF
